case_id,citation,citation_style,year,court_or_series,number,volume,first_page,corpus_citation_count,parties,jade_href,parallel_citation,parallel_case_id,chunk_ref,page_ref,part_id,part_title,page_title,heading_path,chunk_ordinal,char_offset,occurrences_in_chunk,url,context
CASE/1894/RPC/11/518,(1894) 11 RPC 518,reported,1894,RPC,,11,518,1,,,,,TMM/Part22/10#1,TMM/Part22/10,Part22,Part 22 Section 41 - Capable of Distinguishing,"22.10. Phonetic equivalents, misspellings and combinations of known words","Part 22 Section 41 - Capable of Distinguishing > 22.10. Phonetic equivalents, misspellings and combinations of known words",1,1109,1,https://manuals.ipaustralia.gov.au/trademark/10.-phonetic-equivalents-misspellings-and-combinations-of-known-words,tographic Material Co's Appn (1898) 15 RPC 476 (‘Solio’)). Minor variations in spelling Adjectival form of words (see Sir Titus Salt's Appn (1894) 11 RPC 518 (‘Eboline’) and also Angelides v James Stedman Henderson Sweets Ltd (1927) 40 CLR 43 (‘Minties’)). Combinations of two or more known words 
CASE/1897/VLR/22/636,(1897) 22 VLR 636,reported,1897,VLR,,22,636,1,,,,,TMM/Part46/4/4/1/3,TMM/Part46/4,Part46,Part 46 Grounds for Opposition to Registration or Protection,Part 46.4. Grounds for opposition to registration of national trade marks,Part 46 Grounds for Opposition to Registration or Protection > Part 46.4. Grounds for opposition to registration of national trade marks > 4.1.3 Same goods or services,5,57,1,https://manuals.ipaustralia.gov.au/trademark/4.-grounds-for-opposition-to-registration-of-national-trade-marks,According to Re Hicks’ Trade Mark; Ex parte Metters Bros (1897) 22 VLR 636 the use must be in relation to goods or services that are “the same kind of thing” as the specified goods or services. This requirement was
CASE/1898/RPC/15/476,(1898) 15 RPC 476,reported,1898,RPC,,15,476,1,,,,,TMM/Part22/10#1,TMM/Part22/10,Part22,Part 22 Section 41 - Capable of Distinguishing,"22.10. Phonetic equivalents, misspellings and combinations of known words","Part 22 Section 41 - Capable of Distinguishing > 22.10. Phonetic equivalents, misspellings and combinations of known words",1,998,1,https://manuals.ipaustralia.gov.au/trademark/10.-phonetic-equivalents-misspellings-and-combinations-of-known-words,tinguish are: The addition of a diminutive or a short and meaningless syllable to a known word (see Eastman Photographic Material Co's Appn (1898) 15 RPC 476 (‘Solio’)). Minor variations in spelling Adjectival form of words (see Sir Titus Salt's Appn (1894) 11 RPC 518 (‘Eboline’) and also Angelid
CASE/1898/AC/571,[1898] AC 571,neutral,1898,AC,571,,,1,,,,,TMM/Part22/11#1~2,TMM/Part22/11,Part22,Part 22 Section 41 - Capable of Distinguishing,22.11. Words in languages other than English,Part 22 Section 41 - Capable of Distinguishing > 22.11. Words in languages other than English,2,661,1,https://manuals.ipaustralia.gov.au/trademark/11.-words-in-languages-other-than-english,"be concerned with the relevant goods. [1] Eastman Photographic Materials Company v Comptroller-General of Patents, Designs, and Trade-marks [1898] AC 571 (“the Solio Case”), [2] Philippart v William Whiteley Ltd [1908] 2 Ch 274 (""the Diabolo Case"") [3] Howard Auto-Cultivators Ltd v Webb Indus"
CASE/1904/ROC/21/617,(1904) 21 ROC 617,reported,1904,ROC,,21,617,1,,,,,TMM/Part30/2/2/3,TMM/Part30/2,Part30,Part 30 Signs that are Scandalous and Use Contrary to Law,30.2. Scandalous signs,Part 30 Signs that are Scandalous and Use Contrary to Law > 30.2. Scandalous signs > 2.3,4,207,1,https://manuals.ipaustralia.gov.au/trademark/2.-scandalous-signs,"ecisions: Trade Mark Application No. 106321 by Eric Granville Mercy (1955) 25 AOJP 938 (‘Mecca’) In the Matter of Ellis & Co.’s Trade Marks (1904) 21 ROC 617 (‘Quaker’) The Mecca decision suggests that the trade mark: should be evaluated in the context of the ordinary people it might offend, and "
CASE/1909/RPC/26/837,(1909) 26 RPC 837,reported,1909,RPC,,26,837,1,,,,,TMM/Part22/9/9/3,TMM/Part22/9,Part22,Part 22 Section 41 - Capable of Distinguishing,22.9. Words,Part 22 Section 41 - Capable of Distinguishing > 22.9. Words > 9.3 Quality,4,489,1,https://manuals.ipaustralia.gov.au/trademark/9.-words,"ted to distinguish some goods or services but may be capable of distinguishing others. For guidance, see Joseph Crosfield & Sons Ltd's Appn (1909) 26 RPC 837, (‘Perfection’); Corning Glass Works Appn (1985) IPD 8061 (UK) (‘Magic’); Hawke (Aust) Ltd's Appn (1988) AIPC 90-525 (‘Timeless Creation’);"
CASE/1912/RPC/29/440,(1912) 29 RPC 440,reported,1912,RPC,,29,440,1,,,,,TMM/Part22/9/9/3,TMM/Part22/9,Part22,Part 22 Section 41 - Capable of Distinguishing,22.9. Words,Part 22 Section 41 - Capable of Distinguishing > 22.9. Words > 9.3 Quality,4,676,1,https://manuals.ipaustralia.gov.au/trademark/9.-words,s Works Appn (1985) IPD 8061 (UK) (‘Magic’); Hawke (Aust) Ltd's Appn (1988) AIPC 90-525 (‘Timeless Creation’); Thorne & Co Ltd v Sandow Ltd (1912) 29 RPC 440 (‘Health’).
CASE/1913/RPC/30/262,(1913) 30 RPC 262,reported,1913,RPC,,30,262,1,,,,,TMM/Part22/9/9/2,TMM/Part22/9,Part22,Part 22 Section 41 - Capable of Distinguishing,22.9. Words,Part 22 Section 41 - Capable of Distinguishing > 22.9. Words > 9.2 Kind,3,741,1,https://manuals.ipaustralia.gov.au/trademark/9.-words,opper case (1973) 128 CLR 417 (‘Whopper’); Matsushita Electrical Industrial Co Ltd's Appn (1989) 15 IPR 125 (‘Junior’); Colgate & Co's Appn (1913) 30 RPC 262 (‘Ribbon Dental Cream’); Associated Biscuits Ltd's Appn (1984) IPD 6133 (‘Sticklets’); Red Tulip Chocolates Pty Ltd's Appn (1984) 2 IPR 388
CASE/1913/RPC/30/660,(1913) 30 RPC 660,reported,1913,RPC,,30,660,1,,,,,TMM/Part21/6/6/2,TMM/Part21/6,Part21,Part 21 Non-traditional Signs,21.6. Sound (auditory) trade marks,Part 21 Non-traditional Signs > 21.6. Sound (auditory) trade marks > 6.2 Registrability of sounds as trade marks,3,740,1,https://manuals.ipaustralia.gov.au/trademark/6.-sound-auditory-trade-marks,k is to assess whether it is inherently adapted to distinguish the applicant's goods/services. The words of Lord Parker (W & G Du Cros Appn (1913) 30 RPC 660 at 672) should be taken into account here. The extent to which the trade mark is adapted to distinguish the applicant's goods and/or servic
CASE/1914/RPC/31/79,(1914) 31 RPC 79,reported,1914,RPC,,31,79,1,,,,,TMM/Part26/6/6/9,TMM/Part26/6,Part26,Part 26 Section 44 and Regulation 4.15A - Conflict with Other Signs,26.6. Factors to consider when comparing trade marks,Part 26 Section 44 and Regulation 4.15A - Conflict with Other Signs > 26.6. Factors to consider when comparing trade marks > 6.9 Type of customer,20,42,1,https://manuals.ipaustralia.gov.au/trademark/6.-factors-to-consider-when-comparing-trade-marks,"As was pointed out in Crook's Trade Mark, (1914) 31 RPC 79 at 85, a trade mark should not be barred from registration because “unusually stupid people, fools or idiots would be deceived”. A similar "
CASE/1924/AOJP/19/750,(1924) 19 AOJP 750,reported,1924,AOJP,,19,750,1,,,,,TMM/Part22/9/9/6,TMM/Part22/9,Part22,Part 22 Section 41 - Capable of Distinguishing,22.9. Words,Part 22 Section 41 - Capable of Distinguishing > 22.9. Words > 9.6 Value,7,229,1,https://manuals.ipaustralia.gov.au/trademark/9.-words,"rally inherently adapted to distinguish. Examples are TWO FOR ONE, MORE and WORTH THEIR WEIGHT IN GOLD (see Keystone Steel & Wire Co's Appn (1924) 19 AOJP 750 (‘Square Deal’)."
CASE/1924/RPC/41/658,(1924) 41 RPC 658,reported,1924,RPC,,41,658,1,,,,,TMM/Part21/3/3/10,TMM/Part21/3,Part21,Part 21 Non-traditional Signs,21.3. Shape (three-dimensional) trade marks,Part 21 Non-traditional Signs > 21.3. Shape (three-dimensional) trade marks > 3.10 Registered design as a trade mark,15,426,1,https://manuals.ipaustralia.gov.au/trademark/3.-shape-three-dimensional-trade-marks,"same three-dimensional object (United States Playing Card Co's Application [1908] 1 Ch 197; Charles Goodall & Son Ltd v John Waddington Ltd (1924) 41 RPC 658; Sobrefina S.A.'s Trade Mark Application [1974] RPC 672 at 680). However, the fact that features of shape and configuration of a container "
CASE/1924/RPC/42/264,(1924) 42 RPC 264,reported,1924,RPC,,42,264,1,,,,,TMM/Part26/6/6/1~1,TMM/Part26/6,Part26,Part 26 Section 44 and Regulation 4.15A - Conflict with Other Signs,26.6. Factors to consider when comparing trade marks,Part 26 Section 44 and Regulation 4.15A - Conflict with Other Signs > 26.6. Factors to consider when comparing trade marks > 6.1 Sound as well as appearance to be considered,2,391,1,https://manuals.ipaustralia.gov.au/trademark/6.-factors-to-consider-when-comparing-trade-marks," a trade mark, reference can be made to the words of Sargant LJ in the “ Tripcastroid” case, London Lubricants (1920) Limited's Application (1924) 42 RPC 264 at 279: The only similarity in the word “ Tripcastroid” to “ Castrol” is in the letters composing the centre of the new word. The terminati"
CASE/1925/CLR/37/305,(1925) 37 CLR 305,reported,1925,CLR,,37,305,1,,,,,TMM/Part22/15/15/3,TMM/Part22/15,Part22,Part 22 Section 41 - Capable of Distinguishing,22.15. Geographical names,Part 22 Section 41 - Capable of Distinguishing > 22.15. Geographical names > 15.3 Geographical names which have no inherent adaptation to distinguish,5,1758,1,https://manuals.ipaustralia.gov.au/trademark/15.-geographical-names,"ar of Trade Marks (1964) 111 CLR 511 (’Michigan’); Blount Inc v Registrar of Trade Marks (1998) 40 IPR 498 (‘Oregon’); Thomson v B. Seppelt (1925) 37 CLR 305 (’Great Western'); Harbin Brewing Co., Ltd [2012] ATMO 48 (11 May 2012) (‘Harbin’); Marriott Worldwide Corporation [2016] ATMO 1 (‘Fairfiel"
CASE/1925/RPC/42/264,(1925) 42 RPC 264,reported,1925,RPC,,42,264,1,,,,,TMM/Part26/6/6/6~2,TMM/Part26/6,Part26,Part 26 Section 44 and Regulation 4.15A - Conflict with Other Signs,26.6. Factors to consider when comparing trade marks,Part 26 Section 44 and Regulation 4.15A - Conflict with Other Signs > 26.6. Factors to consider when comparing trade marks > 6.6 Considering invented words,13,52,1,https://manuals.ipaustralia.gov.au/trademark/6.-factors-to-consider-when-comparing-trade-marks,"It was found in London Lubricants (1920) Ltd's Appn (1925) 42 RPC 264 that the beginning of words is accentuated in comparison with the end of the word so that 'the first syllable of a word is, as a rule, far "
CASE/1926/HCA/57,[1926] HCA 57,neutral,1926,HCA,57,,,1,,,,,TMM/Part19A/3/3/1,TMM/Part19A/3,Part19A,Part 19A Use of a Trade Mark,19A.3. Use 'in the course of trade',Part 19A Use of a Trade Mark > 19A.3. Use 'in the course of trade' > 3.1 Dealings,2,713,1,https://manuals.ipaustralia.gov.au/trademark/3.-use-in-the-course-of-trade,"in order to conclude that the trade mark had been used in relation to the goods. Similarly, in Blackadder v The Good Roads Machinery Co Inc [1926] HCA 57, an Australian company imported machinery from the United States bearing the American exporter’s trade mark but removed it and affixed its "
CASE/1927/CLR/40/43,(1927) 40 CLR 43,reported,1927,CLR,,40,43,1,,,,,TMM/Part22/10#1,TMM/Part22/10,Part22,Part 22 Section 41 - Capable of Distinguishing,"22.10. Phonetic equivalents, misspellings and combinations of known words","Part 22 Section 41 - Capable of Distinguishing > 22.10. Phonetic equivalents, misspellings and combinations of known words",1,1195,1,https://manuals.ipaustralia.gov.au/trademark/10.-phonetic-equivalents-misspellings-and-combinations-of-known-words,g Adjectival form of words (see Sir Titus Salt's Appn (1894) 11 RPC 518 (‘Eboline’) and also Angelides v James Stedman Henderson Sweets Ltd (1927) 40 CLR 43 (‘Minties’)). Combinations of two or more known words (see De Cordova v Vick Chemical Co (1951) 68 RPC 103 (‘Vapo-Rub’)).
CASE/1929/CLR/41/475,(1929) 41 CLR 475,reported,1929,CLR,,41,475,1,,,[1929] HCA 6,CASE/1929/HCA/6,TMM/Part26/6/6/4~2,TMM/Part26/6,Part26,Part 26 Section 44 and Regulation 4.15A - Conflict with Other Signs,26.6. Factors to consider when comparing trade marks,Part 26 Section 44 and Regulation 4.15A - Conflict with Other Signs > 26.6. Factors to consider when comparing trade marks > 6.4 Trade marks that share the same or similar element,8,2629,1,https://manuals.ipaustralia.gov.au/trademark/6.-factors-to-consider-when-comparing-trade-marks,ent has been used by a number of traders and should to some extent be discounted: Mond Staffordshire Refinery Co Ltd v Harlem [1929] HCA 6; (1929) 41 CLR 475 at 477–8; Wingate Marketing Pty Ltd v Levi Strauss & Co [1994] FCA 1001; (1994) 49 FCR 89 at 127; MID Sydney Pty Ltd v Australian Tourism C
CASE/1929/HCA/6,[1929] HCA 6,neutral,1929,HCA,6,,,1,,,(1929) 41 CLR 475,CASE/1929/CLR/41/475,TMM/Part26/6/6/4~2,TMM/Part26/6,Part26,Part 26 Section 44 and Regulation 4.15A - Conflict with Other Signs,26.6. Factors to consider when comparing trade marks,Part 26 Section 44 and Regulation 4.15A - Conflict with Other Signs > 26.6. Factors to consider when comparing trade marks > 6.4 Trade marks that share the same or similar element,8,2615,1,https://manuals.ipaustralia.gov.au/trademark/6.-factors-to-consider-when-comparing-trade-marks,he shared element has been used by a number of traders and should to some extent be discounted: Mond Staffordshire Refinery Co Ltd v Harlem [1929] HCA 6; (1929) 41 CLR 475 at 477–8; Wingate Marketing Pty Ltd v Levi Strauss & Co [1994] FCA 1001; (1994) 49 FCR 89 at 127; MID Sydney Pty Ltd v A
CASE/1931/RPC/48/477,(1931) 48 RPC 477,reported,1931,RPC,,48,477,1,,,,,TMM/Part26/6/6/1~1,TMM/Part26/6,Part26,Part 26 Section 44 and Regulation 4.15A - Conflict with Other Signs,26.6. Factors to consider when comparing trade marks,Part 26 Section 44 and Regulation 4.15A - Conflict with Other Signs > 26.6. Factors to consider when comparing trade marks > 6.1 Sound as well as appearance to be considered,2,1501,1,https://manuals.ipaustralia.gov.au/trademark/6.-factors-to-consider-when-comparing-trade-marks,tively similar; Bayer’s Application (1947) 64 RPC 125 where DIASIL and ALASIL were held to be not deceptively similar; Magdalena Securities (1931) 48 RPC 477 (Ucolite)where it was held UCOLITE and COALITE were deceptively similar. Clipsal Australia Pty Ltd v Clipso Electrical Pty Ltd (No 3) [2017
CASE/1932/RPC/49/195,(1932) 49 RPC 195,reported,1932,RPC,,49,195,2,,,,,TMM/Part28/3/3/1~5,TMM/Part28/3,Part28,"Part 28 Honest Concurrent Use, Prior Use or Other Circumstances",28.3. Examining evidence of honest concurrent use - the five criteria,"Part 28 Honest Concurrent Use, Prior Use or Other Circumstances > 28.3. Examining evidence of honest concurrent use - the five criteria > 3.1 The honesty or otherwise of the concurrent use",6,1903,1,https://manuals.ipaustralia.gov.au/trademark/3.-examining-evidence-of-honest-concurrent-use---the-five-criteria,"h are likely to cause confusion and which would otherwise fail on the tests of ss 44(1) or 44(2) (see Re Alex Pirie & Son Ltd’s Application (1932) 49 RPC 195 and (1933) 50 RPC 147). As such, even a high likelihood of confusion (such as that posed by identical marks) does not bar registration unde"
CASE/1932/RPC/49/195,(1932) 49 RPC 195,reported,1932,RPC,,49,195,2,,,,,TMM/Part28/3/3/4~1,TMM/Part28/3,Part28,"Part 28 Honest Concurrent Use, Prior Use or Other Circumstances",28.3. Examining evidence of honest concurrent use - the five criteria,"Part 28 Honest Concurrent Use, Prior Use or Other Circumstances > 28.3. Examining evidence of honest concurrent use - the five criteria > 3.2 The degree of confusion that is likely between the trade marks in question > 3.4 The extent of use in duration, area and volume",13,1883,1,https://manuals.ipaustralia.gov.au/trademark/3.-examining-evidence-of-honest-concurrent-use---the-five-criteria,"s. In ‘Granada’ Trade Mark [1979] RPC 303, 3 years use prior to filing was considered sufficient. In Re Alex Pirie & Sons Ltd’s Application (1932) 49 RPC 195, 6 years use was demonstrated, and in Re John Fitton & Co Ltd’s Application (1949) 66 RPC 110, the application was allowed based on use ove"
CASE/1933/RPC/50/147,(1933) 50 RPC 147,reported,1933,RPC,,50,147,2,,,,,TMM/Part28/2#1,TMM/Part28/2,Part28,"Part 28 Honest Concurrent Use, Prior Use or Other Circumstances",28.2. Honest concurrent use - para 44(3)(a),"Part 28 Honest Concurrent Use, Prior Use or Other Circumstances > 28.2. Honest concurrent use - para 44(3)(a)",1,1073,1,https://manuals.ipaustralia.gov.au/trademark/2.-honest-concurrent-use---paragraph-443a, when applying s 34(1) of the 1955 Act (the equivalent of para 44(3)(a) of the 1995 Act) were set out by Lord Tomlin in Pirie’s Application (1933) 50 RPC 147. In John Fitton & Company Limited's application for a trade mark (1949) 66 RPC 110 the Assistant Comptroller refined those criteria to a li
CASE/1933/RPC/50/147,(1933) 50 RPC 147,reported,1933,RPC,,50,147,2,,,,,TMM/Part28/3/3/1~5,TMM/Part28/3,Part28,"Part 28 Honest Concurrent Use, Prior Use or Other Circumstances",28.3. Examining evidence of honest concurrent use - the five criteria,"Part 28 Honest Concurrent Use, Prior Use or Other Circumstances > 28.3. Examining evidence of honest concurrent use - the five criteria > 3.1 The honesty or otherwise of the concurrent use",6,1925,1,https://manuals.ipaustralia.gov.au/trademark/3.-examining-evidence-of-honest-concurrent-use---the-five-criteria,"confusion and which would otherwise fail on the tests of ss 44(1) or 44(2) (see Re Alex Pirie & Son Ltd’s Application (1932) 49 RPC 195 and (1933) 50 RPC 147). As such, even a high likelihood of confusion (such as that posed by identical marks) does not bar registration under s 44(3)(a), although"
CASE/1935/RPC/52/136,(1935) 52 RPC 136,reported,1935,RPC,,52,136,1,,,,,TMM/Part26/6/6/6~1,TMM/Part26/6,Part26,Part 26 Section 44 and Regulation 4.15A - Conflict with Other Signs,26.6. Factors to consider when comparing trade marks,Part 26 Section 44 and Regulation 4.15A - Conflict with Other Signs > 26.6. Factors to consider when comparing trade marks > 6.6 Considering invented words,12,167,1,https://manuals.ipaustralia.gov.au/trademark/6.-factors-to-consider-when-comparing-trade-marks,"sibility of deception and confusion between words which are not in common use in the language. In William Bailey (Birmingham) Ltd.’s Appln. (1935) 52 RPC 136, Farwell J said at [153]: No doubt in the case of a fancy or invented word, a word which is not in use in the English language, the possibi"
CASE/1936/RPC/53/355,(1936) 53 RPC 355,reported,1936,RPC,,53,355,1,,,,,TMM/Part22/5#1,TMM/Part22/5,Part22,Part 22 Section 41 - Capable of Distinguishing,22.5. Trade marks considered to have limited inherent adaptation to distinguish,Part 22 Section 41 - Capable of Distinguishing > 22.5. Trade marks considered to have limited inherent adaptation to distinguish,1,419,1,https://manuals.ipaustralia.gov.au/trademark/5.-trade-marks-considered-to-have-limited-inherent-adaptation-to-distinguish," words and expressions which may be desired by other traders to describe or extol their goods/services. For example: J & P Coats Ltd's Appn (1936) 53 RPC 355 at 380 (‘Sheen’) where the court found that the word SHEEN when applied to cotton was ‘clearly not a merely laudatory word like ""perfection"
CASE/1937/RPC/54/327,(1937) 54 RPC 327,reported,1937,RPC,,54,327,1,,,,,TMM/Part22/15/15/1~1,TMM/Part22/15,Part22,Part 22 Section 41 - Capable of Distinguishing,22.15. Geographical names,Part 22 Section 41 - Capable of Distinguishing > 22.15. Geographical names > 15.1 Is a geographical name always the ordinary signification of a sign?,2,1052,1,https://manuals.ipaustralia.gov.au/trademark/15.-geographical-names,"&Co. Ltd. v. Clark, Son &Morland Ltd. (the Glastonbury Case (1938) AC 557, at p 562; (1938) 55 RPC 253, at p 257) (see also the Livron Case (1937) 54 RPC 327, at p 339) … The above passage provides that there may be instances where the ordinary signification of a sign is not a geographical name e"
CASE/1937/AOJP/7/3599,(1937) 7 AOJP 3599,reported,1937,AOJP,,7,3599,1,,,,,TMM/Part29/9#1,TMM/Part29/9,Part29,Part 29 Section 43 - Trade Marks likely to Deceive or Cause Confusion,29.9. Geographical references,Part 29 Section 43 - Trade Marks likely to Deceive or Cause Confusion > 29.9. Geographical references,1,715,1,https://manuals.ipaustralia.gov.au/trademark/10.-geographical-references,"ertain quality or standard, or exhibit attributes for which the geographical reference is known. This was the case in McGrath's Application (1937) 7 AOJP 3599 where registration was refused for “Chateau Orleans Purest Hospital Brandy” for fermented liquors and spirits. The Registrar determined tha"
CASE/1937/HCA/36,[1937] HCA 36,neutral,1937,HCA,36,,,1,,,,,TMM/Part26/6/6/3~1,TMM/Part26/6,Part26,Part 26 Section 44 and Regulation 4.15A - Conflict with Other Signs,26.6. Factors to consider when comparing trade marks,Part 26 Section 44 and Regulation 4.15A - Conflict with Other Signs > 26.6. Factors to consider when comparing trade marks > 6.3 The 'idea' of the trade mark,5,199,1,https://manuals.ipaustralia.gov.au/trademark/6.-factors-to-consider-when-comparing-trade-marks,"n many differences, a ground for rejection under section 44 could apply if they did in fact convey the same idea. (See Jafferjee v Scarlett [1937] HCA 36(‘Jafferjee’). Some trade marks which have features in common are seen to be different when viewed side by side. However, if the same idea i"
CASE/1937/HCA/38,[1937] HCA 38,neutral,1937,HCA,38,,,1,,,,,TMM/Part29/9/9/7,TMM/Part29/9,Part29,Part 29 Section 43 - Trade Marks likely to Deceive or Cause Confusion,29.9. Geographical references,Part 29 Section 43 - Trade Marks likely to Deceive or Cause Confusion > 29.9. Geographical references > 9.7 Implied endorsement or licensing,12,1297,1,https://manuals.ipaustralia.gov.au/trademark/10.-geographical-references,"propriate for consideration during the opposition stage. See the following decisions for further detail: Radio Corporation Pty Ltd v Disney [1937] HCA 38 (""Mickey Mouse case""); Amalgamated Television Services Pty Ltd v Clissold [2000] ATMO 14 (Home and Away); Amalagamated Television Services "
CASE/1937/HCA/51,[1937] HCA 51,neutral,1937,HCA,51,,,2,,,,,TMM/Part26/6/6/5~1,TMM/Part26/6,Part26,Part 26 Section 44 and Regulation 4.15A - Conflict with Other Signs,26.6. Factors to consider when comparing trade marks,Part 26 Section 44 and Regulation 4.15A - Conflict with Other Signs > 26.6. Factors to consider when comparing trade marks > 6.5 Reputation or notoriety of a mark,10,1477,1,https://manuals.ipaustralia.gov.au/trademark/6.-factors-to-consider-when-comparing-trade-marks,"uiry for assessment of deceptive similarity (being the one provided by the High Court in Australian Woollen Mills Ltd v F S Walton & Co Ltd [1937] HCA 51). As such, while the decision in Protox was made in the context of s 120, the reasoning is applicable to s 44. Previously, the Federal Cour"
CASE/1937/HCA/51,[1937] HCA 51,neutral,1937,HCA,51,,,2,,,,,TMM/Part26/6/6/9,TMM/Part26/6,Part26,Part 26 Section 44 and Regulation 4.15A - Conflict with Other Signs,26.6. Factors to consider when comparing trade marks,Part 26 Section 44 and Regulation 4.15A - Conflict with Other Signs > 26.6. Factors to consider when comparing trade marks > 6.9 Type of customer,20,276,1,https://manuals.ipaustralia.gov.au/trademark/6.-factors-to-consider-when-comparing-trade-marks," stupid people, fools or idiots would be deceived”. A similar observation was made in Australian Woollen Mills Ltd v F. S. Walton & Co Ltd, [1937] HCA 51 at 658, where Dixon and McTiernan JJ said The usual manner in which ordinary people behave must be the test of what confusion or deception "
CASE/1938/RPC/55/253,(1938) 55 RPC 253,reported,1938,RPC,,55,253,1,,,,,TMM/Part22/15/15/1~1,TMM/Part22/15,Part22,Part 22 Section 41 - Capable of Distinguishing,22.15. Geographical names,Part 22 Section 41 - Capable of Distinguishing > 22.15. Geographical names > 15.1 Is a geographical name always the ordinary signification of a sign?,2,997,1,https://manuals.ipaustralia.gov.au/trademark/15.-geographical-names,"h as ""North Pole"" in connexion with bananas: A. Bailey &Co. Ltd. v. Clark, Son &Morland Ltd. (the Glastonbury Case (1938) AC 557, at p 562; (1938) 55 RPC 253, at p 257) (see also the Livron Case (1937) 54 RPC 327, at p 339) … The above passage provides that there may be instances where the ordina"
CASE/1943/RPC/60/87,(1943) 60 RPC 87,reported,1943,RPC,,60,87,2,,,,,TMM/Part26/6/6/1~1,TMM/Part26/6,Part26,Part 26 Section 44 and Regulation 4.15A - Conflict with Other Signs,26.6. Factors to consider when comparing trade marks,Part 26 Section 44 and Regulation 4.15A - Conflict with Other Signs > 26.6. Factors to consider when comparing trade marks > 6.1 Sound as well as appearance to be considered,2,1158,1,https://manuals.ipaustralia.gov.au/trademark/6.-factors-to-consider-when-comparing-trade-marks,"tion. This highlights the importance of the beginnings of the words being compared. In this regard see also: Aristoc Limited v Rysta Limited(1943) 60 RPC 87 (Rysta), where the words RYSTA and ARISTOC were held not to be deceptively similar; Enoch’s Application (1947) 64 RPC 119 (‘Cyllin’)where i"
CASE/1943/RPC/60/87,(1943) 60 RPC 87,reported,1943,RPC,,60,87,2,,,,,TMM/Part26/6/6/2,TMM/Part26/6,Part26,Part 26 Section 44 and Regulation 4.15A - Conflict with Other Signs,26.6. Factors to consider when comparing trade marks,Part 26 Section 44 and Regulation 4.15A - Conflict with Other Signs > 26.6. Factors to consider when comparing trade marks > 6.2 Imperfect recollection,4,188,1,https://manuals.ipaustralia.gov.au/trademark/6.-factors-to-consider-when-comparing-trade-marks,"ly similar, the House of Lords in the “ Rysta” case discussed the doctrine of imperfect recollection and the importance of first impression (1943) 60 RPC 87 at page 108: The answer to the question of whether the sound of one word resembles too nearly the sound of another...must nearly always dep"
CASE/1945/RPC/62/111,(1945) 62 RPC 111,reported,1945,RPC,,62,111,1,,,,,TMM/Part34/6/6/1~1,TMM/Part34/6,Part34,Part 34 Defensive Trade Marks,Part 34.6. Grounds for rejecting a defensive application under section 187,Part 34 Defensive Trade Marks > Part 34.6. Grounds for rejecting a defensive application under section 187 > 6.1 Practice under the Trade Marks Act 1955,2,220,1,https://manuals.ipaustralia.gov.au/trademark/6.-grounds-for-rejecting-a-defensive-application-under-section-187,"Act 1955. Early decisions of the (Australian) Registrar relied heavily on principles stated by Justice Evershed in Ferodo Ltd’s Application (1945) 62 RPC 111, particularly his view that the “connection in the course of trade” necessary for defensive registration was more readily demonstrated if t"
CASE/1945/HCA/12,[1945] HCA 12,neutral,1945,HCA,12,,,1,,,70 CLR 84,,TMM/Part26/4#1,TMM/Part26/4,Part26,Part 26 Section 44 and Regulation 4.15A - Conflict with Other Signs,26.4. Similarity of goods and services,Part 26 Section 44 and Regulation 4.15A - Conflict with Other Signs > 26.4. Similarity of goods and services,1,1388,1,https://manuals.ipaustralia.gov.au/trademark/4.-similarity-of-goods-and-services," the scope of a given registration: Re Australian Wine Importers Ltd (1889) 41 Ch D 278 at 291; Reckitt & Coleman (Australia) Ltd v Boden35 [1945] HCA 12; 70 CLR 84 at 90; Nikken Wellness Pty Ltd v van Voorst [2003] FCA 816 at [43] – [44]. The question is whether, from a business and commerci"
CASE/1946/RPC/63/59,(1946) 63 RPC 59,reported,1946,RPC,,63,59,1,,,,,TMM/Part26/4/4/1,TMM/Part26/4,Part26,Part 26 Section 44 and Regulation 4.15A - Conflict with Other Signs,26.4. Similarity of goods and services,Part 26 Section 44 and Regulation 4.15A - Conflict with Other Signs > 26.4. Similarity of goods and services > 4.1 Comparison of goods,2,323,1,https://manuals.ipaustralia.gov.au/trademark/4.-similarity-of-goods-and-services,"fore the same tests as those applied under section 33(1) of the repealed Act hold under the Trade Marks Act 1995. In Jellinek's Application (1946) 63 RPC 59 (Jellinek), Romer J. set out the following matters for enquiry in assessing whether goods are of the same description: the nature of the go"
CASE/1946/RPC/63/97,(1946) 63 RPC 97,reported,1946,RPC,,63,97,1,,,,,TMM/Part26/4/4/4,TMM/Part26/4,Part26,Part 26 Section 44 and Regulation 4.15A - Conflict with Other Signs,26.4. Similarity of goods and services,Part 26 Section 44 and Regulation 4.15A - Conflict with Other Signs > 26.4. Similarity of goods and services > 4.4 Notional Use,14,455,1,https://manuals.ipaustralia.gov.au/trademark/4.-similarity-of-goods-and-services,"account what each trade mark is actually used for (where the examiner has knowledge of such facts). In Re Smith Hayden and Co’s Application (1946) 63 RPC 97, Evershed J said at 101: Assuming a use by the proprietor of each of the cited trade marks in a normal and fair manner in respect of any of"
CASE/1946/CLR/72/175,(1946) 72 CLR 175,reported,1946,CLR,,72,175,2,,,[1946] HCA 15,CASE/1946/HCA/15,TMM/Part22/11#1~1,TMM/Part22/11,Part22,Part 22 Section 41 - Capable of Distinguishing,22.11. Words in languages other than English,Part 22 Section 41 - Capable of Distinguishing > 22.11. Words in languages other than English,1,2078,1,https://manuals.ipaustralia.gov.au/trademark/11.-words-in-languages-other-than-english,", or at any rate any obvious meaning, to ordinary Englishmen."" 47. In Howard Auto-Cultivators Ltd v Webb Industries Pty Ltd [3] (""Howard"") [(1946) 72 CLR 175; [1946] HCA 15], Dixon J stated what was required for a word to qualify as an invented word. Citing Lord Macnaghten in the Solio Case, his "
CASE/1946/CLR/72/175,(1946) 72 CLR 175,reported,1946,CLR,,72,175,2,,,[1946] HCA 15,CASE/1946/HCA/15,TMM/Part22/11#1~2,TMM/Part22/11,Part22,Part 22 Section 41 - Capable of Distinguishing,22.11. Words in languages other than English,Part 22 Section 41 - Capable of Distinguishing > 22.11. Words in languages other than English,2,828,1,https://manuals.ipaustralia.gov.au/trademark/11.-words-in-languages-other-than-english,"ase”), [2] Philippart v William Whiteley Ltd [1908] 2 Ch 274 (""the Diabolo Case"") [3] Howard Auto-Cultivators Ltd v Webb Industries Pty Ltd (1946) 72 CLR 175; [1946] HCA 15 (""Howard""), It must therefore be determined whether the non-English language trade mark conveys a meaning to those who will "
CASE/1946/HCA/15,[1946] HCA 15,neutral,1946,HCA,15,,,2,,,(1946) 72 CLR 175,CASE/1946/CLR/72/175,TMM/Part22/11#1~1,TMM/Part22/11,Part22,Part 22 Section 41 - Capable of Distinguishing,22.11. Words in languages other than English,Part 22 Section 41 - Capable of Distinguishing > 22.11. Words in languages other than English,1,2097,1,https://manuals.ipaustralia.gov.au/trademark/11.-words-in-languages-other-than-english,"y obvious meaning, to ordinary Englishmen."" 47. In Howard Auto-Cultivators Ltd v Webb Industries Pty Ltd [3] (""Howard"") [(1946) 72 CLR 175; [1946] HCA 15], Dixon J stated what was required for a word to qualify as an invented word. Citing Lord Macnaghten in the Solio Case, his Honour said tha"
CASE/1946/HCA/15,[1946] HCA 15,neutral,1946,HCA,15,,,2,,,(1946) 72 CLR 175,CASE/1946/CLR/72/175,TMM/Part22/11#1~2,TMM/Part22/11,Part22,Part 22 Section 41 - Capable of Distinguishing,22.11. Words in languages other than English,Part 22 Section 41 - Capable of Distinguishing > 22.11. Words in languages other than English,2,847,1,https://manuals.ipaustralia.gov.au/trademark/11.-words-in-languages-other-than-english,"rt v William Whiteley Ltd [1908] 2 Ch 274 (""the Diabolo Case"") [3] Howard Auto-Cultivators Ltd v Webb Industries Pty Ltd (1946) 72 CLR 175; [1946] HCA 15 (""Howard""), It must therefore be determined whether the non-English language trade mark conveys a meaning to those who will be concerned wi"
CASE/1947/RPC/64/119,(1947) 64 RPC 119,reported,1947,RPC,,64,119,1,,,,,TMM/Part26/6/6/1~1,TMM/Part26/6,Part26,Part 26 Section 44 and Regulation 4.15A - Conflict with Other Signs,26.6. Factors to consider when comparing trade marks,Part 26 Section 44 and Regulation 4.15A - Conflict with Other Signs > 26.6. Factors to consider when comparing trade marks > 6.1 Sound as well as appearance to be considered,2,1279,1,https://manuals.ipaustralia.gov.au/trademark/6.-factors-to-consider-when-comparing-trade-marks,"ted v Rysta Limited(1943) 60 RPC 87 (Rysta), where the words RYSTA and ARISTOC were held not to be deceptively similar; Enoch’s Application (1947) 64 RPC 119 (‘Cyllin’)where it was held VIVICILLIN and CYLLIN were not deceptively similar; Bayer’s Application (1947) 64 RPC 125 where DIASIL and ALAS"
CASE/1947/RPC/64/125,(1947) 64 RPC 125,reported,1947,RPC,,64,125,2,,,,,TMM/Part26/6/6/10,TMM/Part26/6,Part26,Part 26 Section 44 and Regulation 4.15A - Conflict with Other Signs,26.6. Factors to consider when comparing trade marks,Part 26 Section 44 and Regulation 4.15A - Conflict with Other Signs > 26.6. Factors to consider when comparing trade marks > 6.10 Type of goods and services,21,1086,1,https://manuals.ipaustralia.gov.au/trademark/6.-factors-to-consider-when-comparing-trade-marks,", or are covered by other regulations such as Health or Food and Drugs Acts. In such cases the principles considered in Bayer’s Application (1947) 64 RPC 125, may be applicable. In that case the marks under comparison were ""Diasil"" in respect of 'sulphadiazine' a pharmaceutical preparation availa"
CASE/1947/RPC/64/125,(1947) 64 RPC 125,reported,1947,RPC,,64,125,2,,,,,TMM/Part26/6/6/1~1,TMM/Part26/6,Part26,Part 26 Section 44 and Regulation 4.15A - Conflict with Other Signs,26.6. Factors to consider when comparing trade marks,Part 26 Section 44 and Regulation 4.15A - Conflict with Other Signs > 26.6. Factors to consider when comparing trade marks > 6.1 Sound as well as appearance to be considered,2,1397,1,https://manuals.ipaustralia.gov.au/trademark/6.-factors-to-consider-when-comparing-trade-marks,; Enoch’s Application (1947) 64 RPC 119 (‘Cyllin’)where it was held VIVICILLIN and CYLLIN were not deceptively similar; Bayer’s Application (1947) 64 RPC 125 where DIASIL and ALASIL were held to be not deceptively similar; Magdalena Securities (1931) 48 RPC 477 (Ucolite)where it was held UCOLITE 
CASE/1947/RPC/64/27,(1947) 64 RPC 27,reported,1947,RPC,,64,27,1,,,,,TMM/Part30/2/2/2,TMM/Part30/2,Part30,Part 30 Signs that are Scandalous and Use Contrary to Law,30.2. Scandalous signs,Part 30 Signs that are Scandalous and Use Contrary to Law > 30.2. Scandalous signs > 2.2,3,191,1,https://manuals.ipaustralia.gov.au/trademark/2.-scandalous-signs,"tters with very little support from the courts or other decision makers. Justice Evershed stated in La Marquise Footwear, Inc’s Application (1947) 64 RPC 27 at 30: I must wholeheartedly accept the proposition that it is the duty of the Registrar (and it is my hope that he will always fearlessly "
CASE/1947/CLR/75/203,(1947) 75 CLR 203,reported,1947,CLR,,75,203,1,,,,,TMM/Part46/4/4/1,TMM/Part46/4,Part46,Part 46 Grounds for Opposition to Registration or Protection,Part 46.4. Grounds for opposition to registration of national trade marks,Part 46 Grounds for Opposition to Registration or Protection > Part 46.4. Grounds for opposition to registration of national trade marks > 4.1 Registration may be opposed on the ground that the applicant is not the owner of the trade mark - section 58,2,376,1,https://manuals.ipaustralia.gov.au/trademark/4.-grounds-for-opposition-to-registration-of-national-trade-marks," or services is taken to be the first person to use it in Australia in the course of trade in those goods or services (Seven Up Co v OT Ltd (1947) 75 CLR 203). If there has been no use, the first person to apply to register a trade mark will, in most cases, be entitled to claim to be the owner (S"
CASE/1948/RPC/65/369,(1948) 65 RPC 369,reported,1948,RPC,,65,369,1,,,,,TMM/Part26/4/4/1,TMM/Part26/4,Part26,Part 26 Section 44 and Regulation 4.15A - Conflict with Other Signs,26.4. Similarity of goods and services,Part 26 Section 44 and Regulation 4.15A - Conflict with Other Signs > 26.4. Similarity of goods and services > 4.1 Comparison of goods,2,1507,1,https://manuals.ipaustralia.gov.au/trademark/4.-similarity-of-goods-and-services,"to be considered when determining whether goods are of the same description was confirmed in John Crowther & Sons (Milnsbridge) Ltd's Appln (1948) 65 RPC 369 at 372, and later by the High Court in Southern Cross Refrigerating Co v Toowoomba Foundry Pty Ltd [1954] HCA 82 (at [5])."
CASE/1948/CLR/78/601,(1948) 78 CLR 601,reported,1948,CLR,,78,601,1,,,,,TMM/Part46/4/4/1,TMM/Part46/4,Part46,Part 46 Grounds for Opposition to Registration or Protection,Part 46.4. Grounds for opposition to registration of national trade marks,Part 46 Grounds for Opposition to Registration or Protection > Part 46.4. Grounds for opposition to registration of national trade marks > 4.1 Registration may be opposed on the ground that the applicant is not the owner of the trade mark - section 58,2,571,1,https://manuals.ipaustralia.gov.au/trademark/4.-grounds-for-opposition-to-registration-of-national-trade-marks," person to apply to register a trade mark will, in most cases, be entitled to claim to be the owner (Shell Co (Aust) Ltd v Rohm and Haas Co (1948) 78 CLR 601). The Registrar takes at face value the claim by a person applying for registration to be the owner of the trade mark in respect of the spe"
CASE/1949/RPC/66/110,(1949) 66 RPC 110,reported,1949,RPC,,66,110,3,,,,,TMM/Part26/6/6/4~2,TMM/Part26/6,Part26,Part 26 Section 44 and Regulation 4.15A - Conflict with Other Signs,26.6. Factors to consider when comparing trade marks,Part 26 Section 44 and Regulation 4.15A - Conflict with Other Signs > 26.6. Factors to consider when comparing trade marks > 6.4 Trade marks that share the same or similar element,8,1857,1,https://manuals.ipaustralia.gov.au/trademark/6.-factors-to-consider-when-comparing-trade-marks,rk even though the differences between them would be readily apparent to consumers: In the Matter of John Fitton & Co Limited’s Application (1949) 66 RPC 110 (JESTS and EASYJEST) and Caterpillar Inc v Puma SE [2021] FCA 1014 (CAT and PROCAT). Examiners should carefully consider whether the additi
CASE/1949/RPC/66/110,(1949) 66 RPC 110,reported,1949,RPC,,66,110,3,,,,,TMM/Part28/2#1,TMM/Part28/2,Part28,"Part 28 Honest Concurrent Use, Prior Use or Other Circumstances",28.2. Honest concurrent use - para 44(3)(a),"Part 28 Honest Concurrent Use, Prior Use or Other Circumstances > 28.2. Honest concurrent use - para 44(3)(a)",1,1156,1,https://manuals.ipaustralia.gov.au/trademark/2.-honest-concurrent-use---paragraph-443a," Act) were set out by Lord Tomlin in Pirie’s Application (1933) 50 RPC 147. In John Fitton & Company Limited's application for a trade mark (1949) 66 RPC 110 the Assistant Comptroller refined those criteria to a list of five, namely: the honesty or otherwise of the concurrent use the degree of co"
CASE/1949/RPC/66/110,(1949) 66 RPC 110,reported,1949,RPC,,66,110,3,,,,,TMM/Part28/3/3/4~1,TMM/Part28/3,Part28,"Part 28 Honest Concurrent Use, Prior Use or Other Circumstances",28.3. Examining evidence of honest concurrent use - the five criteria,"Part 28 Honest Concurrent Use, Prior Use or Other Circumstances > 28.3. Examining evidence of honest concurrent use - the five criteria > 3.2 The degree of confusion that is likely between the trade marks in question > 3.4 The extent of use in duration, area and volume",13,1977,1,https://manuals.ipaustralia.gov.au/trademark/3.-examining-evidence-of-honest-concurrent-use---the-five-criteria,"nt. In Re Alex Pirie & Sons Ltd’s Application (1932) 49 RPC 195, 6 years use was demonstrated, and in Re John Fitton & Co Ltd’s Application (1949) 66 RPC 110, the application was allowed based on use over 20 years. However, in Foodland Associated Limited v John Weeks Pty Ltd (1988) AIPC 90-466 it"
CASE/1949/RPC/66/71,(1949) 66 RPC 71,reported,1949,RPC,,66,71,1,,,,,TMM/Part48/10#1~1,TMM/Part48/10,Part48,Part 48 Removal of a Trade Mark from the Register for Non-use,Part 48.10. Circumstances that were an obstacle to the use of a trade mark,Part 48 Removal of a Trade Mark from the Register for Non-use > Part 48.10. Circumstances that were an obstacle to the use of a trade mark,1,1320,1,https://manuals.ipaustralia.gov.au/trademark/10.-circumstances-that-were-an-obstacle-to-the-use-of-a-trade-mark," personally or whether they should affect the whole of the particular trade. In the case of Aktiebolaget Manus v R.J. Fulwood and Bland Ltd (1949) 66 RPC 71, Lord Evershed rejected the proposition put by Sargant J in James Crean & Sons Ltd’s Trade Mark, 38 RPC 155, that in order to get within su"
CASE/1950/RPC/67/113,(1950) 67 RPC 113,reported,1950,RPC,,67,113,1,,,,,TMM/Part26/6/6/2,TMM/Part26/6,Part26,Part 26 Section 44 and Regulation 4.15A - Conflict with Other Signs,26.6. Factors to consider when comparing trade marks,Part 26 Section 44 and Regulation 4.15A - Conflict with Other Signs > 26.6. Factors to consider when comparing trade marks > 6.2 Imperfect recollection,4,1539,1,https://manuals.ipaustralia.gov.au/trademark/6.-factors-to-consider-when-comparing-trade-marks,"ossibilities of bad elocution, careless hearing or defective memory ought to be assumed. In this regard see also: Broadhead’s Application , (1950) 67 RPC 113 (‘Alkaseltzer’) where it was held that ALKA-SELTZER and ALKA-VESCENT were similar when used in relation to seltzer water; and In-N-Out Burg"
CASE/1951/RPC/68/103,(1951) 68 RPC 103,reported,1951,RPC,,68,103,2,,,,,TMM/Part22/10#1,TMM/Part22/10,Part22,Part 22 Section 41 - Capable of Distinguishing,"22.10. Phonetic equivalents, misspellings and combinations of known words","Part 22 Section 41 - Capable of Distinguishing > 22.10. Phonetic equivalents, misspellings and combinations of known words",1,1301,1,https://manuals.ipaustralia.gov.au/trademark/10.-phonetic-equivalents-misspellings-and-combinations-of-known-words,ames Stedman Henderson Sweets Ltd (1927) 40 CLR 43 (‘Minties’)). Combinations of two or more known words (see De Cordova v Vick Chemical Co (1951) 68 RPC 103 (‘Vapo-Rub’)).
CASE/1951/RPC/68/103,(1951) 68 RPC 103,reported,1951,RPC,,68,103,2,,,,,TMM/Part26/6/6/3~2,TMM/Part26/6,Part26,Part 26 Section 44 and Regulation 4.15A - Conflict with Other Signs,26.6. Factors to consider when comparing trade marks,Part 26 Section 44 and Regulation 4.15A - Conflict with Other Signs > 26.6. Factors to consider when comparing trade marks > 6.3 The 'idea' of the trade mark,6,510,1,https://manuals.ipaustralia.gov.au/trademark/6.-factors-to-consider-when-comparing-trade-marks," and the similar impression created by them. DIAL-AN-ANGEL versus GUARDIAN ANGEL See also: De Cordova v Vick Chemical Co,. (“VapoRub” case) (1951) 68 RPC 103 in which VAPORUB was held to be similar to KARSOTE VAPOUR RUB; Rainmaster where RAINMASTER was held to be sufficiently different to RAIN KI"
CASE/1951/RPC/68/221,(1951) 68 RPC 221,reported,1951,RPC,,68,221,1,,,,,TMM/Part19A/3/3/2~1,TMM/Part19A/3,Part19A,Part 19A Use of a Trade Mark,19A.3. Use 'in the course of trade',Part 19A Use of a Trade Mark > 19A.3. Use 'in the course of trade' > 3.2 Offering for sale of goods and/or services,3,1262,1,https://manuals.ipaustralia.gov.au/trademark/3.-use-in-the-course-of-trade,"ble for sale does not constitute use within the meaning of the Act (see the decision of the British Registrar in Radford & Co's Application (1951) 68 RPC 221 and John Toh v Paris Croissant Co. Ltd [2010] ATMO 34). However, it is important to note that while advertising by itself will not constitu"
CASE/1951/HCA/28,[1951] HCA 28,neutral,1951,HCA,28,,,1,,,,,TMM/Part19A/4/4/1,TMM/Part19A/4,Part19A,Part 19A Use of a Trade Mark,19A.4. Australian Use,Part 19A Use of a Trade Mark > 19A.4. Australian Use > 4.1 Goods sold or offered for sale but not present in Australia,2,78,1,https://manuals.ipaustralia.gov.au/trademark/4.-australian-use,"In the Re Registered Trade Mark ""Yanx""; Ex parte Amalgamated Tobacco Corp Ltd [1951] HCA 28, it was held that a trade mark is used in Australia if the goods are offered for sale in Australia but at the time they are offered for sal"
CASE/1952/HCA/15,[1952] HCA 15,neutral,1952,HCA,15,,,2,,,,,TMM/Part26/6/6/3~1,TMM/Part26/6,Part26,Part 26 Section 44 and Regulation 4.15A - Conflict with Other Signs,26.6. Factors to consider when comparing trade marks,Part 26 Section 44 and Regulation 4.15A - Conflict with Other Signs > 26.6. Factors to consider when comparing trade marks > 6.3 The 'idea' of the trade mark,5,1436,1,https://manuals.ipaustralia.gov.au/trademark/6.-factors-to-consider-when-comparing-trade-marks,"(2015) FCAFC 156 (Yellow), which includes references to both the Sports Café and Cooper Engineering Company Pty Ltd v Sigmund Pumps Limited [1952] HCA 15 (Rainmaster) decisions – see 210 and 211. In Yellow at the court said at [212]: The takeaway from this case is that the commonality of idea"
CASE/1952/HCA/15,[1952] HCA 15,neutral,1952,HCA,15,,,2,,,,,TMM/Part26/6/6/4~1,TMM/Part26/6,Part26,Part 26 Section 44 and Regulation 4.15A - Conflict with Other Signs,26.6. Factors to consider when comparing trade marks,Part 26 Section 44 and Regulation 4.15A - Conflict with Other Signs > 26.6. Factors to consider when comparing trade marks > 6.4 Trade marks that share the same or similar element,7,380,1,https://manuals.ipaustralia.gov.au/trademark/6.-factors-to-consider-when-comparing-trade-marks,"rticular, in evaluating the likelihood of confusion, the marks must be judged as a whole: Cooper Engineering Co Pty Ltd v Sigmund Pumps Ltd [1952] HCA 15, at [3]. It is important that examiners do not default to a finding that two trade marks are deceptively similar merely because one trade m"
CASE/1953/AOJP/23/2295,(1953) 23 AOJP 2295,reported,1953,AOJP,,23,2295,1,,,,,TMM/Part55/2/2/3,TMM/Part55/2,Part55,Part 55 Costs,Part 55.2. Award of costs,Part 55 Costs > Part 55.2. Award of costs > 2.3 Some exceptions to the general rule,4,884,1,https://manuals.ipaustralia.gov.au/trademark/2.-award-of-costs,ts arising from that part of the proceedings - see the comments of the Deputy Registrar in Sherry Shippers Association v G.Gramp & Sons Ltd (1953) 23 AOJP 2295. This contrasts with the situation in R&C Products Pry Ltd v Bathox Bathsalts Pty Ltd (1992) 24 IPR 278 where the successful opponent was a
CASE/1953/RPC/71/150,(1953) 71 RPC 150,reported,1953,RPC,,71,150,1,,,,,TMM/Part22/15/15/1~1,TMM/Part22/15,Part22,Part 22 Section 41 - Capable of Distinguishing,22.15. Geographical names,Part 22 Section 41 - Capable of Distinguishing > 22.15. Geographical names > 15.1 Is a geographical name always the ordinary signification of a sign?,2,719,1,https://manuals.ipaustralia.gov.au/trademark/15.-geographical-names,"hat name in relation to such goods or in such circumstances would simply not occur: see per Lord Simonds in the Yorkshire Copper Works Case (1953) 71 RPC 150, at p 154. This is the case, for example, where the word as applied to the relevant goods is in effect a fancy name, such as ""North Pole"" i"
CASE/1954/RPC/71/43,(1954) 71 RPC 43,reported,1954,RPC,,71,43,1,,,,,TMM/Part32A/2/3/2-3-1-a-variety-names,TMM/Part32A/2/3,Part32A,Part 32A Examination of Trade Marks for Plants (in Class 31),32A.2.3 Section 41: Capacity to Distinguish,Part 32A Examination of Trade Marks for Plants (in Class 31) > 32A.2.3 Section 41: Capacity to Distinguish > 2.3.1 The Name of a Plant > 2.3.1(a) Variety names,3,1638,1,https://manuals.ipaustralia.gov.au/trademark/2.3-section-41--capacity-to-distinguish," Pty Ltd [2007] ATMO 4) The inability of a plant name to function as a trade mark was also considered in: Wheatcroft Bros Ltd’s Trade Marks (1954) 71 RPC 43 ""Ogen"" Trade Mark [1977] RPC 529 P.A and E.V Strauss (1999), 47 IPR 191 (“Tropical Birch”) Buhanan Turf Supplies Pty Ltd (2015) FCA 756 (“S"
CASE/1954/CLR/91/592,(1954) 91 CLR 592,reported,1954,CLR,,91,592,1,,,,,TMM/Part46/4/4/5/2,TMM/Part46/4,Part46,Part 46 Grounds for Opposition to Registration or Protection,Part 46.4. Grounds for opposition to registration of national trade marks,Part 46 Grounds for Opposition to Registration or Protection > Part 46.4. Grounds for opposition to registration of national trade marks > 4.5.2 The likelihood of deception or confusion,10,1164,1,https://manuals.ipaustralia.gov.au/trademark/4.-grounds-for-opposition-to-registration-of-national-trade-marks,"on also needs to be considered – whether it is general or special in character (Southern Cross Refrigerating Co v Toowoomba Foundry Pty Ltd (1954) 91 CLR 592, 608) – as does the nature of the goods for which the trade mark has the reputation. Are they commonplace or restricted to a niche market. "
CASE/1954/HCA/82,[1954] HCA 82,neutral,1954,HCA,82,,,4,,,,,TMM/Part26/2#1,TMM/Part26/2,Part26,Part 26 Section 44 and Regulation 4.15A - Conflict with Other Signs,26.2. Presumption of registrability and the application of section 44,Part 26 Section 44 and Regulation 4.15A - Conflict with Other Signs > 26.2. Presumption of registrability and the application of section 44,1,444,1,https://manuals.ipaustralia.gov.au/trademark/2.-presumption-of-registrability-and-the-application-of-section-44,"v Woolworths Limited [1999] FCA 1020, French J referred to the tests set out in Southern Cross Refrigerating Co v Toowoomba Foundry Pty Ltd [1954] HCA 82 (Southern Cross), where Kitto J set out a number of propositions often used to assess the likelihood of deception or confusion. French J re"
CASE/1954/HCA/82,[1954] HCA 82,neutral,1954,HCA,82,,,4,,,,,TMM/Part26/4/4/1,TMM/Part26/4,Part26,Part 26 Section 44 and Regulation 4.15A - Conflict with Other Signs,26.4. Similarity of goods and services,Part 26 Section 44 and Regulation 4.15A - Conflict with Other Signs > 26.4. Similarity of goods and services > 4.1 Comparison of goods,2,1624,1,https://manuals.ipaustralia.gov.au/trademark/4.-similarity-of-goods-and-services,"lnsbridge) Ltd's Appln (1948) 65 RPC 369 at 372, and later by the High Court in Southern Cross Refrigerating Co v Toowoomba Foundry Pty Ltd [1954] HCA 82 (at [5])."
CASE/1954/HCA/82,[1954] HCA 82,neutral,1954,HCA,82,,,4,,,,,TMM/Part29/3#1~1,TMM/Part29/3,Part29,Part 29 Section 43 - Trade Marks likely to Deceive or Cause Confusion,Part 29.3. Deception and confusion as a result of a connotation within a trade mark,Part 29 Section 43 - Trade Marks likely to Deceive or Cause Confusion > Part 29.3. Deception and confusion as a result of a connotation within a trade mark,1,1605,1,https://manuals.ipaustralia.gov.au/trademark/3.-deception-and-confusion-as-a-result-of-a-connotation-within-a-trade-mark,"ot automatically demonstrate a connotation sufficient to trigger section 43. In Southern Cross Refrigerating Co v Toowoomba Foundry Pty Ltd [1954] HCA 82, Kitto J states at [4]: ...all the surrounding circumstances have to be taken into consideration. (This includes the circumstances in which"
CASE/1954/HCA/82,[1954] HCA 82,neutral,1954,HCA,82,,,4,,,,,TMM/Part29/3/3/1~1,TMM/Part29/3,Part29,Part 29 Section 43 - Trade Marks likely to Deceive or Cause Confusion,Part 29.3. Deception and confusion as a result of a connotation within a trade mark,Part 29 Section 43 - Trade Marks likely to Deceive or Cause Confusion > Part 29.3. Deception and confusion as a result of a connotation within a trade mark > 3.1 The connotation must be obvious and direct,3,808,1,https://manuals.ipaustralia.gov.au/trademark/3.-deception-and-confusion-as-a-result-of-a-connotation-within-a-trade-mark," The tests lie in the perception of the ordinary person, as noted by Kitto J in Southern Cross Refrigerating Co v Toowoomba Foundry Pty Ltd [1954] HCA 82 at [4] (referred to with approval by French J in Woolworths Metro): (ii) It is not necessary, in order to find that a trade mark offends ag"
CASE/1955/AOJP/25/938,(1955) 25 AOJP 938,reported,1955,AOJP,,25,938,1,,,,,TMM/Part30/2/2/3,TMM/Part30/2,Part30,Part 30 Signs that are Scandalous and Use Contrary to Law,30.2. Scandalous signs,Part 30 Signs that are Scandalous and Use Contrary to Law > 30.2. Scandalous signs > 2.3,4,135,1,https://manuals.ipaustralia.gov.au/trademark/2.-scandalous-signs,"There is additional comment, but little direction, from two other decisions: Trade Mark Application No. 106321 by Eric Granville Mercy (1955) 25 AOJP 938 (‘Mecca’) In the Matter of Ellis & Co.’s Trade Marks (1904) 21 ROC 617 (‘Quaker’) The Mecca decision suggests that the trade mark: should b"
CASE/1956/CLR/94/182,(1956) 94 CLR 182,reported,1956,CLR,,94,182,1,,,,,TMM/Part19A/3/3/2~2,TMM/Part19A/3,Part19A,Part 19A Use of a Trade Mark,19A.3. Use 'in the course of trade',Part 19A Use of a Trade Mark > 19A.3. Use 'in the course of trade' > 3.2 Offering for sale of goods and/or services,4,339,1,https://manuals.ipaustralia.gov.au/trademark/3.-use-in-the-course-of-trade,sense had already been opened to Australia. The mark must be used for the purposes of trade: W D & H O Wills (Australia) Ltd v Rothmans Ltd (1956) 94 CLR 182 at 191. The forwarding of samples and brochures is not sufficient to indicate that Settef was ready and willing to fulfil such orders as it
CASE/1956/CLR/95/190,(1956) 95 CLR 190,reported,1956,CLR,,95,190,1,,,,,TMM/Part21/3/3/5,TMM/Part21/3,Part21,Part 21 Non-traditional Signs,21.3. Shape (three-dimensional) trade marks,Part 21 Non-traditional Signs > 21.3. Shape (three-dimensional) trade marks > 3.5 Shapes and aesthetics,8,945,1,https://manuals.ipaustralia.gov.au/trademark/3.-shape-three-dimensional-trade-marks,tone in Kenman Kandy. The discussion involved references to both the Tub Happy decision (Mark Foy's Limited v Davies Coop & Company Limited (1956) 95 CLR 190) and the Wella decision (Wella Aktiengesellschaft v Registrar of Trade Marks (1995) 33 IPR 374). Stone J commented at paragraph 156: In the
CASE/1956/HCA/15,[1956] HCA 15,neutral,1956,HCA,15,,,1,,,,,TMM/Part19A/4/4/1,TMM/Part19A/4,Part19A,Part 19A Use of a Trade Mark,19A.4. Australian Use,Part 19A Use of a Trade Mark > 19A.4. Australian Use > 4.1 Goods sold or offered for sale but not present in Australia,2,627,1,https://manuals.ipaustralia.gov.au/trademark/4.-australian-use,"Italy to Australia did not arrive, that the consignments reached the consignees. However, in W D & H O Wills (Australia) Ltd v Rothmans Ltd [1956] HCA 15, where cigarettes were purchased and paid for in America and sent direct to consumers in Australia there was said to be no use of the mark "
CASE/1957/AOJP/27/2366,(1957) 27 AOJP 2366,reported,1957,AOJP,,27,2366,1,,,,,TMM/Part29/9/9/3~1,TMM/Part29/9,Part29,Part 29 Section 43 - Trade Marks likely to Deceive or Cause Confusion,29.9. Geographical references,Part 29 Section 43 - Trade Marks likely to Deceive or Cause Confusion > 29.9. Geographical references > 9.3 Is the Trade Mark Likely to Cause Confusion?,3,1000,1,https://manuals.ipaustralia.gov.au/trademark/10.-geographical-references,her factor which would affect consumer perceptions. Example 1 Trade Mark - SHETLAND Class 25: Clothing Shetland Mills Pty Ltd's Application (1957) 27 AOJP 2366 Exam Practice - s 43 ground for rejection applicable. The Shetlands are a group of islands to the north of Scotland well known for the prod
CASE/1957/RPC/369,[1957] RPC 369,neutral,1957,RPC,369,,,1,,,,,TMM/Part28/2#1,TMM/Part28/2,Part28,"Part 28 Honest Concurrent Use, Prior Use or Other Circumstances",28.2. Honest concurrent use - para 44(3)(a),"Part 28 Honest Concurrent Use, Prior Use or Other Circumstances > 28.2. Honest concurrent use - para 44(3)(a)",1,1788,1,https://manuals.ipaustralia.gov.au/trademark/2.-honest-concurrent-use---paragraph-443a,"ustralian courts (McCormick & Company Inc v McCormick [2000] FCA 1335), but are not necessarily exhaustive (see Electrix Ltd.’s application [1957] RPC 369). The relevant date for determining honest concurrent use under para 44(3)(a) is the filing date of the application (Zip Co Limited v First"
CASE/1959/RPC/69/125,(1959) 69 RPC 125,reported,1959,RPC,,69,125,1,,,,,TMM/Part22/19#1,TMM/Part22/19,Part22,Part 22 Section 41 - Capable of Distinguishing,22.19. Corporate names,Part 22 Section 41 - Capable of Distinguishing > 22.19. Corporate names,1,1390,1,https://manuals.ipaustralia.gov.au/trademark/19.-corporate-names,epresentation and/or added material may render the trade mark prima facie capable of distinguishing (see Standard Camera Ltd.'s Application (1959) 69 RPC 125).
CASE/1959/RPC/167,[1959] RPC 167,neutral,1959,RPC,167,,,1,,,,,TMM/Part54/2#1~1,TMM/Part54/2,Part54,"Part 54 Subpoenas, Summonses and Production of Documents",Part 54.2. Summonsing a witness,"Part 54 Subpoenas, Summonses and Production of Documents > Part 54.2. Summonsing a witness",1,1038,1,https://manuals.ipaustralia.gov.au/trademark/2.-summonsing-a-witness,idence to the contrary. The comments of Lord Evershed in dealing with an application to cross-examine declarants in Kidax Ltd’s Application [1959] RPC 167 are relevant. His Lordship said at p 175: “the registrar will normally deal with these matters on this paper evidence and that a party seek
CASE/1960/CLR/103/391,(1960) 103 CLR 391,reported,1960,CLR,,103,391,1,,,,,TMM/Part46/4/4/4,TMM/Part46/4,Part46,Part 46 Grounds for Opposition to Registration or Protection,Part 46.4. Grounds for opposition to registration of national trade marks,Part 46 Grounds for Opposition to Registration or Protection > Part 46.4. Grounds for opposition to registration of national trade marks > 4.4 Registration may be opposed on the ground that the applicant does not intend to use the trade mark - section 59,7,298,1,https://manuals.ipaustralia.gov.au/trademark/4.-grounds-for-opposition-to-registration-of-national-trade-marks,of a real and definite intention to use the trade mark in relation to all the goods and services nominated (Aston v Harlee Manufacturing Co (1960) 103 CLR 391). Section 59 provides that registration may be opposed on the basis that the applicant did not intend to use the trade mark or to authorise
CASE/1960/AOJP/30/579,(1960) 30 AOJP 579,reported,1960,AOJP,,30,579,1,,,,,TMM/Part22/9/9/5,TMM/Part22/9,Part22,Part 22 Section 41 - Capable of Distinguishing,22.9. Words,Part 22 Section 41 - Capable of Distinguishing > 22.9. Words > 9.5 Intended purpose,6,523,1,https://manuals.ipaustralia.gov.au/trademark/9.-words,"ion of the subject matter contained therein. For guidance, see Wilkinson Sword Ltd's Appn (1989) 12 IPR 138 (‘Pivot’); Samboy Products Appn (1960) 30 AOJP 579 (‘Barbeque’); Plastic Inc's Appn (1986) 7 IPR 111 (‘Hi-Heat’); Jove Publication Inc's Appn (1984) IPD 6136 (UK) (‘Second chance at love’); "
CASE/1960/HCA/47,[1960] HCA 47,neutral,1960,HCA,47,,,1,,,,,TMM/Part19A/1#1,TMM/Part19A/1,Part19A,Part 19A Use of a Trade Mark,19A.1. Use of a trade mark generally,Part 19A Use of a Trade Mark > 19A.1. Use of a trade mark generally,1,1921,1,https://manuals.ipaustralia.gov.au/trademark/1.-use-of-a-trade-mark-generally,"r of the mark. The act of filing an application implies that the trade mark is used or intended to be used (Aston v Harlee Manufacturing Co [1960] HCA 47). However, in answering any of the questions listed above, it is necessary to determine whether in fact there has been actual use of the tr"
CASE/1961/AOJP/31/1169,(1961) 31 AOJP 1169,reported,1961,AOJP,,31,1169,1,,,,,TMM/Part22/12#1,TMM/Part22/12,Part22,Part 22 Section 41 - Capable of Distinguishing,"22.12. Slogans, phrases and multiple words","Part 22 Section 41 - Capable of Distinguishing > 22.12. Slogans, phrases and multiple words",1,1253,1,https://manuals.ipaustralia.gov.au/trademark/12.-slogans-phrases-and-multiple-words,s where this cannot be decided otherwise. Case Law for consideration in relation to slogans includes Comfort Shirt Co Pty Ltd's Appn (No 4) (1961) 31 AOJP 1169 (Irons itself automatically in the wash); Johnson & Johnson Pty Limited's Appn (1962) 32 AOJP 1214 (Best for baby best for you); Chin Chin 
CASE/1962/AOJP/32/1214,(1962) 32 AOJP 1214,reported,1962,AOJP,,32,1214,1,,,,,TMM/Part22/12#1,TMM/Part22/12,Part22,Part 22 Section 41 - Capable of Distinguishing,"22.12. Slogans, phrases and multiple words","Part 22 Section 41 - Capable of Distinguishing > 22.12. Slogans, phrases and multiple words",1,1352,1,https://manuals.ipaustralia.gov.au/trademark/12.-slogans-phrases-and-multiple-words,s Comfort Shirt Co Pty Ltd's Appn (No 4) (1961) 31 AOJP 1169 (Irons itself automatically in the wash); Johnson & Johnson Pty Limited's Appn (1962) 32 AOJP 1214 (Best for baby best for you); Chin Chin Trade Mark [1965] RPC 136 (Chin Chin); Re Appn by Tandy Corp (1984) 3 IPR 221 (Worldwide supermarke
CASE/1962/AOJP/32/489,(1962) 32 AOJP 489,reported,1962,AOJP,,32,489,1,,,,,TMM/Part34/6/6/1~1,TMM/Part34/6,Part34,Part 34 Defensive Trade Marks,Part 34.6. Grounds for rejecting a defensive application under section 187,Part 34 Defensive Trade Marks > Part 34.6. Grounds for rejecting a defensive application under section 187 > 6.1 Practice under the Trade Marks Act 1955,2,524,1,https://manuals.ipaustralia.gov.au/trademark/6.-grounds-for-rejecting-a-defensive-application-under-section-187,"s were of a similar nature to those on which the trade mark had already been used. This is reflected in Chicopee Manufacturing Corp.’s Appn (1962) 32 AOJP 489, and Bingo Pty Ltd's Appn (1962) 32 AOJP 775 (the Bingo case), where the Assistant Registrar was willing to allow a defensive registration "
CASE/1962/AOJP/32/775,(1962) 32 AOJP 775,reported,1962,AOJP,,32,775,1,,,,,TMM/Part34/6/6/1~1,TMM/Part34/6,Part34,Part 34 Defensive Trade Marks,Part 34.6. Grounds for rejecting a defensive application under section 187,Part 34 Defensive Trade Marks > Part 34.6. Grounds for rejecting a defensive application under section 187 > 6.1 Practice under the Trade Marks Act 1955,2,569,1,https://manuals.ipaustralia.gov.au/trademark/6.-grounds-for-rejecting-a-defensive-application-under-section-187,"the trade mark had already been used. This is reflected in Chicopee Manufacturing Corp.’s Appn (1962) 32 AOJP 489, and Bingo Pty Ltd's Appn (1962) 32 AOJP 775 (the Bingo case), where the Assistant Registrar was willing to allow a defensive registration but only in respect of goods related to the g"
CASE/1962/RPC/265,[1962] RPC 265,neutral,1962,RPC,265,,,1,,,,,TMM/Part29/3#1~2,TMM/Part29/3,Part29,Part 29 Section 43 - Trade Marks likely to Deceive or Cause Confusion,Part 29.3. Deception and confusion as a result of a connotation within a trade mark,Part 29 Section 43 - Trade Marks likely to Deceive or Cause Confusion > Part 29.3. Deception and confusion as a result of a connotation within a trade mark,2,302,1,https://manuals.ipaustralia.gov.au/trademark/3.-deception-and-confusion-as-a-result-of-a-connotation-within-a-trade-mark,"eceive or cause confusion. What is deception and confusion? As noted by Lord Denning in Parker-Knoll Limited v. Knoll International Limited [1962] RPC 265 at p174: ….‘to deceive'’ is one thing. To ‘cause confusion' is another. The difference is this: When you deceive a man, you tell him a lie."
CASE/1963/CLR/109/407,(1963) 109 CLR 407,reported,1963,CLR,,109,407,2,,,[1963] HCA 66,CASE/1963/HCA/66,TMM/Part19A/2#1~1,TMM/Part19A/2,Part19A,Part 19A Use of a Trade Mark,19A.2. Use 'as a trade mark',Part 19A Use of a Trade Mark > 19A.2. Use 'as a trade mark',1,1880,1,https://manuals.ipaustralia.gov.au/trademark/19a2-use-as-a-trade-mark,ar to consumers as possessing the character of the brand: Shell Company of Australia Ltd v Esso Standard Oil (Australia) Ltd [1963] HCA 66; (1963) 109 CLR 407 at 422. Use that is solely descriptive or laudatory is unlikely to be use of a sign as a ‘badge of origin’. Such use is therefore not use o
CASE/1963/CLR/109/407,(1963) 109 CLR 407,reported,1963,CLR,,109,407,2,,,,,TMM/Part9/4/4/1,TMM/Part9/4,Part9,Part 9 Amendments and Changes to Name and Address,"Part 9.4. Amendment after particulars of an application have been published (Sections 63, 65 and 65A)","Part 9 Amendments and Changes to Name and Address > Part 9.4. Amendment after particulars of an application have been published (Sections 63, 65 and 65A) > 4.1 Subsection 65(2) - amend representation of trade mark",2,837,1,https://manuals.ipaustralia.gov.au/trademark/4.-amendment-after-particulars-of-an-application-have-been-published-sections-63-65-and-65a,"he trade mark's distinctive or main identifying element or elements. (For guidance, see Shell Co. (Aust) Ltd v Esso Standard Oil (Aust) Ltd (1963) 109 CLR 407; Pham Global Pty Ltd v Insight Clinical Imaging Pty Ltd [2017] FCAFC 83; Optical 88 Ltd v Optical 88 Pty Ltd (No. 2) [2011] FCAFC 130). For"
CASE/1963/HCA/66,[1963] HCA 66,neutral,1963,HCA,66,,,3,,,(1963) 109 CLR 407,CASE/1963/CLR/109/407,TMM/Part19A/2#1~1,TMM/Part19A/2,Part19A,Part 19A Use of a Trade Mark,19A.2. Use 'as a trade mark',Part 19A Use of a Trade Mark > 19A.2. Use 'as a trade mark',1,1865,1,https://manuals.ipaustralia.gov.au/trademark/19a2-use-as-a-trade-mark,ords would appear to consumers as possessing the character of the brand: Shell Company of Australia Ltd v Esso Standard Oil (Australia) Ltd [1963] HCA 66; (1963) 109 CLR 407 at 422. Use that is solely descriptive or laudatory is unlikely to be use of a sign as a ‘badge of origin’. Such use is
CASE/1963/HCA/66,[1963] HCA 66,neutral,1963,HCA,66,,,3,,,,,TMM/Part26/5/5/1~1,TMM/Part26/5,Part26,Part 26 Section 44 and Regulation 4.15A - Conflict with Other Signs,26.5. Similarity of trade marks,Part 26 Section 44 and Regulation 4.15A - Conflict with Other Signs > 26.5. Similarity of trade marks > 5.1 Substantial identity and deceptive similarity,2,470,1,https://manuals.ipaustralia.gov.au/trademark/5.-similarity-of-trade-marks," determining substantial identity and deceptive similarity are set out by Windeyer J in Shell Co. (Aust) Ltd v Esso Standard Oil (Aust) Ltd [1963] HCA 66 at [12]: In considering whether marks are substantially identical they should, I think, be compared side by side, their similarities and di"
CASE/1963/HCA/66,[1963] HCA 66,neutral,1963,HCA,66,,,3,,,,,TMM/Part26/5/5/1~2,TMM/Part26/5,Part26,Part 26 Section 44 and Regulation 4.15A - Conflict with Other Signs,26.5. Similarity of trade marks,Part 26 Section 44 and Regulation 4.15A - Conflict with Other Signs > 26.5. Similarity of trade marks > 5.1 Substantial identity and deceptive similarity,3,397,1,https://manuals.ipaustralia.gov.au/trademark/5.-similarity-of-trade-marks,ubstantially identical consistent with the observations of Windeyer J in The Shell Co. of Australia Ltd v Esso Standard Oil (Australia) Ltd [1963] HCA 66; as earlier recognised by the court in the reasons. The dominant cognitive cues are the essential features striking the eye in a side by si
CASE/1964/CLR/111/511,(1964) 111 CLR 511,reported,1964,CLR,,111,511,2,,,,,TMM/Part22/15/15/3,TMM/Part22/15,Part22,Part 22 Section 41 - Capable of Distinguishing,22.15. Geographical names,Part 22 Section 41 - Capable of Distinguishing > 22.15. Geographical names > 15.3 Geographical names which have no inherent adaptation to distinguish,5,1636,1,https://manuals.ipaustralia.gov.au/trademark/15.-geographical-names,"e in terms of cost and practicality to trade from the location in question: For guidance, see Clark Equipment Co v Registrar of Trade Marks (1964) 111 CLR 511 (’Michigan’); Blount Inc v Registrar of Trade Marks (1998) 40 IPR 498 (‘Oregon’); Thomson v B. Seppelt (1925) 37 CLR 305 (’Great Western');"
CASE/1964/CLR/111/511,(1964) 111 CLR 511,reported,1964,CLR,,111,511,2,,,,,TMM/Part22/3#1~1,TMM/Part22/3,Part22,Part 22 Section 41 - Capable of Distinguishing,22.3. Inherent adaptation to distinguish,Part 22 Section 41 - Capable of Distinguishing > 22.3. Inherent adaptation to distinguish,1,1456,1,https://manuals.ipaustralia.gov.au/trademark/3.-inherent-adaptation-to-distinguish,nherent adaptability is something which depends on the nature of the trade mark itself - see Clark Equipment Co v Registrar of Trade Marks [(1964) 111 CLR 511 at 515 - the Michigan case] - and therefore is not something that can be acquired; the inherent nature of the trade mark itself cannot be c
CASE/1964/HCA/55,[1964] HCA 55,neutral,1964,HCA,55,,,1,,,,,TMM/Part21/3/3/2,TMM/Part21/3,Part21,Part 21 Non-traditional Signs,21.3. Shape (three-dimensional) trade marks,Part 21 Non-traditional Signs > 21.3. Shape (three-dimensional) trade marks > 3.2 Shapes may be capable of distinguishing,3,213,1,https://manuals.ipaustralia.gov.au/trademark/3.-shape-three-dimensional-trade-marks,"e broad criteria as any other kind of sign. The appropriate inquiry was set out by Kitto J in Clark Equipment Co v Registrar of Trade Marks [1964] HCA 55 at [5], stating that whether a trade mark is adapted to distinguish should: be tested by reference to the likelihood that other persons, tr"
CASE/1965/CLR/112/517,(1965) 112 CLR 517,reported,1965,CLR,,112,517,2,,,,,TMM/Part20/4#1~1,TMM/Part20/4,Part20,Part 20 Definition of a Trade Mark and Presumption of Registrability,20.4. Presumption of registrability,Part 20 Definition of a Trade Mark and Presumption of Registrability > 20.4. Presumption of registrability,1,859,1,https://manuals.ipaustralia.gov.au/trademark/4.-presumption-of-registrability,", it is to be understood as requiring that he or she be persuaded of the matter according to the balance of probabilities: Rejfek v McElroy (1965) 112 CLR 517; at 521. That is, that the Registrar be persuaded, having given proper consideration to those factors and circumstances that the Act requir"
CASE/1965/CLR/112/517,(1965) 112 CLR 517,reported,1965,CLR,,112,517,2,,,,,TMM/Part23/3#1,TMM/Part23/3,Part23,Part 23 Overcoming Grounds for Rejection under Section 41 - including Evidence of Use,Part 23.3. Evidence of use - general requirements,Part 23 Overcoming Grounds for Rejection under Section 41 - including Evidence of Use > Part 23.3. Evidence of use - general requirements,1,1049,1,https://manuals.ipaustralia.gov.au/trademark/3.-evidence-of-use---general-requirements,", it is to be understood as requiring that he or she be persuaded of the matter according to the balance of probabilities (Rejfek v McElroy (1965) 112 CLR 517, 521). That is, that the Registrar be persuaded, having given proper consideration to those factors and circumstances that the Act requires"
CASE/1965/CLR/112/537,(1965) 112 CLR 537,reported,1965,CLR,,112,537,1,,,,,TMM/Part22/3#1~3,TMM/Part22/3,Part22,Part 22 Section 41 - Capable of Distinguishing,22.3. Inherent adaptation to distinguish,Part 22 Section 41 - Capable of Distinguishing > 22.3. Inherent adaptation to distinguish,3,93,1,https://manuals.ipaustralia.gov.au/trademark/3.-inherent-adaptation-to-distinguish,"In F. H. Faulding & Son Ltd v Imperial Chemical Industries of Australia and New Zealand Ltd. (1965) 112 CLR 537 at 555 (‘Barrier Cream Case’), Kitto J summarised the appropriate inquiry as follows: The question to be asked in order to test whether a w"
CASE/1965/RPC/136,[1965] RPC 136,neutral,1965,RPC,136,,,1,,,,,TMM/Part22/12#1,TMM/Part22/12,Part22,Part 22 Section 41 - Capable of Distinguishing,"22.12. Slogans, phrases and multiple words","Part 22 Section 41 - Capable of Distinguishing > 22.12. Slogans, phrases and multiple words",1,1423,1,https://manuals.ipaustralia.gov.au/trademark/12.-slogans-phrases-and-multiple-words,elf automatically in the wash); Johnson & Johnson Pty Limited's Appn (1962) 32 AOJP 1214 (Best for baby best for you); Chin Chin Trade Mark [1965] RPC 136 (Chin Chin); Re Appn by Tandy Corp (1984) 3 IPR 221 (Worldwide supermarket of sound).
CASE/1965/RPC/347,[1965] RPC 347,neutral,1965,RPC,347,,,1,,,,,TMM/Part26/6/6/6~2,TMM/Part26/6,Part26,Part 26 Section 44 and Regulation 4.15A - Conflict with Other Signs,26.6. Factors to consider when comparing trade marks,Part 26 Section 44 and Regulation 4.15A - Conflict with Other Signs > 26.6. Factors to consider when comparing trade marks > 6.6 Considering invented words,13,356,1,https://manuals.ipaustralia.gov.au/trademark/6.-factors-to-consider-when-comparing-trade-marks,"t important for the purpose of distinction'. This was supported in ""Fif"" Trade Mark [1979] RPC 355 and also the finding in ""Mem"" Trade Mark [1965] RPC 347. In both of these cases, it must be noted, one of the conflicting marks had some meaning. The comments in London Lubricants supra are most "
CASE/1967/RPC/595,[1967] RPC 595,neutral,1967,RPC,595,,,1,,,,,TMM/Part19A/3/3/1,TMM/Part19A/3,Part19A,Part 19A Use of a Trade Mark,19A.3. Use 'in the course of trade',Part 19A Use of a Trade Mark > 19A.3. Use 'in the course of trade' > 3.1 Dealings,2,1728,1,https://manuals.ipaustralia.gov.au/trademark/3.-use-in-the-course-of-trade,"c to promote the applicant’s business operations established that they were used in the course of trade. See also Hospital World trade mark [1967] RPC 595, Update trade mark [1979] RPC 166, Golden Pages trade mark [1985] FSR 27 and Visa trade mark [1985] RPC 323. The hire purchase or leasing o"
CASE/1968/AOJP/38/3440,(1968) 38 AOJP 3440,reported,1968,AOJP,,38,3440,1,,,,,TMM/Part22/13/13/4,TMM/Part22/13,Part22,Part 22 Section 41 - Capable of Distinguishing,22.13. Common formats for trade marks,Part 22 Section 41 - Capable of Distinguishing > 22.13. Common formats for trade marks > 13.4 Ultra trade marks,5,776,1,https://manuals.ipaustralia.gov.au/trademark/13.-common-formats-for-trade-marks,"tinguish, or of any other circumstances, in order to be accepted. Examples are ULTRA SHIRT and ULTRA PAPER (see Re Appn by John May Pty Ltd (1968) 38 AOJP 3440 (Ultracide); Re Spring Industries Inc's Appn (1991) 23 IPR 188 (Ultra suede); Re Courtauld Textiles' Appn (1994) 30 IPR 624 (Ultrabra))."
CASE/1968/HCA/72,[1968] HCA 72,neutral,1968,HCA,72,,,2,,,,,TMM/Part28/3/3/3,TMM/Part28/3,Part28,"Part 28 Honest Concurrent Use, Prior Use or Other Circumstances",28.3. Examining evidence of honest concurrent use - the five criteria,"Part 28 Honest Concurrent Use, Prior Use or Other Circumstances > 28.3. Examining evidence of honest concurrent use - the five criteria > 3.2 The degree of confusion that is likely between the trade marks in question > 3.3 Whether instances of confusion have in fact occurred",12,799,1,https://manuals.ipaustralia.gov.au/trademark/3.-examining-evidence-of-honest-concurrent-use---the-five-criteria,"er, the discovery of instances of actual confusion is not necessarily fatal to the application. (See Berlei Limited v Bali Brassiere Co Inc [1968] HCA 72 (‘Bali’))."
CASE/1968/HCA/72,[1968] HCA 72,neutral,1968,HCA,72,,,2,,,,,TMM/Part29/9/9/3~1,TMM/Part29/9,Part29,Part 29 Section 43 - Trade Marks likely to Deceive or Cause Confusion,29.9. Geographical references,Part 29 Section 43 - Trade Marks likely to Deceive or Cause Confusion > 29.9. Geographical references > 9.3 Is the Trade Mark Likely to Cause Confusion?,3,2107,1,https://manuals.ipaustralia.gov.au/trademark/10.-geographical-references,"ot produced in Italy or from Italian materials. Example 3 Trade Mark - BALI Class 25: Bras Re Bali Brassiere Co Inc's Registered Trade Mark [1968] HCA 72 Exam Practice - No s 43 ground for rejection. Bali is a geographical location well-known to Australians, but consumers would have no reason"
CASE/1969/CLR/122/1,(1969) 122 CLR 1,reported,1969,CLR,,122,1,2,,,,,TMM/Part48/10#1~1,TMM/Part48/10,Part48,Part 48 Removal of a Trade Mark from the Register for Non-use,Part 48.10. Circumstances that were an obstacle to the use of a trade mark,Part 48 Removal of a Trade Mark from the Register for Non-use > Part 48.10. Circumstances that were an obstacle to the use of a trade mark,1,1825,1,https://manuals.ipaustralia.gov.au/trademark/10.-circumstances-that-were-an-obstacle-to-the-use-of-a-trade-mark,es attaching to and belonging to the trader personally. The point made by Lord Evershed was carried by Kitto J in Carl Zeiss Pty Ltd's Appn (1969) 122 CLR 1.
CASE/1969/CLR/122/1,(1969) 122 CLR 1,reported,1969,CLR,,122,1,2,,,,,TMM/Part48/12#1,TMM/Part48/12,Part48,Part 48 Removal of a Trade Mark from the Register for Non-use,Part 48.12. Registrar's discretion in deciding an opposed non-use application,Part 48 Removal of a Trade Mark from the Register for Non-use > Part 48.12. Registrar's discretion in deciding an opposed non-use application,1,810,1,https://manuals.ipaustralia.gov.au/trademark/12.-registrars-discretion-in-deciding-an-opposed-non-use-application,"e mark should be removed, as the case may be, ""unless sufficient reason appears for leaving it there"": cf Application by Carl Zeiss Pty Ltd (1969) 122 CLR 1 at 11 and Astronaut trade mark [1972] RPC 655 at 672. However, the decision of the Registrar is an administrative one, unlike the decision "
CASE/1969/RPC/102,[1969] RPC 102,neutral,1969,RPC,102,,,1,,,,,TMM/Part26/6/6/4~2,TMM/Part26/6,Part26,Part 26 Section 44 and Regulation 4.15A - Conflict with Other Signs,26.6. Factors to consider when comparing trade marks,Part 26 Section 44 and Regulation 4.15A - Conflict with Other Signs > 26.6. Factors to consider when comparing trade marks > 6.4 Trade marks that share the same or similar element,8,218,1,https://manuals.ipaustralia.gov.au/trademark/6.-factors-to-consider-when-comparing-trade-marks,"Yes The extent to which the shared element has retained its identity as an essential feature of the trade marks (Bulova Accutron Trade Mark [1969] RPC 102). In Energy Beverages LLC v Cantarella Bros Pty Ltd [2023] FCAFC 44 at [167-171], the court held that MOTHER and MOTHERSKY were deceptively"
CASE/1969/RPC/472,[1969] RPC 472,neutral,1969,RPC,472,,,1,,,,,TMM/Part46/4/4/5/2,TMM/Part46/4,Part46,Part 46 Grounds for Opposition to Registration or Protection,Part 46.4. Grounds for opposition to registration of national trade marks,Part 46 Grounds for Opposition to Registration or Protection > Part 46.4. Grounds for opposition to registration of national trade marks > 4.5.2 The likelihood of deception or confusion,10,1781,1,https://manuals.ipaustralia.gov.au/trademark/4.-grounds-for-opposition-to-registration-of-national-trade-marks,onsumers. The assessment of what is ‘significant or substantial’ must be properly and sensibly applied (Berlei (UK) v Balie Bassiere Co Inc [1969] RPC 472) and may depend on the specialised nature of the relevant market (Le Cordon Bleu BV v Cordon Bleu International Ltee [2000] FCA 1587).
CASE/1969/RPC/600,[1969] RPC 600,neutral,1969,RPC,600,,,1,,,,,TMM/Part14/7/7/1,TMM/Part14/7,Part14,Part 14 Classification of Goods and Services,14.7. Interpretation of specifications,Part 14 Classification of Goods and Services > 14.7. Interpretation of specifications > 7.1 General Guidance,1,443,1,https://manuals.ipaustralia.gov.au/trademark/7.-interpretation-of-specifications,"etermines the scope of a claim (for guidance, see Nikkken Wellness Pty Ltd v van Voorst [2003] FCA 816, [40], [44]; Daiquiri Rum Trade Mark [1969] RPC 600). The terminology of claims is therefore important in determining the scope of a particular application or registration. When in doubt, dic"
CASE/1969/RPC/91,[1969] RPC 91,neutral,1969,RPC,91,,,1,,,,,TMM/Part52/4#1,TMM/Part52/4,Part52,"Part 52 Hearings, Decisions, Reasons and Appeals",Part 52.4. Role and powers of the Registrar in hearings,"Part 52 Hearings, Decisions, Reasons and Appeals > Part 52.4. Role and powers of the Registrar in hearings",1,864,1,https://manuals.ipaustralia.gov.au/trademark/4.-role-and-powers-of-the-registrar-in-hearings,"e rules of evidence, as are the courts. In the words of Lord Denning MR in T.A. Miller Ltd v The Minister for Housing and Local Government, [1969] RPC 91, “A tribunal (of this kind) is master of its own procedure, provided that the rules of natural justice are applied. … Tribunals are entitle"
CASE/1972/RPC/655,[1972] RPC 655,neutral,1972,RPC,655,,,1,,,,,TMM/Part48/12#1,TMM/Part48/12,Part48,Part 48 Removal of a Trade Mark from the Register for Non-use,Part 48.12. Registrar's discretion in deciding an opposed non-use application,Part 48 Removal of a Trade Mark from the Register for Non-use > Part 48.12. Registrar's discretion in deciding an opposed non-use application,1,858,1,https://manuals.ipaustralia.gov.au/trademark/12.-registrars-discretion-in-deciding-an-opposed-non-use-application,"nless sufficient reason appears for leaving it there"": cf Application by Carl Zeiss Pty Ltd (1969) 122 CLR 1 at 11 and Astronaut trade mark [1972] RPC 655 at 672. However, the decision of the Registrar is an administrative one, unlike the decision of a court in what may otherwise be the same m"
CASE/1973/CLR/128/417,(1973) 128 CLR 417,reported,1973,CLR,,128,417,2,,,,,TMM/Part22/3#1~1,TMM/Part22/3,Part22,Part 22 Section 41 - Capable of Distinguishing,22.3. Inherent adaptation to distinguish,Part 22 Section 41 - Capable of Distinguishing > 22.3. Inherent adaptation to distinguish,1,1206,1,https://manuals.ipaustralia.gov.au/trademark/3.-inherent-adaptation-to-distinguish,"lity of the trade mark itself and cannot be acquired through use in the market place. In Burger King Corporation v Registrar of Trade Marks (1973) 128 CLR 417, 424 (‘The Whopper Case’) Gibbs J said in relation to paragraph 26(2)(a) of the 1955 Act: Inherent adaptability is something which depends "
CASE/1973/CLR/128/417,(1973) 128 CLR 417,reported,1973,CLR,,128,417,2,,,,,TMM/Part22/9/9/2,TMM/Part22/9,Part22,Part 22 Section 41 - Capable of Distinguishing,22.9. Words,Part 22 Section 41 - Capable of Distinguishing > 22.9. Words > 9.2 Kind,3,612,1,https://manuals.ipaustralia.gov.au/trademark/9.-words,"cceptable for cars. Words like LARGE and SMALL would be difficult to register for any goods or services. For guidance, see the Whopper case (1973) 128 CLR 417 (‘Whopper’); Matsushita Electrical Industrial Co Ltd's Appn (1989) 15 IPR 125 (‘Junior’); Colgate & Co's Appn (1913) 30 RPC 262 (‘Ribbon De"
CASE/1973/RPC/297,[1973] RPC 297,neutral,1973,RPC,297,,,2,,,,,TMM/Part28/2#1,TMM/Part28/2,Part28,"Part 28 Honest Concurrent Use, Prior Use or Other Circumstances",28.2. Honest concurrent use - para 44(3)(a),"Part 28 Honest Concurrent Use, Prior Use or Other Circumstances > 28.2. Honest concurrent use - para 44(3)(a)",1,883,1,https://manuals.ipaustralia.gov.au/trademark/2.-honest-concurrent-use---paragraph-443a,e marks to be protected when their use was not initially deceptive but when a risk of deception had subsequently arisen. (see GE Trade Mark [1973] RPC 297). Criteria to be taken into account when applying s 34(1) of the 1955 Act (the equivalent of para 44(3)(a) of the 1995 Act) were set out by
CASE/1973/RPC/297,[1973] RPC 297,neutral,1973,RPC,297,,,2,,,,,TMM/Part28/3/3/4~1,TMM/Part28/3,Part28,"Part 28 Honest Concurrent Use, Prior Use or Other Circumstances",28.3. Examining evidence of honest concurrent use - the five criteria,"Part 28 Honest Concurrent Use, Prior Use or Other Circumstances > 28.3. Examining evidence of honest concurrent use - the five criteria > 3.2 The degree of confusion that is likely between the trade marks in question > 3.4 The extent of use in duration, area and volume",13,798,1,https://manuals.ipaustralia.gov.au/trademark/3.-examining-evidence-of-honest-concurrent-use---the-five-criteria,"arly duration, volume sold, amount of promotion and the nature of the relevant market for goods and services. As indicated in GE Trade Mark [1973] RPC 297, and “Granada” Trade Mark [1979] RPC 303, the evidence ought to demonstrate real commercial value and goodwill in the trade mark. It may be"
CASE/1974/HCA/51,[1974] HCA 51,neutral,1974,HCA,51,,,1,,,,,TMM/Part19A/3/3/1,TMM/Part19A/3,Part19A,Part 19A Use of a Trade Mark,19A.3. Use 'in the course of trade',Part 19A Use of a Trade Mark > 19A.3. Use 'in the course of trade' > 3.1 Dealings,2,201,1,https://manuals.ipaustralia.gov.au/trademark/3.-use-in-the-course-of-trade," or in physical or other relation to, the goods or services in question. In Thunderbird Products Corp v Thunderbird Marine Products Pty Ltd [1974] HCA 51, a sale of a single boat as a prototype from an American company to an Australian importer was sufficient to constitute a dealing in the go"
CASE/1974/RPC/672,[1974] RPC 672,neutral,1974,RPC,672,,,1,,,,,TMM/Part21/3/3/10,TMM/Part21/3,Part21,Part 21 Non-traditional Signs,21.3. Shape (three-dimensional) trade marks,Part 21 Non-traditional Signs > 21.3. Shape (three-dimensional) trade marks > 3.10 Registered design as a trade mark,15,485,1,https://manuals.ipaustralia.gov.au/trademark/3.-shape-three-dimensional-trade-marks,"o's Application [1908] 1 Ch 197; Charles Goodall & Son Ltd v John Waddington Ltd (1924) 41 RPC 658; Sobrefina S.A.'s Trade Mark Application [1974] RPC 672 at 680). However, the fact that features of shape and configuration of a container for goods have been registered under the Designs Act, do"
CASE/1976/CLR/136/47,(1976) 136 CLR 47,reported,1976,CLR,,136,47,1,,,,,TMM/Part55/1#1~2,TMM/Part55/1,Part55,Part 55 Costs,Part 55.1. Legislative Basis,Part 55 Costs > Part 55.1. Legislative Basis,2,712,1,https://manuals.ipaustralia.gov.au/trademark/1.-legislative-basis,hich allows the successful party to claim such costs if he or she is a self-represented solicitor (See also Guss v Veenhuizen (No 2) (No 2) (1976) 136 CLR 47.) In Beling v Sixty Interna􀆟onal SA [2015] FCA 250 Mortimer J held that this exception should apply to the award of costs in proceedings be
CASE/1976/RPC/605,[1976] RPC 605,neutral,1976,RPC,605,,,1,,,,,TMM/Part30/2/2/2,TMM/Part30/2,Part30,Part 30 Signs that are Scandalous and Use Contrary to Law,30.2. Scandalous signs,Part 30 Signs that are Scandalous and Use Contrary to Law > 30.2. Scandalous signs > 2.2,3,844,1,https://manuals.ipaustralia.gov.au/trademark/2.-scandalous-signs,"rom Mr Myall, the deciding officer in a UK case, where the test was ""contrary to morality” rather than scandalous. In Hallelujah Trade mark [1976] RPC 605 (‘Hallelujah Case’) he said at 607: I conclude that the phrase ""contrary to morality"" falls to be considered by the generally accepted stan"
CASE/1977/CLR/138/1,(1977) 138 CLR 1,reported,1977,CLR,,138,1,2,,,,,TMM/Part48/12#1,TMM/Part48/12,Part48,Part 48 Removal of a Trade Mark from the Register for Non-use,Part 48.12. Registrar's discretion in deciding an opposed non-use application,Part 48 Removal of a Trade Mark from the Register for Non-use > Part 48.12. Registrar's discretion in deciding an opposed non-use application,1,1110,1,https://manuals.ipaustralia.gov.au/trademark/12.-registrars-discretion-in-deciding-an-opposed-non-use-application," court in what may otherwise be the same matter - see the decision of Jacobs J in The Queen v Quinn, ex parte Consolidated Food Corporation (1977) 138 CLR 1 at 10. Thus there may be matters which affect the exercise of the discretion by a court but which are beyond the Registrar’s competence to "
CASE/1977/CLR/138/1,(1977) 138 CLR 1,reported,1977,CLR,,138,1,2,,,,,TMM/Part55/1#1~1,TMM/Part55/1,Part55,Part 55 Costs,Part 55.1. Legislative Basis,Part 55 Costs > Part 55.1. Legislative Basis,1,761,1,https://manuals.ipaustralia.gov.au/trademark/1.-legislative-basis,"the Patents Act cannot be described as an essential element of the exercise of judicial power - R v Quinn; Ex Parte Consolidated Foods Corp (1977) 138 CLR 1 applied. The award of costs is dealt with in subsection 221(1) which provides that the Registrar may award costs in respect of the matters,"
CASE/1977/HCA/62,[1977] HCA 62,neutral,1977,HCA,62,,,1,,,,,TMM/Part52/4#1,TMM/Part52/4,Part52,"Part 52 Hearings, Decisions, Reasons and Appeals",Part 52.4. Role and powers of the Registrar in hearings,"Part 52 Hearings, Decisions, Reasons and Appeals > Part 52.4. Role and powers of the Registrar in hearings",1,298,1,https://manuals.ipaustralia.gov.au/trademark/4.-role-and-powers-of-the-registrar-in-hearings," rather than a judicial, role in matters arising from the administration of the Act (see R v Quinn: Ex Parte Consolidated Foods Corporation [1977] HCA 62). The proceedings are less formal than in a court and the Registrar’s primary concern is that all parties concerned have adequate opportuni"
CASE/1977/RPC/529,[1977] RPC 529,neutral,1977,RPC,529,,,1,,,,,TMM/Part32A/2/3/2-3-1-a-variety-names,TMM/Part32A/2/3,Part32A,Part 32A Examination of Trade Marks for Plants (in Class 31),32A.2.3 Section 41: Capacity to Distinguish,Part 32A Examination of Trade Marks for Plants (in Class 31) > 32A.2.3 Section 41: Capacity to Distinguish > 2.3.1 The Name of a Plant > 2.3.1(a) Variety names,3,1673,1,https://manuals.ipaustralia.gov.au/trademark/2.3-section-41--capacity-to-distinguish,"ty of a plant name to function as a trade mark was also considered in: Wheatcroft Bros Ltd’s Trade Marks (1954) 71 RPC 43 ""Ogen"" Trade Mark [1977] RPC 529 P.A and E.V Strauss (1999), 47 IPR 191 (“Tropical Birch”) Buhanan Turf Supplies Pty Ltd (2015) FCA 756 (“Sir Walter”) See Annex 5 for summa"
CASE/1978/ALR/18/555,(1978) 18 ALR 555,reported,1978,ALR,,18,555,1,,,,,TMM/Part54/3/3/6,TMM/Part54/3,Part54,"Part 54 Subpoenas, Summonses and Production of Documents",Part 54.3. Production of documents,"Part 54 Subpoenas, Summonses and Production of Documents > Part 54.3. Production of documents > 3.6 Registrar’s consideration of produced documents",12,1107,1,https://manuals.ipaustralia.gov.au/trademark/3.-production-of-documents,"of Railways (1938) SR (NSW) 564 at 573, Spencer Motors Ltd v LNC Industries Ltd [1982] 2 NSWLR 921 at 929 and Lucas Industries Ltd v Hewitt (1978) 18 ALR 555. 4 See notes 1 and 2 to part 54.2"
CASE/1978/FSR/193,[1978] FSR 193,neutral,1978,FSR,193,,,1,,,,,TMM/Part28/4#1,TMM/Part28/4,Part28,"Part 28 Honest Concurrent Use, Prior Use or Other Circumstances",28.4. Other circumstances - paragraph 44(3)(b),"Part 28 Honest Concurrent Use, Prior Use or Other Circumstances > 28.4. Other circumstances - paragraph 44(3)(b)",1,412,1,https://manuals.ipaustralia.gov.au/trademark/4.-other-circumstances---paragraph-443b,"trar’s opinion, make the acceptance of an application proper notwithstanding a real risk of deception or confusion. Bali Trade Mark (No. 2) [1978] FSR 193 (‘Bali No. 2’), concerned, amongst other things, consideration of s 12(2) of the, now repealed, Trade Marks Act 1938 (UK). Section 12(2) de"
CASE/1978/HCA/11,[1978] HCA 11,neutral,1978,HCA,11,,,1,,,,,TMM/Part26/6/6/7~1,TMM/Part26/6,Part26,Part 26 Section 44 and Regulation 4.15A - Conflict with Other Signs,26.6. Factors to consider when comparing trade marks,Part 26 Section 44 and Regulation 4.15A - Conflict with Other Signs > 26.6. Factors to consider when comparing trade marks > 6.7 The descriptiveness of the trade mark,14,2044,1,https://manuals.ipaustralia.gov.au/trademark/6.-factors-to-consider-when-comparing-trade-marks,"his is to be seen in the decision of the High Court in Hornsby Building Information Centre Pty Ltd v Sydney Building Information Centre Ltd [1978] HCA 11, dealing with the statutory consumer protection regime: The risk of confusion must be accepted, to do otherwise is to give to one who appro"
CASE/1979/RPC/143,[1979] RPC 143,neutral,1979,RPC,143,,,1,,,,,TMM/Part22/9/9/5,TMM/Part22/9,Part22,Part 22 Section 41 - Capable of Distinguishing,22.9. Words,Part 22 Section 41 - Capable of Distinguishing > 22.9. Words > 9.5 Intended purpose,6,773,1,https://manuals.ipaustralia.gov.au/trademark/9.-words,"(1984) IPD 6136 (UK) (‘Second chance at love’); Intermed Communications Inc's Appn (1985) AIPC 90-256 (‘Nursing 79’); ""The Chef"" trade mark [1979] RPC 143 (Board of Trade)."
CASE/1979/RPC/166,[1979] RPC 166,neutral,1979,RPC,166,,,1,,,,,TMM/Part19A/3/3/1,TMM/Part19A/3,Part19A,Part 19A Use of a Trade Mark,19A.3. Use 'in the course of trade',Part 19A Use of a Trade Mark > 19A.3. Use 'in the course of trade' > 3.1 Dealings,2,1762,1,https://manuals.ipaustralia.gov.au/trademark/3.-use-in-the-course-of-trade,"ess operations established that they were used in the course of trade. See also Hospital World trade mark [1967] RPC 595, Update trade mark [1979] RPC 166, Golden Pages trade mark [1985] FSR 27 and Visa trade mark [1985] RPC 323. The hire purchase or leasing of a product is also a dealing that"
CASE/1979/RPC/303,[1979] RPC 303,neutral,1979,RPC,303,,,1,,,,,TMM/Part28/3/3/4~1,TMM/Part28/3,Part28,"Part 28 Honest Concurrent Use, Prior Use or Other Circumstances",28.3. Examining evidence of honest concurrent use - the five criteria,"Part 28 Honest Concurrent Use, Prior Use or Other Circumstances > 28.3. Examining evidence of honest concurrent use - the five criteria > 3.2 The degree of confusion that is likely between the trade marks in question > 3.4 The extent of use in duration, area and volume",13,839,2,https://manuals.ipaustralia.gov.au/trademark/3.-examining-evidence-of-honest-concurrent-use---the-five-criteria,"motion and the nature of the relevant market for goods and services. As indicated in GE Trade Mark [1973] RPC 297, and “Granada” Trade Mark [1979] RPC 303, the evidence ought to demonstrate real commercial value and goodwill in the trade mark. It may be apparent that a shortfall in one of the "
CASE/1979/RPC/355,[1979] RPC 355,neutral,1979,RPC,355,,,1,,,,,TMM/Part26/6/6/6~2,TMM/Part26/6,Part26,Part 26 Section 44 and Regulation 4.15A - Conflict with Other Signs,26.6. Factors to consider when comparing trade marks,Part 26 Section 44 and Regulation 4.15A - Conflict with Other Signs > 26.6. Factors to consider when comparing trade marks > 6.6 Considering invented words,13,300,1,https://manuals.ipaustralia.gov.au/trademark/6.-factors-to-consider-when-comparing-trade-marks,"'the first syllable of a word is, as a rule, far the most important for the purpose of distinction'. This was supported in ""Fif"" Trade Mark [1979] RPC 355 and also the finding in ""Mem"" Trade Mark [1965] RPC 347. In both of these cases, it must be noted, one of the conflicting marks had some me"
CASE/1980/CLR/144/13,(1980) 144 CLR 13,reported,1980,CLR,,144,13,1,,,[1980] HCA 13,CASE/1980/HCA/13,TMM/Part52/5/5/4~1,TMM/Part52/5,Part52,"Part 52 Hearings, Decisions, Reasons and Appeals",Part 52.5. Rights of appeal from decisions of the Registrar,"Part 52 Hearings, Decisions, Reasons and Appeals > Part 52.5. Rights of appeal from decisions of the Registrar > 5.4 Role of the Registrar in an appeal",6,1806,1,https://manuals.ipaustralia.gov.au/trademark/5.-rights-of-appeal-from-decisions-of-the-registrar,"ot participate in inter partes proceedings. See for example The Queen v. Australian Broadcasting Tribunal; ex parte Hardiman [1980] HCA 13; (1980) 144 CLR 13, the source of the Hardiman principle. There may be instances where it is appropriate for the Registrar to attend in the capacity of a Frie"
CASE/1980/ALR/31/177,(1980) 31 ALR 177,reported,1980,ALR,,31,177,1,,,,,TMM/Part22/9/9/4,TMM/Part22/9,Part22,Part 22 Section 41 - Capable of Distinguishing,22.9. Words,Part 22 Section 41 - Capable of Distinguishing > 22.9. Words > 9.4 Quantity,5,349,1,https://manuals.ipaustralia.gov.au/trademark/9.-words,"ed to indicate volume, area, model or batch number, and would be unlikely to function as trade marks (see Registrar of Trade marks v Muller (1980) 31 ALR 177 and also paragraphs 22 and 23 of this Part)."
CASE/1980/ALR/32/211,(1980) 32 ALR 211,reported,1980,ALR,,32,211,2,,,,,TMM/Part22/9/9/2,TMM/Part22/9,Part22,Part 22 Section 41 - Capable of Distinguishing,22.9. Words,Part 22 Section 41 - Capable of Distinguishing > 22.9. Words > 9.2 Kind,3,339,1,https://manuals.ipaustralia.gov.au/trademark/9.-words,he only available description for the goods would lack any inherent adaptation to distinguish (see Eutectic Corp v Registrar of Trade Marks (1980) 32 ALR 211). The words SEDAN and STATION WAGON are commonly used to indicate vehicle size in the auto trade and would not be acceptable for cars. Word
CASE/1980/ALR/32/211,(1980) 32 ALR 211,reported,1980,ALR,,32,211,2,,,,,TMM/Part23/5/5/1,TMM/Part23/5,Part23,Part 23 Overcoming Grounds for Rejection under Section 41 - including Evidence of Use,Part 23.5. Specific evidence requirements for trade marks with no inherent adaptation to distinguish,Part 23 Overcoming Grounds for Rejection under Section 41 - including Evidence of Use > Part 23.5. Specific evidence requirements for trade marks with no inherent adaptation to distinguish > 5.1 What kind of trade marks are these?,2,693,1,https://manuals.ipaustralia.gov.au/trademark/5.-specific-evidence-requirements-for-trade-marks-with-no-inherent-adaptation-to-distinguish,dering of services. The following list of decided cases show examples of trade marks of this kind: Eutectic Corp v Registrar of Trade Marks (1980) 32 ALR 211 ('Eutectic') Oxford University Press v Registrar of Trade Marks [1990] FCA 175 ('Oxford') Blount Inc v The Registrar of Trade Marks [1998] 
CASE/1980/ALR/33/144,(1980) 33 ALR 144,reported,1980,ALR,,33,144,1,,,,,TMM/Part48/4#1~1,TMM/Part48/4,Part48,Part 48 Removal of a Trade Mark from the Register for Non-use,Part 48.4. Application for extension of time to oppose non-use application where the trade mark is removed,Part 48 Removal of a Trade Mark from the Register for Non-use > Part 48.4. Application for extension of time to oppose non-use application where the trade mark is removed,1,1523,1,https://manuals.ipaustralia.gov.au/trademark/4.-application-for-extension-of-time-to-oppose-the-non-use-application-where-the-trade-mark-is-already-removed,"iled to extend the time for opposing a non-use application, the general position as set down in Vangedal-Nielsen v Commissioner of Patents, (1980) 33 ALR 144, will apply. The applicant for the extension (the prospective opponent to the removal) will need to establish that a serious opposition is "
CASE/1980/AOJP/50/4200,(1980) 50 AOJP 4200,reported,1980,AOJP,,50,4200,1,,,,,TMM/Part21/3/3/10,TMM/Part21/3,Part21,Part 21 Non-traditional Signs,21.3. Shape (three-dimensional) trade marks,Part 21 Non-traditional Signs > 21.3. Shape (three-dimensional) trade marks > 3.10 Registered design as a trade mark,15,754,1,https://manuals.ipaustralia.gov.au/trademark/3.-shape-three-dimensional-trade-marks,"under the Designs Act, does not mean that they are necessarily adapted to distinguish as a trade mark. (See S.C. Johnson & Son, Inc’s Appn. (1980) 50 AOJP 4200 (Reg)). The usual tests for capacity to distinguish will apply for these applications as for any other."
CASE/1980/HCA/13,[1980] HCA 13,neutral,1980,HCA,13,,,1,,,(1980) 144 CLR 13,CASE/1980/CLR/144/13,TMM/Part52/5/5/4~1,TMM/Part52/5,Part52,"Part 52 Hearings, Decisions, Reasons and Appeals",Part 52.5. Rights of appeal from decisions of the Registrar,"Part 52 Hearings, Decisions, Reasons and Appeals > Part 52.5. Rights of appeal from decisions of the Registrar > 5.4 Role of the Registrar in an appeal",6,1791,1,https://manuals.ipaustralia.gov.au/trademark/5.-rights-of-appeal-from-decisions-of-the-registrar,"gistrar would not participate in inter partes proceedings. See for example The Queen v. Australian Broadcasting Tribunal; ex parte Hardiman [1980] HCA 13; (1980) 144 CLR 13, the source of the Hardiman principle. There may be instances where it is appropriate for the Registrar to attend in the"
CASE/1980/HCA/35,[1980] HCA 35,neutral,1980,HCA,35,,,1,,,,,TMM/Part52/6#1,TMM/Part52/6,Part52,"Part 52 Hearings, Decisions, Reasons and Appeals",Part 52.6. Appeals from decisions of the Federal Court etc.,"Part 52 Hearings, Decisions, Reasons and Appeals > Part 52.6. Appeals from decisions of the Federal Court etc.",1,1125,1,https://manuals.ipaustralia.gov.au/trademark/6.-appeals-from-decisions-of-the-federal-court-etc,"cedures under the Act and the Registrar is of the opinion that the decision is clearly wrong in law. (See Registrar of Trade Marks v Muller [1980] HCA 35, Registrar of Trade Marks v Woolworths Ltd [1998] FCA 158, and Registrar of Trade Marks v Woolworths Ltd [1999] FCA 102.) The outcome of an"
CASE/1982/RPC/425,[1982] RPC 425,neutral,1982,RPC,425,,,1,,,,,TMM/Part19A/3/3/1,TMM/Part19A/3,Part19A,Part 19A Use of a Trade Mark,19A.3. Use 'in the course of trade',Part 19A Use of a Trade Mark > 19A.3. Use 'in the course of trade' > 3.1 Dealings,2,1985,1,https://manuals.ipaustralia.gov.au/trademark/3.-use-in-the-course-of-trade,C 323. The hire purchase or leasing of a product is also a dealing that constitutes use ‘in the course of trade’ (see Caravillas Trade Mark [1982] RPC 425).
CASE/1983/IPR/1/416,(1983) 1 IPR 416,reported,1983,IPR,,1,416,1,,,,,TMM/Part15/3/3/6,TMM/Part15/3,Part15,Part 15 General Provision for Extensions of Time,15.3. Circumstances in which the Registrar must extend time,Part 15 General Provision for Extensions of Time > 15.3. Circumstances in which the Registrar must extend time > 3.6,7,234,1,https://manuals.ipaustralia.gov.au/trademark/3.-circumstances-in-which-the-registrar-must-extend-time, context of paragraph 131(1)(b) of the 1955 Act can be found in Lyons (trading as Mitty's Authorized Newsagency) v Registrar of Trade Marks (1983) 1 IPR 416 at 429 (FC).
CASE/1983/FCA/143,[1983] FCA 143,neutral,1983,FCA,143,,,2,Caterpillar Loader Hire (Holdings) Pty Ltd v Caterpillar Tractor Co,https://jade.io/article/193325,,,TMM/Part26/4/4/3/1~4,TMM/Part26/4,Part26,Part 26 Section 44 and Regulation 4.15A - Conflict with Other Signs,26.4. Similarity of goods and services,"Part 26 Section 44 and Regulation 4.15A - Conflict with Other Signs > 26.4. Similarity of goods and services > 4.3 Closely related goods and services > 4.3.1 Retail, wholesale, and distribution services v goods",10,650,1,https://manuals.ipaustralia.gov.au/trademark/4.-similarity-of-goods-and-services,"s, the claims, and the environment the services will be accessed. METRO Caterpillar Loader Hire (Holdings) Pty Ltd v Caterpillar Tractor Co [1983] FCA 143 (‘Caterpillar’) tractors v service, maintenance and repair of land vehicles and rental and leasing of tractors Curtains v retail and sewing"
CASE/1983/FCA/143,[1983] FCA 143,neutral,1983,FCA,143,,,2,,,,,TMM/Part26/4/4/3~3,TMM/Part26/4,Part26,Part 26 Section 44 and Regulation 4.15A - Conflict with Other Signs,26.4. Similarity of goods and services,Part 26 Section 44 and Regulation 4.15A - Conflict with Other Signs > 26.4. Similarity of goods and services > 4.3 Closely related goods and services,6,1115,1,https://manuals.ipaustralia.gov.au/trademark/4.-similarity-of-goods-and-services,can be provided either with or without the sale or promotion of goods. (Caterpillar Loader Hire (Holdings) Pty Ltd v Caterpillar Tractor Co [1983] FCA 143 (Caterpillar)) Consideration of whether specific goods and services are “closely related” is an evaluative exercise whose outcome is likely
CASE/1983/FCA/236,[1983] FCA 236,neutral,1983,FCA,236,,,1,,,,,TMM/Part52/5/5/3,TMM/Part52/5,Part52,"Part 52 Hearings, Decisions, Reasons and Appeals",Part 52.5. Rights of appeal from decisions of the Registrar,"Part 52 Hearings, Decisions, Reasons and Appeals > Part 52.5. Rights of appeal from decisions of the Registrar > 5.3 Review under the Administrative Decisions (Judicial Review) Act 1977",5,835,1,https://manuals.ipaustralia.gov.au/trademark/5.-rights-of-appeal-from-decisions-of-the-registrar,ade mark might be sought by the applicant for registration (see Lyons (trading as Mitty’s Authorized Newsagency) v Registrar of Trade Marks [1983] FCA 236). Review of a decision to refuse such an extension might be sought by a prospective opponent (see Atomic Skifabrik Alois Rohrmoser v Regist
CASE/1984/CLR/156/414,(1984) 156 CLR 414,reported,1984,CLR,,156,414,1,,,,,TMM/Part46/4/4/1/1,TMM/Part46/4,Part46,Part 46 Grounds for Opposition to Registration or Protection,Part 46.4. Grounds for opposition to registration of national trade marks,Part 46 Grounds for Opposition to Registration or Protection > Part 46.4. Grounds for opposition to registration of national trade marks > 4.1.1 First use,3,337,1,https://manuals.ipaustralia.gov.au/trademark/4.-grounds-for-opposition-to-registration-of-national-trade-marks,trade mark by a person other than the applicant or the applicant’s predecessor in title (Moorgate Tobacco Co Ltd v Philip Morris Ltd (No 2) (1984) 156 CLR 414). Part 19A Use of a Trade Mark
CASE/1984/IPR/2/388,(1984) 2 IPR 388,reported,1984,IPR,,2,388,1,,,,,TMM/Part22/9/9/2,TMM/Part22/9,Part22,Part 22 Section 41 - Capable of Distinguishing,22.9. Words,Part 22 Section 41 - Capable of Distinguishing > 22.9. Words > 9.2 Kind,3,882,1,https://manuals.ipaustralia.gov.au/trademark/9.-words,1913) 30 RPC 262 (‘Ribbon Dental Cream’); Associated Biscuits Ltd's Appn (1984) IPD 6133 (‘Sticklets’); Red Tulip Chocolates Pty Ltd's Appn (1984) 2 IPR 388 (‘Windsor Sticks’).
CASE/1984/IPR/3/221,(1984) 3 IPR 221,reported,1984,IPR,,3,221,1,,,,,TMM/Part22/12#1,TMM/Part22/12,Part22,Part 22 Section 41 - Capable of Distinguishing,"22.12. Slogans, phrases and multiple words","Part 22 Section 41 - Capable of Distinguishing > 22.12. Slogans, phrases and multiple words",1,1473,1,https://manuals.ipaustralia.gov.au/trademark/12.-slogans-phrases-and-multiple-words,Pty Limited's Appn (1962) 32 AOJP 1214 (Best for baby best for you); Chin Chin Trade Mark [1965] RPC 136 (Chin Chin); Re Appn by Tandy Corp (1984) 3 IPR 221 (Worldwide supermarket of sound).
CASE/1984/HCA/73,[1984] HCA 73,neutral,1984,HCA,73,,,1,,,,,TMM/Part19A/3/3/2~1,TMM/Part19A/3,Part19A,Part 19A Use of a Trade Mark,19A.3. Use 'in the course of trade',Part 19A Use of a Trade Mark > 19A.3. Use 'in the course of trade' > 3.2 Offering for sale of goods and/or services,3,259,1,https://manuals.ipaustralia.gov.au/trademark/3.-use-in-the-course-of-trade," The offering for sale of goods or services, if genuine, will suffice. In Moorgate Tobacco Co. Limited v Philip Morris Limited and Another, [1984] HCA 73 ('Moorgate'), Deane J stated at [23] that: The cases establish that it is not necessary that there be an actual dealing in goods bearing th"
CASE/1985/IPR/4/445,(1985) 4 IPR 445,reported,1985,IPR,,4,445,1,,,,,TMM/Part55/2/2/4,TMM/Part55/2,Part55,Part 55 Costs,Part 55.2. Award of costs,Part 55 Costs > Part 55.2. Award of costs > 2.4 Award of costs for a disputed extension of time,5,519,1,https://manuals.ipaustralia.gov.au/trademark/2.-award-of-costs,"sion of time matter, regardless of the final outcome of the substantive matter - see e.g. Lind Engineering Ltd v Leeton Steel Works Pty Ltd (1985) 4 IPR 445 and Bernard Leser Publications Pty Ltd v Spiritual Sky Group Cos Pty Ltd (1985) 5 IPR 149. However if the extension is only granted followi"
CASE/1985/IPR/5/149,(1985) 5 IPR 149,reported,1985,IPR,,5,149,1,,,,,TMM/Part55/2/2/4,TMM/Part55/2,Part55,Part 55 Costs,Part 55.2. Award of costs,Part 55 Costs > Part 55.2. Award of costs > 2.4 Award of costs for a disputed extension of time,5,609,1,https://manuals.ipaustralia.gov.au/trademark/2.-award-of-costs,"Lind Engineering Ltd v Leeton Steel Works Pty Ltd (1985) 4 IPR 445 and Bernard Leser Publications Pty Ltd v Spiritual Sky Group Cos Pty Ltd (1985) 5 IPR 149. However if the extension is only granted following matters which came to light at the hearing, then costs may be awarded against the succe"
CASE/1985/FSR/27,[1985] FSR 27,neutral,1985,FSR,27,,,1,,,,,TMM/Part19A/3/3/1,TMM/Part19A/3,Part19A,Part 19A Use of a Trade Mark,19A.3. Use 'in the course of trade',Part 19A Use of a Trade Mark > 19A.3. Use 'in the course of trade' > 3.1 Dealings,2,1802,1,https://manuals.ipaustralia.gov.au/trademark/3.-use-in-the-course-of-trade,"e used in the course of trade. See also Hospital World trade mark [1967] RPC 595, Update trade mark [1979] RPC 166, Golden Pages trade mark [1985] FSR 27 and Visa trade mark [1985] RPC 323. The hire purchase or leasing of a product is also a dealing that constitutes use ‘in the course of trad"
CASE/1985/RPC/323,[1985] RPC 323,neutral,1985,RPC,323,,,1,,,,,TMM/Part19A/3/3/1,TMM/Part19A/3,Part19A,Part 19A Use of a Trade Mark,19A.3. Use 'in the course of trade',Part 19A Use of a Trade Mark > 19A.3. Use 'in the course of trade' > 3.1 Dealings,2,1836,1,https://manuals.ipaustralia.gov.au/trademark/3.-use-in-the-course-of-trade," also Hospital World trade mark [1967] RPC 595, Update trade mark [1979] RPC 166, Golden Pages trade mark [1985] FSR 27 and Visa trade mark [1985] RPC 323. The hire purchase or leasing of a product is also a dealing that constitutes use ‘in the course of trade’ (see Caravillas Trade Mark [1982"
CASE/1986/IPR/7/111,(1986) 7 IPR 111,reported,1986,IPR,,7,111,1,,,,,TMM/Part22/9/9/5,TMM/Part22/9,Part22,Part 22 Section 41 - Capable of Distinguishing,22.9. Words,Part 22 Section 41 - Capable of Distinguishing > 22.9. Words > 9.5 Intended purpose,6,575,1,https://manuals.ipaustralia.gov.au/trademark/9.-words,"dance, see Wilkinson Sword Ltd's Appn (1989) 12 IPR 138 (‘Pivot’); Samboy Products Appn (1960) 30 AOJP 579 (‘Barbeque’); Plastic Inc's Appn (1986) 7 IPR 111 (‘Hi-Heat’); Jove Publication Inc's Appn (1984) IPD 6136 (UK) (‘Second chance at love’); Intermed Communications Inc's Appn (1985) AIPC 90-"
CASE/1986/IPR/7/567,(1986) 7 IPR 567,reported,1986,IPR,,7,567,1,,,,,TMM/Part55/2/2/4,TMM/Part55/2,Part55,Part 55 Costs,Part 55.2. Award of costs,Part 55 Costs > Part 55.2. Award of costs > 2.4 Award of costs for a disputed extension of time,5,858,1,https://manuals.ipaustralia.gov.au/trademark/2.-award-of-costs,"ng, then costs may be awarded against the successful party - see for example Nautical Services Pty Ltd v Hitech Distillation (Aust) Pty Ltd (1986) 7 IPR 567 and Foodland Associated Ltd v John Weeks Pty Ltd [1986] APO 37."
CASE/1986/APO/37,[1986] APO 37,neutral,1986,APO,37,,,1,,,,,TMM/Part55/2/2/4,TMM/Part55/2,Part55,Part 55 Costs,Part 55.2. Award of costs,Part 55 Costs > Part 55.2. Award of costs > 2.4 Award of costs for a disputed extension of time,5,924,1,https://manuals.ipaustralia.gov.au/trademark/2.-award-of-costs,or example Nautical Services Pty Ltd v Hitech Distillation (Aust) Pty Ltd (1986) 7 IPR 567 and Foodland Associated Ltd v John Weeks Pty Ltd [1986] APO 37.
CASE/1986/RPC/421,[1986] RPC 421,neutral,1986,RPC,421,,,1,,,,,TMM/Part21/3#1,TMM/Part21/3,Part21,Part 21 Non-traditional Signs,21.3. Shape (three-dimensional) trade marks,Part 21 Non-traditional Signs > 21.3. Shape (three-dimensional) trade marks,1,258,1,https://manuals.ipaustralia.gov.au/trademark/3.-shape-three-dimensional-trade-marks,"to be something separate and apart from the goods, a material sign to be affixed to the goods or their container (see Coca-Cola Trade Marks [1986] RPC 421. Since the definition of ""sign"" in section 6 of the 1995 Act specifically mentions ‘shape’ as a sign, there is no doubt that a three-dimens"
CASE/1987/IPR/7/551,(1987) 7 IPR 551,reported,1987,IPR,,7,551,1,,,,,TMM/Part15/4/4/2/1,TMM/Part15/4,Part15,Part 15 General Provision for Extensions of Time,15.4. Grounds on which the Registrar may grant an extension of time,Part 15 General Provision for Extensions of Time > 15.4. Grounds on which the Registrar may grant an extension of time > 4.2 Circumstances beyond the control of the person concerned > 4.2.1,4,175,1,https://manuals.ipaustralia.gov.au/trademark/4.-grounds-on-which-the-registrar-may-grant-an-extension-of-time,"agraph 131(1)(a) of the 1955 Act. The scope of that provision was considered in Atomic Skifabrik Alois Rohrmoser v Registrar of Trade Marks (1987) 7 IPR 551 at 558 (FC), the case providing guidance on interpretation of ""circumstances beyond the control of the person concerned""."
CASE/1987/IPR/9/315,(1987) 9 IPR 315,reported,1987,IPR,,9,315,1,,,,,TMM/Part22/25/25/3,TMM/Part22/25,Part22,Part 22 Section 41 - Capable of Distinguishing,22.25. Devices,Part 22 Section 41 - Capable of Distinguishing > 22.25. Devices > 25.3 Devices that indicate geographical origin,4,948,1,https://manuals.ipaustralia.gov.au/trademark/25.-devices,resentation of a national symbol could be considered unique enough to be prima facie capable of distinguishing. In Brandella Pty Ltd's Appn (1987) 9 IPR 315 at 318 the Registrar's delegate said: The kangaroo of course is the pre-eminent national symbol and thus is required by other traders to in
CASE/1987/FCA/22,[1987] FCA 22,neutral,1987,FCA,22,,,2,,,,,TMM/Part47/1/1/3/1/2,TMM/Part47/1,Part47,Part 47 Procedures for Opposing Registration or Protection,Part 47.1. Filing a notice of opposition,"Part 47 Procedures for Opposing Registration or Protection > Part 47.1. Filing a notice of opposition > 1.3 Extension of time to file a notice of intention to oppose or a statement of grounds and particulars > 1.3.1 Grounds for requesting an extension > 1.3.1.2 Circumstances beyond the control of the applicant for extension of time, other than an error or omission by the person, the person’s agent, the Registrar or an employee (regs 5.9(4)(b) and 17A.34C(4)(b)).",18,179,1,https://manuals.ipaustralia.gov.au/trademark/1.-filing-a-notice-of-opposition,"ph 131(1)(a) of the 1955 Act and the scope of that provision was considered in Atomic Skifabrik Alois Rohrmoser v. Registrar of Trade Marks [1987] FCA 22. This case should provide guidance on interpretation of ""circumstances beyond the control of the person concerned"". This force majeure prov"
CASE/1987/FCA/22,[1987] FCA 22,neutral,1987,FCA,22,,,2,,,,,TMM/Part52/5/5/3,TMM/Part52/5,Part52,"Part 52 Hearings, Decisions, Reasons and Appeals",Part 52.5. Rights of appeal from decisions of the Registrar,"Part 52 Hearings, Decisions, Reasons and Appeals > Part 52.5. Rights of appeal from decisions of the Registrar > 5.3 Review under the Administrative Decisions (Judicial Review) Act 1977",5,1008,1,https://manuals.ipaustralia.gov.au/trademark/5.-rights-of-appeal-from-decisions-of-the-registrar,"sion to refuse such an extension might be sought by a prospective opponent (see Atomic Skifabrik Alois Rohrmoser v Registrar of Trade Marks [1987] FCA 22 and Chiron Corporation v Registrar of Trade Marks [1998] FCA 928). A review under the AD(JR) Act, though conducted in the Federal Court or "
CASE/1988/IPR/11/401,(1988) 11 IPR 401,reported,1988,IPR,,11,401,1,,,,,TMM/Part15/4/4/1,TMM/Part15/4,Part15,Part 15 General Provision for Extensions of Time,15.4. Grounds on which the Registrar may grant an extension of time,Part 15 General Provision for Extensions of Time > 15.4. Grounds on which the Registrar may grant an extension of time > 4.1 Error or omission by the person concerned or by his or her agent,2,454,1,https://manuals.ipaustralia.gov.au/trademark/4.-grounds-on-which-the-registrar-may-grant-an-extension-of-time,"de some guidance on what constitutes error or omission on the part of the applicant or agent - see Genentech Inc. v Wellcome Foundation Ltd (1988) 11 IPR 401 (Comm), applied in D'Urban Inc v. Canpio Pty Ltd (1990) AIPC 90-658 (Reg). Acceptance by the Registrar of a particular instance being class"
CASE/1988/IPR/12/212,(1988) 12 IPR 212,reported,1988,IPR,,12,212,1,,,,,TMM/Part22/11/ordinary-signification-of-non-roman-characters~1,TMM/Part22/11,Part22,Part 22 Section 41 - Capable of Distinguishing,22.11. Words in languages other than English,Part 22 Section 41 - Capable of Distinguishing > 22.11. Words in languages other than English > Ordinary Signification of Non-Roman Characters,5,1758,1,https://manuals.ipaustralia.gov.au/trademark/11.-words-in-languages-other-than-english,s which contain a combination of Roman and non-Roman characters. See also: Re Applications by LEE MAN TAT and LEE MAN LOK (t/a LEE KUM KEE) (1988) 12 IPR 212 (‘LEE KUM KEE’)) Likelihood of other traders wanting to use non-Roman character trade marks Once the ordinary signification of the trade ma
CASE/1988/IPR/12/417,(1988) 12 IPR 417,reported,1988,IPR,,12,417,1,,,,,TMM/Part48/12#1,TMM/Part48/12,Part48,Part 48 Removal of a Trade Mark from the Register for Non-use,Part 48.12. Registrar's discretion in deciding an opposed non-use application,Part 48 Removal of a Trade Mark from the Register for Non-use > Part 48.12. Registrar's discretion in deciding an opposed non-use application,1,525,1,https://manuals.ipaustralia.gov.au/trademark/12.-registrars-discretion-in-deciding-an-opposed-non-use-application," a registration. The proper exercise of that discretion by the Registrar will generally be as per Ritz Hotel Ltd v Charles of the Ritz Ltd, (1988) 12 IPR 417 at 482: If the condition of exercise of the court's power has been established, the entry of the mark should be expunged, or the mark shoul"
CASE/1988/FLR/90/398,(1988) 90 FLR 398,reported,1988,FLR,,90,398,1,,,,,TMM/Part26/4/4/3/1~4,TMM/Part26/4,Part26,Part 26 Section 44 and Regulation 4.15A - Conflict with Other Signs,26.4. Similarity of goods and services,"Part 26 Section 44 and Regulation 4.15A - Conflict with Other Signs > 26.4. Similarity of goods and services > 4.3 Closely related goods and services > 4.3.1 Retail, wholesale, and distribution services v goods",10,2831,1,https://manuals.ipaustralia.gov.au/trademark/4.-similarity-of-goods-and-services,"te v cafe services, coffee shop services and retailing services relating to items of food and beverages Yes Rowntree plc v Rollbits Pty Ltd (1988) 90 FLR 398; Confectionery v restaurant, take-away, retail food services Yes Discovery Holiday Parks Pty Ltd v G'day Baby Pty Ltd [2023] ATMO 4 Clothin"
CASE/1989/IPR/12/138,(1989) 12 IPR 138,reported,1989,IPR,,12,138,1,,,,,TMM/Part22/9/9/5,TMM/Part22/9,Part22,Part 22 Section 41 - Capable of Distinguishing,22.9. Words,Part 22 Section 41 - Capable of Distinguishing > 22.9. Words > 9.5 Intended purpose,6,473,1,https://manuals.ipaustralia.gov.au/trademark/9.-words,"clude trade marks which consist of a mere description of the subject matter contained therein. For guidance, see Wilkinson Sword Ltd's Appn (1989) 12 IPR 138 (‘Pivot’); Samboy Products Appn (1960) 30 AOJP 579 (‘Barbeque’); Plastic Inc's Appn (1986) 7 IPR 111 (‘Hi-Heat’); Jove Publication Inc's Ap"
CASE/1989/IPR/15/125,(1989) 15 IPR 125,reported,1989,IPR,,15,125,1,,,,,TMM/Part22/9/9/2,TMM/Part22/9,Part22,Part 22 Section 41 - Capable of Distinguishing,22.9. Words,Part 22 Section 41 - Capable of Distinguishing > 22.9. Words > 9.2 Kind,3,691,1,https://manuals.ipaustralia.gov.au/trademark/9.-words,"or any goods or services. For guidance, see the Whopper case (1973) 128 CLR 417 (‘Whopper’); Matsushita Electrical Industrial Co Ltd's Appn (1989) 15 IPR 125 (‘Junior’); Colgate & Co's Appn (1913) 30 RPC 262 (‘Ribbon Dental Cream’); Associated Biscuits Ltd's Appn (1984) IPD 6133 (‘Sticklets’); Re"
CASE/1989/IPR/15/89,(1989) 15 IPR 89,reported,1989,IPR,,15,89,1,,,,,TMM/Part55/2/2/2,TMM/Part55/2,Part55,Part 55 Costs,Part 55.2. Award of costs,Part 55 Costs > Part 55.2. Award of costs > 2.2 The general rule for award of costs,3,500,1,https://manuals.ipaustralia.gov.au/trademark/2.-award-of-costs," still be awarded against the applicant (see e.g. Societe Francaise des Viandes et Salaisons du Pacifique v Societe des Produits Nestle SA, (1989) 15 IPR 89). Alternatively, depending on the circumstances, each party may be found to be responsible for its own costs (see e.g. Sasdor Pty Ltd v Ato"
CASE/1989/IPR/16/582,(1989) 16 IPR 582,reported,1989,IPR,,16,582,1,,,,,TMM/Part22/22#1,TMM/Part22/22,Part22,Part 22 Section 41 - Capable of Distinguishing,22.22. Numerals,Part 22 Section 41 - Capable of Distinguishing > 22.22. Numerals,1,884,1,https://manuals.ipaustralia.gov.au/trademark/22.-numerals,"normally be treated in the same manner as the numeral representation of the number. This was confirmed in Re Appn by David Fraser McManamey (1989) 16 IPR 582 (ROARING FORTIES) and in a UK Registry decision, 2000 Two Thousand trade mark [1992] 4 RPC 65, which refused registration of the trade mark"
CASE/1989/FLR/98/158,(1989) 98 FLR 158,reported,1989,FLR,,98,158,1,,,,,TMM/Part54/x-annex-a1---consequences-of-mishandling-a-subpoena#1~2,TMM/Part54/x-annex-a1---consequences-of-mishandling-a-subpoena,Part54,"Part 54 Subpoenas, Summonses and Production of Documents",Part 54. Annex A1 - Consequences of mishandling a subpoena,"Part 54 Subpoenas, Summonses and Production of Documents > Part 54. Annex A1 - Consequences of mishandling a subpoena",2,374,1,https://manuals.ipaustralia.gov.au/trademark/annex-a1---consequences-of-mishandling-a-subpoena,"oducing the documents, the possibility of making a claim of privilege could be considered. The above case is reported as Ditfort v Calcraft (1989) 98 FLR 158"
CASE/1990/IPR/17/509,(1990) 17 IPR 509,reported,1990,IPR,,17,509,1,,,,,TMM/Part22/3#1~3,TMM/Part22/3,Part22,Part 22 Section 41 - Capable of Distinguishing,22.3. Inherent adaptation to distinguish,Part 22 Section 41 - Capable of Distinguishing > 22.3. Inherent adaptation to distinguish,3,846,1,https://manuals.ipaustralia.gov.au/trademark/3.-inherent-adaptation-to-distinguish,"urt of Australia in Chancellor, Masters and Scholars of the University of Oxford t/a Oxford University Press v The Registrar of Trade Marks (1990) 17 IPR 509 (‘Oxford’), and more recently in Ocean Spray Cranberries Inc v Registrar of Trade Marks (2000) 47 IPR 579 (‘Cranberry Classic’). More recen"
CASE/1990/IPR/18/474,(1990) 18 IPR 474,reported,1990,IPR,,18,474,1,,,,,TMM/Part22/19#1,TMM/Part22/19,Part22,Part 22 Section 41 - Capable of Distinguishing,22.19. Corporate names,Part 22 Section 41 - Capable of Distinguishing > 22.19. Corporate names,1,763,1,https://manuals.ipaustralia.gov.au/trademark/19.-corporate-names,"ired by other traders to indicate their similar goods and/or services may be prima facie capable of distinguishing (see Avedis Zildjian Co. (1990) 18 IPR 474). If the trade mark contains a name or surname, the trade mark should be examined on the basis of the criteria for registration of names an"
CASE/1990/IPR/19/223,(1990) 19 IPR 223,reported,1990,IPR,,19,223,1,,,,,TMM/Part22/11/ordinary-signification-of-non-roman-characters~1,TMM/Part22/11,Part22,Part 22 Section 41 - Capable of Distinguishing,22.11. Words in languages other than English,Part 22 Section 41 - Capable of Distinguishing > 22.11. Words in languages other than English > Ordinary Signification of Non-Roman Characters,5,743,1,https://manuals.ipaustralia.gov.au/trademark/11.-words-in-languages-other-than-english,"ds and consideration must be given to the context in which the trade mark will be used (Re HongKong & Shanghai Banking Corp Ltd Application (1990) 19 IPR 223). Unlike foreign words written using the Roman alphabet, most non-Roman characters will be unable to be read or recalled by a majority of A"
CASE/1990/IPR/20/605,(1990) 20 IPR 605,reported,1990,IPR,,20,605,1,,,,,TMM/Part22/8/8/7,TMM/Part22/8,Part22,Part 22 Section 41 - Capable of Distinguishing,22.8. Letters,Part 22 Section 41 - Capable of Distinguishing > 22.8. Letters > 8.7 Punctuated Words,8,372,1,https://manuals.ipaustralia.gov.au/trademark/8.-letters,t is that it will be read as a word rather than as a series of initials (see Re Appn by Waterbed Association of Retailers and Manufacturers (1990) 20 IPR 605 (‘W.A.R.M.’)). This is particularly so if the word in question is a known dictionary word.
CASE/1990/FCA/175,[1990] FCA 175,neutral,1990,FCA,175,,,1,,,,,TMM/Part23/5/5/1,TMM/Part23/5,Part23,Part 23 Overcoming Grounds for Rejection under Section 41 - including Evidence of Use,Part 23.5. Specific evidence requirements for trade marks with no inherent adaptation to distinguish,Part 23 Overcoming Grounds for Rejection under Section 41 - including Evidence of Use > Part 23.5. Specific evidence requirements for trade marks with no inherent adaptation to distinguish > 5.1 What kind of trade marks are these?,2,775,1,https://manuals.ipaustralia.gov.au/trademark/5.-specific-evidence-requirements-for-trade-marks-with-no-inherent-adaptation-to-distinguish,ks of this kind: Eutectic Corp v Registrar of Trade Marks (1980) 32 ALR 211 ('Eutectic') Oxford University Press v Registrar of Trade Marks [1990] FCA 175 ('Oxford') Blount Inc v The Registrar of Trade Marks [1998] FCA 440 ('Oregon') Ocean Spray Cranberries Inc v Registrar of Trade Marks [2000
CASE/1990/FCA/312,[1990] FCA 312,neutral,1990,FCA,312,,,1,,,,,TMM/Part26/6/6/3~2,TMM/Part26/6,Part26,Part 26 Section 44 and Regulation 4.15A - Conflict with Other Signs,26.6. Factors to consider when comparing trade marks,Part 26 Section 44 and Regulation 4.15A - Conflict with Other Signs > 26.6. Factors to consider when comparing trade marks > 6.3 The 'idea' of the trade mark,6,61,1,https://manuals.ipaustralia.gov.au/trademark/6.-factors-to-consider-when-comparing-trade-marks,"In Dial An Angel Pty Ltd v Sagitaur Services Systems Pty Ltd [1990] FCA 312, Wilcox J held that while the words DIAL-AN-ANGEL and GUARDIAN ANGEL were not deceptively similar, the associated logos which each containe"
CASE/1991/IPR/23/149,(1991) 23 IPR 149,reported,1991,IPR,,23,149,1,,,,,TMM/Part26/4/4/3/1~4,TMM/Part26/4,Part26,Part 26 Section 44 and Regulation 4.15A - Conflict with Other Signs,26.4. Similarity of goods and services,"Part 26 Section 44 and Regulation 4.15A - Conflict with Other Signs > 26.4. Similarity of goods and services > 4.3 Closely related goods and services > 4.3.1 Retail, wholesale, and distribution services v goods",10,1609,1,https://manuals.ipaustralia.gov.au/trademark/4.-similarity-of-goods-and-services,d accessories; condoms and related accessories Yes SECRET PLEASURES PRIVATE PLEASURES K-Mart Corp v Artline Furnishers Supermarkets Pty Ltd (1991) 23 IPR 149 Furniture (all goods in class 20) v retail Yes K mart (various) Conde Nast Publications Pty Ltd v Margo Pty Ltd (1994) 28 IPR 374 (Reg) Tim
CASE/1991/IPR/23/188,(1991) 23 IPR 188,reported,1991,IPR,,23,188,1,,,,,TMM/Part22/13/13/4,TMM/Part22/13,Part22,Part 22 Section 41 - Capable of Distinguishing,22.13. Common formats for trade marks,Part 22 Section 41 - Capable of Distinguishing > 22.13. Common formats for trade marks > 13.4 Ultra trade marks,5,841,1,https://manuals.ipaustralia.gov.au/trademark/13.-common-formats-for-trade-marks, Examples are ULTRA SHIRT and ULTRA PAPER (see Re Appn by John May Pty Ltd (1968) 38 AOJP 3440 (Ultracide); Re Spring Industries Inc's Appn (1991) 23 IPR 188 (Ultra suede); Re Courtauld Textiles' Appn (1994) 30 IPR 624 (Ultrabra)).
CASE/1991/AIPC/90,[1991] AIPC 90,neutral,1991,AIPC,90,,,1,,,,,TMM/Part28/3/the-distinctiveness-of-the-trade-mark,TMM/Part28/3,Part28,"Part 28 Honest Concurrent Use, Prior Use or Other Circumstances",28.3. Examining evidence of honest concurrent use - the five criteria,"Part 28 Honest Concurrent Use, Prior Use or Other Circumstances > 28.3. Examining evidence of honest concurrent use - the five criteria > 3.2 The degree of confusion that is likely between the trade marks in question > The distinctiveness of the trade mark",11,225,1,https://manuals.ipaustralia.gov.au/trademark/3.-examining-evidence-of-honest-concurrent-use---the-five-criteria,"age as its essential feature, purchasers are less likely to expect exclusive proprietorship. In Jean Patou Parfumeur v Crisena Corp Pty Ltd [1991] AIPC 90-388 Assistant Registrar Farquhar said that it was not surprising that more than one trader had selected the trade mark ‘Joy’. Expectations "
CASE/1991/ATMO/12,[1991] ATMO 12,neutral,1991,ATMO,12,,,1,,,,,TMM/Part22/11#1~2,TMM/Part22/11,Part22,Part 22 Section 41 - Capable of Distinguishing,22.11. Words in languages other than English,Part 22 Section 41 - Capable of Distinguishing > 22.11. Words in languages other than English,2,1282,1,https://manuals.ipaustralia.gov.au/trademark/11.-words-in-languages-other-than-english,"her the trade mark is one which is likely to be needed by other traders. An example of this can be found in Maxam Food Products Pty Ltd, Re [1991] ATMO 12, where the words “La Deliziosa”, Italian for “the delicious one”, were refused on the basis that their meaning would be transparent to the "
CASE/1991/ATMO/13,[1991] ATMO 13,neutral,1991,ATMO,13,,,1,,,,,TMM/Part55/2/2/2,TMM/Part55/2,Part55,Part 55 Costs,Part 55.2. Award of costs,Part 55 Costs > Part 55.2. Award of costs > 2.2 The general rule for award of costs,3,687,1,https://manuals.ipaustralia.gov.au/trademark/2.-award-of-costs,"the circumstances, each party may be found to be responsible for its own costs (see e.g. Sasdor Pty Ltd v Atomic Skifabrik Alois Rohrmoser, [1991] ATMO 13 where the opponent to a removal for non-use proved use of its mark on some goods and the applicant established non-use of the mark on other"
CASE/1991/ATMO/63,[1991] ATMO 63,neutral,1991,ATMO,63,,,1,,,,,TMM/Part22/25/25/3,TMM/Part22/25,Part22,Part 22 Section 41 - Capable of Distinguishing,22.25. Devices,Part 22 Section 41 - Capable of Distinguishing > 22.25. Devices > 25.3 Devices that indicate geographical origin,4,1899,1,https://manuals.ipaustralia.gov.au/trademark/25.-devices,"rade will not necessarily be sufficient to render the mark prima facie capable of distinguishing. For example, in National Software Pty Ltd [1991] ATMO 63 the applicant applied to register the following mark for ‘computer software; computers, computer discs and magnetic recording tapes’: The R"
CASE/1991/FCA/310,[1991] FCA 310,neutral,1991,FCA,310,,,1,,,,,TMM/Part19A/2/examples-where-use-as-a-trade-mark-not-found~1,TMM/Part19A/2,Part19A,Part 19A Use of a Trade Mark,19A.2. Use 'as a trade mark',Part 19A Use of a Trade Mark > 19A.2. Use 'as a trade mark' > 2.5 Illustrative examples > Examples where use as a trade mark not found,17,613,1,https://manuals.ipaustralia.gov.au/trademark/19a2-use-as-a-trade-mark,"on across different products and the user’s website. In Re Johnson and Johnson Australia Pty Limited v Stirling Pharmaceuticals Pty Limited [1991] FCA 310, an infringement action, the court considered whether use of the word CAPLETS on packaging for paracetamol was use ‘as a trade mark’. On th"
CASE/1992/IPR/23/193,(1992) 23 IPR 193,reported,1992,IPR,,23,193,1,,,,,TMM/Part46/4/4/5/1,TMM/Part46/4,Part46,Part 46 Grounds for Opposition to Registration or Protection,Part 46.4. Grounds for opposition to registration of national trade marks,Part 46 Grounds for Opposition to Registration or Protection > Part 46.4. Grounds for opposition to registration of national trade marks > 4.5.1 Reputation,9,397,1,https://manuals.ipaustralia.gov.au/trademark/4.-grounds-for-opposition-to-registration-of-national-trade-marks," for example, be demonstrated through direct evidence of consumer appreciation of the trade mark (ConAgra Inc v McCain Foods (Aust) Pty Ltd (1992) 23 IPR 193) or it can be inferred from a high volume of sales combined with substantial advertising figures and other promotions (McCormick & Company,"
CASE/1992/IPR/24/278,(1992) 24 IPR 278,reported,1992,IPR,,24,278,1,,,,,TMM/Part55/2/2/3,TMM/Part55/2,Part55,Part 55 Costs,Part 55.2. Award of costs,Part 55 Costs > Part 55.2. Award of costs > 2.3 Some exceptions to the general rule,4,990,1,https://manuals.ipaustralia.gov.au/trademark/2.-award-of-costs," Association v G.Gramp & Sons Ltd (1953) 23 AOJP 2295. This contrasts with the situation in R&C Products Pry Ltd v Bathox Bathsalts Pty Ltd (1992) 24 IPR 278 where the successful opponent was awarded its costs, including the costs associated with two adjournments of the hearing because those adjo"
CASE/1992/APO/5,[1992] APO 5,neutral,1992,APO,5,,,1,,,,,TMM/Part54/2#1~2,TMM/Part54/2,Part54,"Part 54 Subpoenas, Summonses and Production of Documents",Part 54.2. Summonsing a witness,"Part 54 Subpoenas, Summonses and Production of Documents > Part 54.2. Summonsing a witness",2,557,1,https://manuals.ipaustralia.gov.au/trademark/2.-summonsing-a-witness,"e is a very good purpose to be served she will not summons a witness. (See, for example, American Cyanamid Company v Nalco Chemical Company [1992] APO 5 in which a delegate of the Commissioner of Patents refused to issue a summons under section 210 of the Patents Act, the equivalent provisio"
CASE/1993/IPR/26/577,(1993) 26 IPR 577,reported,1993,IPR,,26,577,2,,,,,TMM/Part26/6/6/4~2,TMM/Part26/6,Part26,Part 26 Section 44 and Regulation 4.15A - Conflict with Other Signs,26.6. Factors to consider when comparing trade marks,Part 26 Section 44 and Regulation 4.15A - Conflict with Other Signs > 26.6. Factors to consider when comparing trade marks > 6.4 Trade marks that share the same or similar element,8,4873,1,https://manuals.ipaustralia.gov.au/trademark/6.-factors-to-consider-when-comparing-trade-marks,"tional element has a low level of distinctiveness, then the marks are more likely to be deceptively similar (Application by Coles Myer Ltd, (1993) 26 IPR 577, comparing BRATS and BONZA BRATS). MERCATO v MERCATO CENTRALE and IL MERCATO CENTRALE Yes Whether consumers are likely to perceive elements"
CASE/1993/IPR/26/577,(1993) 26 IPR 577,reported,1993,IPR,,26,577,2,,,,,TMM/Part26/6/6/4~3,TMM/Part26/6,Part26,Part 26 Section 44 and Regulation 4.15A - Conflict with Other Signs,26.6. Factors to consider when comparing trade marks,Part 26 Section 44 and Regulation 4.15A - Conflict with Other Signs > 26.6. Factors to consider when comparing trade marks > 6.4 Trade marks that share the same or similar element,9,413,1,https://manuals.ipaustralia.gov.au/trademark/6.-factors-to-consider-when-comparing-trade-marks,earing the trade marks are different products in the same product range from the one trade source’ at 542. Re Application by Coles Myer Ltd (1993) 26 IPR 577 BRATS VS BONZA BRATS Deceptively Similar Reasons for this decision include that the word BONZA is a widely known colloquialism which acts s
CASE/1993/ATMO/26,[1993] ATMO 26,neutral,1993,ATMO,26,,,1,,,,,TMM/Part26/6/6/6~1,TMM/Part26/6,Part26,Part 26 Section 44 and Regulation 4.15A - Conflict with Other Signs,26.6. Factors to consider when comparing trade marks,Part 26 Section 44 and Regulation 4.15A - Conflict with Other Signs > 26.6. Factors to consider when comparing trade marks > 6.6 Considering invented words,12,1216,1,https://manuals.ipaustralia.gov.au/trademark/6.-factors-to-consider-when-comparing-trade-marks,"ce occurs at the beginning of the mark. : For instance, in Opposition by FENDI PAOLA & S.LLE S.a.S to the registration of Trade Mark 473729 [1993] ATMO 26, Hearing Officer Farquhar said, in assessing trade marks JENDI against an earlier registration for FENDI:"
CASE/1993/RPC/379,[1993] RPC 379,neutral,1993,RPC,379,,,1,,,,,TMM/Part22/8/8/2,TMM/Part22/8,Part22,Part 22 Section 41 - Capable of Distinguishing,22.8. Letters,Part 22 Section 41 - Capable of Distinguishing > 22.8. Letters > 8.2 Two letter trade marks,2,1131,1,https://manuals.ipaustralia.gov.au/trademark/8.-letters,", “NO” or “HE” would fall in this category, whether in upper or lower case. This is based on the UK practice as outlined in I.Q. trade mark [1993] RPC 379 at 381. However, the inclusion of punctuation could alter the identity of the word. “U.P.” would most likely be seen as letters rather than"
CASE/1994/CLR/179/403,(1994) 179 CLR 403,reported,1994,CLR,,179,403,1,,,,,TMM/Part55/1#1~2,TMM/Part55/1,Part55,Part 55 Costs,Part 55.1. Legislative Basis,Part 55 Costs > Part 55.1. Legislative Basis,2,279,1,https://manuals.ipaustralia.gov.au/trademark/1.-legislative-basis,sts generally may not be claimed if the successful party has been self-represented. This was considered in the High Court in Cachia v Hanes (1994) 179 CLR 403 where the majority decision was that the appellant’s claim for compensation for loss of time spent in preparation and conduct of his case a
CASE/1994/IPR/28/374,(1994) 28 IPR 374,reported,1994,IPR,,28,374,1,,,,,TMM/Part26/4/4/3/1~4,TMM/Part26/4,Part26,Part 26 Section 44 and Regulation 4.15A - Conflict with Other Signs,26.4. Similarity of goods and services,"Part 26 Section 44 and Regulation 4.15A - Conflict with Other Signs > 26.4. Similarity of goods and services > 4.3 Closely related goods and services > 4.3.1 Retail, wholesale, and distribution services v goods",10,1739,1,https://manuals.ipaustralia.gov.au/trademark/4.-similarity-of-goods-and-services,"s Pty Ltd (1991) 23 IPR 149 Furniture (all goods in class 20) v retail Yes K mart (various) Conde Nast Publications Pty Ltd v Margo Pty Ltd (1994) 28 IPR 374 (Reg) Timber lattice, trellis, fencing panels and gazebos v retail and wholesale services Yes VOGUE VOGUE Societe Des Produits Nestle v Str"
CASE/1994/IPR/30/624,(1994) 30 IPR 624,reported,1994,IPR,,30,624,1,,,,,TMM/Part22/13/13/4,TMM/Part22/13,Part22,Part 22 Section 41 - Capable of Distinguishing,22.13. Common formats for trade marks,Part 22 Section 41 - Capable of Distinguishing > 22.13. Common formats for trade marks > 13.4 Ultra trade marks,5,902,1,https://manuals.ipaustralia.gov.au/trademark/13.-common-formats-for-trade-marks,n May Pty Ltd (1968) 38 AOJP 3440 (Ultracide); Re Spring Industries Inc's Appn (1991) 23 IPR 188 (Ultra suede); Re Courtauld Textiles' Appn (1994) 30 IPR 624 (Ultrabra)).
CASE/1994/FCR/49/89,(1994) 49 FCR 89,reported,1994,FCR,,49,89,1,,,[1994] FCA 1001,CASE/1994/FCA/1001,TMM/Part26/6/6/4~2,TMM/Part26/6,Part26,Part 26 Section 44 and Regulation 4.15A - Conflict with Other Signs,26.6. Factors to consider when comparing trade marks,Part 26 Section 44 and Regulation 4.15A - Conflict with Other Signs > 26.6. Factors to consider when comparing trade marks > 6.4 Trade marks that share the same or similar element,8,2720,1,https://manuals.ipaustralia.gov.au/trademark/6.-factors-to-consider-when-comparing-trade-marks,fordshire Refinery Co Ltd v Harlem [1929] HCA 6; (1929) 41 CLR 475 at 477–8; Wingate Marketing Pty Ltd v Levi Strauss & Co [1994] FCA 1001; (1994) 49 FCR 89 at 127; MID Sydney Pty Ltd v Australian Tourism Co Ltd [1998] FCAFC 1616;connect.com.au Pty Ltd v GoConnect Australia Pty Ltd [2000] FCA 11
CASE/1994/FCA/1001,[1994] FCA 1001,neutral,1994,FCA,1001,,,1,,,(1994) 49 FCR 89,CASE/1994/FCR/49/89,TMM/Part26/6/6/4~2,TMM/Part26/6,Part26,Part 26 Section 44 and Regulation 4.15A - Conflict with Other Signs,26.6. Factors to consider when comparing trade marks,Part 26 Section 44 and Regulation 4.15A - Conflict with Other Signs > 26.6. Factors to consider when comparing trade marks > 6.4 Trade marks that share the same or similar element,8,2703,1,https://manuals.ipaustralia.gov.au/trademark/6.-factors-to-consider-when-comparing-trade-marks,ounted: Mond Staffordshire Refinery Co Ltd v Harlem [1929] HCA 6; (1929) 41 CLR 475 at 477–8; Wingate Marketing Pty Ltd v Levi Strauss & Co [1994] FCA 1001; (1994) 49 FCR 89 at 127; MID Sydney Pty Ltd v Australian Tourism Co Ltd [1998] FCAFC 1616;connect.com.au Pty Ltd v GoConnect Australia Pty
CASE/1994/FCA/936,[1994] FCA 936,neutral,1994,FCA,936,,,2,,,,,TMM/Part19A/4/4/2,TMM/Part19A/4,Part19A,Part 19A Use of a Trade Mark,19A.4. Australian Use,Part 19A Use of a Trade Mark > 19A.4. Australian Use > 4.2 Services provided outside Australia,3,52,1,https://manuals.ipaustralia.gov.au/trademark/4.-australian-use,"In Carnival Cruise Lines Inc. v Sitmar Cruises Ltd. [1994] FCA 936 ('Sitmar'), Gummow J, in the Federal Court, found that although the actual services of carrying out cruises did not take place in Australia"
CASE/1994/FCA/936,[1994] FCA 936,neutral,1994,FCA,936,,,2,,,,,TMM/Part46/4/4/1/2,TMM/Part46/4,Part46,Part 46 Grounds for Opposition to Registration or Protection,Part 46.4. Grounds for opposition to registration of national trade marks,Part 46 Grounds for Opposition to Registration or Protection > Part 46.4. Grounds for opposition to registration of national trade marks > 4.1.2 The same or substantially the same trade mark,4,142,1,https://manuals.ipaustralia.gov.au/trademark/4.-grounds-for-opposition-to-registration-of-national-trade-marks,"e use relied on must be use of a trade mark which is closer than merely deceptively similar (Carnival Cruise Lines Inc v Sitmar Cruises Ltd [1994] FCA 936). For further discussion of the term ""substantially identical"" see Part 26 in this Manual which deals with conflicting trade marks under se"
CASE/1995/IPR/31/639,(1995) 31 IPR 639,reported,1995,IPR,,31,639,1,,,,,TMM/Part26/4/4/3/1~4,TMM/Part26/4,Part26,Part 26 Section 44 and Regulation 4.15A - Conflict with Other Signs,26.4. Similarity of goods and services,"Part 26 Section 44 and Regulation 4.15A - Conflict with Other Signs > 26.4. Similarity of goods and services > 4.3 Closely related goods and services > 4.3.1 Retail, wholesale, and distribution services v goods",10,1921,1,https://manuals.ipaustralia.gov.au/trademark/4.-similarity-of-goods-and-services,"ellis, fencing panels and gazebos v retail and wholesale services Yes VOGUE VOGUE Societe Des Produits Nestle v Strasburger Enterprises Inc (1995) 31 IPR 639 Groceries v retail services being retail convenience store services in connection with the sale of grocery items, drinks and publications, "
CASE/1995/IPR/33/374,(1995) 33 IPR 374,reported,1995,IPR,,33,374,1,,,,,TMM/Part21/3/3/5,TMM/Part21/3,Part21,Part 21 Non-traditional Signs,21.3. Shape (three-dimensional) trade marks,Part 21 Non-traditional Signs > 21.3. Shape (three-dimensional) trade marks > 3.5 Shapes and aesthetics,8,1040,1,https://manuals.ipaustralia.gov.au/trademark/3.-shape-three-dimensional-trade-marks,oy's Limited v Davies Coop & Company Limited (1956) 95 CLR 190) and the Wella decision (Wella Aktiengesellschaft v Registrar of Trade Marks (1995) 33 IPR 374). Stone J commented at paragraph 156: In the above examples the trade marks were held to be inherently adapted not because of any positive 
CASE/1995/ATMO/39,[1995] ATMO 39,neutral,1995,ATMO,39,,,1,,,,,TMM/Part34/6/6/1~2,TMM/Part34/6,Part34,Part 34 Defensive Trade Marks,Part 34.6. Grounds for rejecting a defensive application under section 187,Part 34 Defensive Trade Marks > Part 34.6. Grounds for rejecting a defensive application under section 187 > 6.1 Practice under the Trade Marks Act 1955,3,88,1,https://manuals.ipaustralia.gov.au/trademark/6.-grounds-for-rejecting-a-defensive-application-under-section-187,"In a more recent decision of the Registrar under the 1955 Act (Re Mobil Oil Corporation [1995] ATMO 39), Hearing Officer Williams applied the principles of the Ferodo case but allowed for the differences between the Australian and United King"
CASE/1995/ATMO/7,[1995] ATMO 7,neutral,1995,ATMO,7,,,1,,,,,TMM/Part19A/4/4/3,TMM/Part19A/4,Part19A,Part 19A Use of a Trade Mark,19A.4. Australian Use,Part 19A Use of a Trade Mark > 19A.4. Australian Use > 4.3 Advertising in foreign publications,4,247,1,https://manuals.ipaustralia.gov.au/trademark/4.-australian-use," of trade’ in Australia unless there appears to be specific targeting of Australian customers. In Knickerbox Ltd v Pedita Australia Pty Ltd [1995] ATMO 7, the delegate held: Apart from the indication that the goods illustrated in these advertisements originate from the opponent’s company, or "
CASE/1995/FCA/1063,[1995] FCA 1063,neutral,1995,FCA,1063,,,1,,,,,TMM/Part19A/3/3/3~1,TMM/Part19A/3,Part19A,Part 19A Use of a Trade Mark,19A.3. Use 'in the course of trade',Part 19A Use of a Trade Mark > 19A.3. Use 'in the course of trade' > 3.3 Intention to use coupled with preparatory steps manifesting an objective commitment to use,5,800,1,https://manuals.ipaustralia.gov.au/trademark/3.-use-in-the-course-of-trade,"xample of conduct falling into this category can be found in the earlier decision of Gummow J in Buying Systems (Aust) Pty Ltd v Studio SrL [1995] FCA 1063. The case concerned the trade mark STUDIO for magazines. The opponent claimed to be the owner of the trade mark, and in support lodged evid"
CASE/1996/IPR/34/282,(1996) 34 IPR 282,reported,1996,IPR,,34,282,1,,,,,TMM/Part19A/2#1~2,TMM/Part19A/2,Part19A,Part 19A Use of a Trade Mark,19A.2. Use 'as a trade mark',Part 19A Use of a Trade Mark > 19A.2. Use 'as a trade mark',2,1185,1,https://manuals.ipaustralia.gov.au/trademark/19a2-use-as-a-trade-mark,"e goods or may simply convey an ordinary meaning (ie some message other than the trade origin of the goods): see Top Heavy Pty Ltd v Killin (1996) 34 IPR 282 at 286. However, his Honour went on to say at [23]: It is well established that there is not a true dichotomy between words capable of bein"
CASE/1996/ATMO/11,[1996] ATMO 11,neutral,1996,ATMO,11,,,1,,,,,TMM/Part55/4/4/2,TMM/Part55/4,Part55,Part 55 Costs,Part 55.4. Determination of the amount of costs,"Part 55 Costs > Part 55.4. Determination of the amount of costs > 4.2 Taxation of costs for ""multiple"" oppositions",4,674,1,https://manuals.ipaustralia.gov.au/trademark/4.-determination-of-the-amount-of-costs,"on arises as to what, if any, costs should be awarded in respect of the additional oppositions. Following Latrobe Brewing Company v Simmons [1996] ATMO 11: receiving, or preparing, a second notice of opposition is just as expensive as receiving or preparing a first; therefore, each notice of o"
CASE/1996/RPC/281,[1996] RPC 281,neutral,1996,RPC,281,,,1,,,,,TMM/Part19A/2/2/4~3,TMM/Part19A/2,Part19A,Part 19A Use of a Trade Mark,19A.2. Use 'as a trade mark',Part 19A Use of a Trade Mark > 19A.2. Use 'as a trade mark' > 2.4 Shape and colour trade marks,11,423,1,https://manuals.ipaustralia.gov.au/trademark/19a2-use-as-a-trade-mark,FCR 167; Philips Electronics NV v Remington Consumer Products (1997) 40 IPR 279 per Jacob J; British Sugar Plc v James Robertson & Sons Ltd [1996] RPC 281. In my view there is no reason why the functionality principles applied to the registration of shape marks should not also apply to the con
CASE/1997/IPR/40/279,(1997) 40 IPR 279,reported,1997,IPR,,40,279,1,,,,,TMM/Part19A/2/2/4~3,TMM/Part19A/2,Part19A,Part 19A Use of a Trade Mark,19A.2. Use 'as a trade mark',Part 19A Use of a Trade Mark > 19A.2. Use 'as a trade mark' > 2.4 Shape and colour trade marks,11,345,1,https://manuals.ipaustralia.gov.au/trademark/19a2-use-as-a-trade-mark,s Electronics NV v Remington Products Australia Ltd [1999] FCA 816; (1999) 91 FCR 167; Philips Electronics NV v Remington Consumer Products (1997) 40 IPR 279 per Jacob J; British Sugar Plc v James Robertson & Sons Ltd [1996] RPC 281. In my view there is no reason why the functionality principles 
CASE/1997/ATMO/45,[1997] ATMO 45,neutral,1997,ATMO,45,,,1,,,,,TMM/Part47/1/1/3/1/1,TMM/Part47/1,Part47,Part 47 Procedures for Opposing Registration or Protection,Part 47.1. Filing a notice of opposition,"Part 47 Procedures for Opposing Registration or Protection > Part 47.1. Filing a notice of opposition > 1.3 Extension of time to file a notice of intention to oppose or a statement of grounds and particulars > 1.3.1 Grounds for requesting an extension > 1.3.1.1 Error or omission by the person, the person’s agent, the Registrar or an employee (regs 5.9(4)(a) and 17A.34C(4)(a)).",17,1078,1,https://manuals.ipaustralia.gov.au/trademark/1.-filing-a-notice-of-opposition," the extra time was caused by a genuine error or omission on the part of the person concerned, or the person’s agent. See Meath v Kyprianou [1997] ATMO 45. It will sometimes be difficult to distinguish an error or omission, considered in Kimberly-Clark v Commissioner of Patents (No 3) (1988), "
CASE/1997/ATMO/82,[1997] ATMO 82,neutral,1997,ATMO,82,,,1,,,,,TMM/Part26/4/4/3/1~4,TMM/Part26/4,Part26,Part 26 Section 44 and Regulation 4.15A - Conflict with Other Signs,26.4. Similarity of goods and services,"Part 26 Section 44 and Regulation 4.15A - Conflict with Other Signs > 26.4. Similarity of goods and services > 4.3 Closely related goods and services > 4.3.1 Retail, wholesale, and distribution services v goods",10,2630,1,https://manuals.ipaustralia.gov.au/trademark/4.-similarity-of-goods-and-services,"products, plant nursery products Yes PLANTMARK PLANTSMART Aromas Pty Ltd (formerly Intercof Pty Ltd) v Aroma Coffee & Tea Co Pty Ltd (1997) [1997] ATMO 82 Beverages and coffee, tea and drinking chocolate v cafe services, coffee shop services and retailing services relating to items of food and"
CASE/1997/FCA/1460,[1997] FCA 1460,neutral,1997,FCA,1460,,,3,,,,,TMM/Part52/5/5/3,TMM/Part52/5,Part52,"Part 52 Hearings, Decisions, Reasons and Appeals",Part 52.5. Rights of appeal from decisions of the Registrar,"Part 52 Hearings, Decisions, Reasons and Appeals > Part 52.5. Rights of appeal from decisions of the Registrar > 5.3 Review under the Administrative Decisions (Judicial Review) Act 1977",5,1826,1,https://manuals.ipaustralia.gov.au/trademark/5.-rights-of-appeal-from-decisions-of-the-registrar,"rson who made the decision for reconsideration in accordance with the law (see for example, GS Technology Pty Ltd v Commissioner of Patents [1997] FCA 1460). The court has powers to make orders remedying consequences flowing from an unlawful administrative decision that it proposes to set aside"
CASE/1997/FCA/1460,[1997] FCA 1460,neutral,1997,FCA,1460,,,3,,,,,TMM/Part54/2#1~2,TMM/Part54/2,Part54,"Part 54 Subpoenas, Summonses and Production of Documents",Part 54.2. Summonsing a witness,"Part 54 Subpoenas, Summonses and Production of Documents > Part 54.2. Summonsing a witness",2,1455,1,https://manuals.ipaustralia.gov.au/trademark/2.-summonsing-a-witness,ect of the exercise of a discretionary power under section 210 of the Patents Act. (See GS Technology Pty Ltd v The Commissioner of Patents [1997] FCA 1460.) The appropriate test to apply is one of adjectival rather than substantive relevance and the Registrar is therefore required to decide wh
CASE/1997/FCA/1460,[1997] FCA 1460,neutral,1997,FCA,1460,,,3,,,,,TMM/Part54/3/3/1,TMM/Part54/3,Part54,"Part 54 Subpoenas, Summonses and Production of Documents",Part 54.3. Production of documents,"Part 54 Subpoenas, Summonses and Production of Documents > Part 54.3. Production of documents > 3.1 Relevance of documents to the proceedings",2,624,1,https://manuals.ipaustralia.gov.au/trademark/3.-production-of-documents,mined in the proceedings. The issue of relevance was considered by the Federal Court in GS Technology Pty Ltd v The Commissioner of Patents [1997] FCA 1460 in relation to a notice requiring production of documents under section 210 of the Patents Act. The court said that: … whilst it would be a
CASE/1998/IPR/40/498,(1998) 40 IPR 498,reported,1998,IPR,,40,498,3,,,,,TMM/Part20/4#1~1,TMM/Part20/4,Part20,Part 20 Definition of a Trade Mark and Presumption of Registrability,20.4. Presumption of registrability,Part 20 Definition of a Trade Mark and Presumption of Registrability > 20.4. Presumption of registrability,1,588,1,https://manuals.ipaustralia.gov.au/trademark/4.-presumption-of-registrability,"ns for rejecting the application under those grounds. In respect of the Registrar being satisfied, in Blount Inc v Registrar of Trade Marks (1998) 40 IPR 498 (the “Oregon” case) Branson J said (at 504): Where the Act requires the Registrar to be 'satisfied' of any matter, it is to be understood a"
CASE/1998/IPR/40/498,(1998) 40 IPR 498,reported,1998,IPR,,40,498,3,,,,,TMM/Part22/15/15/3,TMM/Part22/15,Part22,Part 22 Section 41 - Capable of Distinguishing,22.15. Geographical names,Part 22 Section 41 - Capable of Distinguishing > 22.15. Geographical names > 15.3 Geographical names which have no inherent adaptation to distinguish,5,1707,1,https://manuals.ipaustralia.gov.au/trademark/15.-geographical-names,"ion: For guidance, see Clark Equipment Co v Registrar of Trade Marks (1964) 111 CLR 511 (’Michigan’); Blount Inc v Registrar of Trade Marks (1998) 40 IPR 498 (‘Oregon’); Thomson v B. Seppelt (1925) 37 CLR 305 (’Great Western'); Harbin Brewing Co., Ltd [2012] ATMO 48 (11 May 2012) (‘Harbin’); Marr"
CASE/1998/IPR/40/498,(1998) 40 IPR 498,reported,1998,IPR,,40,498,3,,,,,TMM/Part22/2#1,TMM/Part22/2,Part22,Part 22 Section 41 - Capable of Distinguishing,22.2. Presumption of registrability,Part 22 Section 41 - Capable of Distinguishing > 22.2. Presumption of registrability,1,458,1,https://manuals.ipaustralia.gov.au/trademark/2.-presumption-of-registrability,"rar being ‘satisfied’ which is an expression used in section 33 and 41 (prior to Raising the Bar). In Blount Inc v Registrar of Trade Marks (1998) 40 IPR 498, 503 (‘Oregon’) she said: [Section] 33 of the Act ... has, in effect, altered the burden of proof generally so far as acceptance of applica"
CASE/1998/IPR/45/345,(1998) 45 IPR 345,reported,1998,IPR,,45,345,1,,,,,TMM/Part22/7#1,TMM/Part22/7,Part22,Part 22 Section 41 - Capable of Distinguishing,22.7. Examination,Part 22 Section 41 - Capable of Distinguishing > 22.7. Examination,1,378,1,https://manuals.ipaustralia.gov.au/trademark/7.-examination,"d detection and their understanding of current market developments’ as expressed by the Registrar's delegate in Re Nations Bank Corp's Appn (1998) 45 IPR 345 at 351 (‘World Card’). In such instances, documented material may not be available to support the ground for rejection and this will make i"
CASE/1998/FCR/90/236,(1998) 90 FCR 236,reported,1998,FCR,,90,236,1,,,,,TMM/Part22/15/15/11,TMM/Part22/15,Part22,Part 22 Section 41 - Capable of Distinguishing,22.15. Geographical names,Part 22 Section 41 - Capable of Distinguishing > 22.15. Geographical names > 15.11 Names of private buildings,16,207,1,https://manuals.ipaustralia.gov.au/trademark/15.-geographical-names,"wn, suburb, district or region and may be inherently adapted to distinguish. For example: In MID Sydney Pty Ltd v Australian Tourism Co Ltd (1998) 90 FCR 236 (‘MID Sydney’) the large privately owned city office building named Chifley Tower was not considered a geographical location. In Mantra Gro"
CASE/1998/ATMO/10,[1998] ATMO 10,neutral,1998,ATMO,10,,,1,,,,,TMM/Part29/3/3/4,TMM/Part29/3,Part29,Part 29 Section 43 - Trade Marks likely to Deceive or Cause Confusion,Part 29.3. Deception and confusion as a result of a connotation within a trade mark,Part 29 Section 43 - Trade Marks likely to Deceive or Cause Confusion > Part 29.3. Deception and confusion as a result of a connotation within a trade mark > 3.4 Connotations determined following opposition,7,816,1,https://manuals.ipaustralia.gov.au/trademark/3.-deception-and-confusion-as-a-result-of-a-connotation-within-a-trade-mark,derable evidence of use is often supplied by the opposing party. See George Schmidt v Down to Earth (Victoria) Co-operative Society Limited [1998] ATMO 10 (‘Earthhaven Confest’).
CASE/1998/ATMO/13,[1998] ATMO 13,neutral,1998,ATMO,13,,,1,,,,,TMM/Part51/4/4/2~1,TMM/Part51/4,Part51,Part 51 General Opposition Proceedings,Part 51.4. Suspensions,Part 51 General Opposition Proceedings > Part 51.4. Suspensions > 4.2 Suspension of proceedings pending judgment in relevant court matter,4,328,1,https://manuals.ipaustralia.gov.au/trademark/4.-suspensions, proceedings be suspended until the court hands down its judgment (Ayrton Senna Promocoes e Emprendimentos Ltda v Senna Racing Team Pty Ltd [1998] ATMO 13). That practice was considered in Cadbury UK Ltd v Registrar of Trade Marks [2008] FCA 1126 which was a review under the Administrative Dec
CASE/1998/ATMO/55,[1998] ATMO 55,neutral,1998,ATMO,55,,,1,,,,,TMM/Part55/2/2/3,TMM/Part55/2,Part55,Part 55 Costs,Part 55.2. Award of costs,Part 55 Costs > Part 55.2. Award of costs > 2.3 Some exceptions to the general rule,4,1277,1,https://manuals.ipaustralia.gov.au/trademark/2.-award-of-costs,"those adjournments were caused by the applicant’s mishandling of the case. See also Schutz-Werke GMBH & Co Kg v Forecast & Trading Pty Ltd, [1998] ATMO 55, where costs were not awarded against the unsuccessful applicant for removal because the opponent to removal had failed to comply with the "
CASE/1998/ATMO/60,[1998] ATMO 60,neutral,1998,ATMO,60,,,1,,,,,TMM/Part29/9#1,TMM/Part29/9,Part29,Part 29 Section 43 - Trade Marks likely to Deceive or Cause Confusion,29.9. Geographical references,Part 29 Section 43 - Trade Marks likely to Deceive or Cause Confusion > 29.9. Geographical references,1,1933,1,https://manuals.ipaustralia.gov.au/trademark/10.-geographical-references,"reference in the eyes of an average consumer (MOCHA for confectionery). For further guidance, see Re Sakata Rice Snacks (Australia) Pty Ltd [1998] ATMO 60; Rubelli Spa v Virtual Couch Industries Sdn Bhd [2011] ATMO 3."
CASE/1998/FCA/158,[1998] FCA 158,neutral,1998,FCA,158,,,1,,,,,TMM/Part52/6#1,TMM/Part52/6,Part52,"Part 52 Hearings, Decisions, Reasons and Appeals",Part 52.6. Appeals from decisions of the Federal Court etc.,"Part 52 Hearings, Decisions, Reasons and Appeals > Part 52.6. Appeals from decisions of the Federal Court etc.",1,1182,1,https://manuals.ipaustralia.gov.au/trademark/6.-appeals-from-decisions-of-the-federal-court-etc," that the decision is clearly wrong in law. (See Registrar of Trade Marks v Muller [1980] HCA 35, Registrar of Trade Marks v Woolworths Ltd [1998] FCA 158, and Registrar of Trade Marks v Woolworths Ltd [1999] FCA 102.) The outcome of any appeal from decisions issued in ex parte or opposition m"
CASE/1998/FCA/1614,[1998] FCA 1614,neutral,1998,FCA,1614,,,1,,,,,TMM/Part26/6/6/3~1,TMM/Part26/6,Part26,Part 26 Section 44 and Regulation 4.15A - Conflict with Other Signs,26.6. Factors to consider when comparing trade marks,Part 26 Section 44 and Regulation 4.15A - Conflict with Other Signs > 26.6. Factors to consider when comparing trade marks > 6.3 The 'idea' of the trade mark,5,904,1,https://manuals.ipaustralia.gov.au/trademark/6.-factors-to-consider-when-comparing-trade-marks,"conveying a similar idea, the sound and/or look of the trade marks should be taken into account (Sports Café Ltd v Registrar of Trade Marks [1998] FCA 1614 (‘Sports Café’)). This however does not mean that the idea that trade marks convey are only taken into account once visual or aural similar"
CASE/1998/FCA/440,[1998] FCA 440,neutral,1998,FCA,440,,,2,,,,,TMM/Part23/3#1,TMM/Part23/3,Part23,Part 23 Overcoming Grounds for Rejection under Section 41 - including Evidence of Use,Part 23.3. Evidence of use - general requirements,Part 23 Overcoming Grounds for Rejection under Section 41 - including Evidence of Use > Part 23.3. Evidence of use - general requirements,1,809,1,https://manuals.ipaustralia.gov.au/trademark/3.-evidence-of-use---general-requirements,"that the Registrar cannot be satisfied that the trade mark should be rejected. Justice Branson in Blount Inc v The Registrar of Trade Marks [1998] FCA 440 (‘Oregon’) said: Where the Act requires the registrar to be ""satisfied"" of any matter, it is to be understood as requiring that he or she b"
CASE/1998/FCA/440,[1998] FCA 440,neutral,1998,FCA,440,,,2,,,,,TMM/Part23/5/5/1,TMM/Part23/5,Part23,Part 23 Overcoming Grounds for Rejection under Section 41 - including Evidence of Use,Part 23.5. Specific evidence requirements for trade marks with no inherent adaptation to distinguish,Part 23 Overcoming Grounds for Rejection under Section 41 - including Evidence of Use > Part 23.5. Specific evidence requirements for trade marks with no inherent adaptation to distinguish > 5.1 What kind of trade marks are these?,2,843,1,https://manuals.ipaustralia.gov.au/trademark/5.-specific-evidence-requirements-for-trade-marks-with-no-inherent-adaptation-to-distinguish,ALR 211 ('Eutectic') Oxford University Press v Registrar of Trade Marks [1990] FCA 175 ('Oxford') Blount Inc v The Registrar of Trade Marks [1998] FCA 440 ('Oregon') Ocean Spray Cranberries Inc v Registrar of Trade Marks [2000] FCA 177 ('Cranberry Classic') Philmac Pty Limited v the Registrar 
CASE/1998/FCA/776,[1998] FCA 776,neutral,1998,FCA,776,,,1,,,,,TMM/Part46/4/4/5/2,TMM/Part46/4,Part46,Part 46 Grounds for Opposition to Registration or Protection,Part 46.4. Grounds for opposition to registration of national trade marks,Part 46 Grounds for Opposition to Registration or Protection > Part 46.4. Grounds for opposition to registration of national trade marks > 4.5.2 The likelihood of deception or confusion,10,1428,1,https://manuals.ipaustralia.gov.au/trademark/4.-grounds-for-opposition-to-registration-of-national-trade-marks,"or restricted to a niche market. Is there a consumer expectation of ‘brand extension’ (Campomar Sociedad, Limitada v Nike International Ltd [1998] FCA 776). The opponent must show that there is a real tangible danger of deception or confusion (Registrar of Trade Marks v Woolworths Ltd [1999] F"
CASE/1998/FCA/928,[1998] FCA 928,neutral,1998,FCA,928,,,1,,,,,TMM/Part52/5/5/3,TMM/Part52/5,Part52,"Part 52 Hearings, Decisions, Reasons and Appeals",Part 52.5. Rights of appeal from decisions of the Registrar,"Part 52 Hearings, Decisions, Reasons and Appeals > Part 52.5. Rights of appeal from decisions of the Registrar > 5.3 Review under the Administrative Decisions (Judicial Review) Act 1977",5,1072,1,https://manuals.ipaustralia.gov.au/trademark/5.-rights-of-appeal-from-decisions-of-the-registrar,"e opponent (see Atomic Skifabrik Alois Rohrmoser v Registrar of Trade Marks [1987] FCA 22 and Chiron Corporation v Registrar of Trade Marks [1998] FCA 928). A review under the AD(JR) Act, though conducted in the Federal Court or the Federal Circuit and Family Court of Australia (Division 2), i"
CASE/1998/FCAFC/1616,[1998] FCAFC 1616,neutral,1998,FCAFC,1616,,,1,,,,,TMM/Part26/6/6/4~2,TMM/Part26/6,Part26,Part 26 Section 44 and Regulation 4.15A - Conflict with Other Signs,26.6. Factors to consider when comparing trade marks,Part 26 Section 44 and Regulation 4.15A - Conflict with Other Signs > 26.6. Factors to consider when comparing trade marks > 6.4 Trade marks that share the same or similar element,8,2792,1,https://manuals.ipaustralia.gov.au/trademark/6.-factors-to-consider-when-comparing-trade-marks,"7–8; Wingate Marketing Pty Ltd v Levi Strauss & Co [1994] FCA 1001; (1994) 49 FCR 89 at 127; MID Sydney Pty Ltd v Australian Tourism Co Ltd [1998] FCAFC 1616;connect.com.au Pty Ltd v GoConnect Australia Pty Ltd [2000] FCA 1148. In the Mond Staffordshire case, in finding that consumers were not li"
CASE/1999/FCR/91/167,(1999) 91 FCR 167,reported,1999,FCR,,91,167,1,,,[1999] FCA 816,CASE/1999/FCA/816,TMM/Part19A/2/2/4~3,TMM/Part19A/2,Part19A,Part 19A Use of a Trade Mark,19A.2. Use 'as a trade mark',Part 19A Use of a Trade Mark > 19A.2. Use 'as a trade mark' > 2.4 Shape and colour trade marks,11,273,1,https://manuals.ipaustralia.gov.au/trademark/19a2-use-as-a-trade-mark,s of engineering design: Kenman per French J at [45]; Koninklijke Philips Electronics NV v Remington Products Australia Ltd [1999] FCA 816; (1999) 91 FCR 167; Philips Electronics NV v Remington Consumer Products (1997) 40 IPR 279 per Jacob J; British Sugar Plc v James Robertson & Sons Ltd [1996] 
CASE/1999/ATMO/103,[1999] ATMO 103,neutral,1999,ATMO,103,,,1,,,,,TMM/Part29/9/9/7,TMM/Part29/9,Part29,Part 29 Section 43 - Trade Marks likely to Deceive or Cause Confusion,29.9. Geographical references,Part 29 Section 43 - Trade Marks likely to Deceive or Cause Confusion > 29.9. Geographical references > 9.7 Implied endorsement or licensing,12,1534,1,https://manuals.ipaustralia.gov.au/trademark/10.-geographical-references,"MO 14 (Home and Away); Amalagamated Television Services Pty Ltd v Linda Cameron Pickard, Alexandra Cameron Pickard and Linda Louise Pickard [1999] ATMO 103 (Summer Bay); Twentieth Century Fox Film Corporation v Michael F Durkan [2000] ATMO 5 (Braveheart); McCorquodale v Masterson [2004] FCA 124"
CASE/1999/ATMO/2,[1999] ATMO 2,neutral,1999,ATMO,2,,,1,,,,,TMM/Part22/25/25/5,TMM/Part22/25,Part22,Part 22 Section 41 - Capable of Distinguishing,22.25. Devices,Part 22 Section 41 - Capable of Distinguishing > 22.25. Devices > 25.5 Simple geometric shapes,5,392,1,https://manuals.ipaustralia.gov.au/trademark/25.-devices," in the following decisions, Hearing Officers considered the marks below not to be prima facie capable of distinguishing: Johnson & Johnson [1999] ATMO 2 Ab Initio Software LLC [2010] ATMO 66 Societe Air France [2013] ATMO 90 Myoori Pty Ltd [2015] ATMO 94 In contrast, combinations of geometri"
CASE/1999/ATMO/59,[1999] ATMO 59,neutral,1999,ATMO,59,,,1,,,,,TMM/Part26/6/6/12,TMM/Part26/6,Part26,Part 26 Section 44 and Regulation 4.15A - Conflict with Other Signs,26.6. Factors to consider when comparing trade marks,Part 26 Section 44 and Regulation 4.15A - Conflict with Other Signs > 26.6. Factors to consider when comparing trade marks > 6.12 Words and devices depicting words,24,1259,1,https://manuals.ipaustralia.gov.au/trademark/6.-factors-to-consider-when-comparing-trade-marks,"ark for the word EMU. A contrary outcome can be seen in Wolter Joose on behalf of Joose Apparel Pty Ltd v Great White Shark Enterprises Inc [1999] ATMO 59 where the following trade marks were found NOT to be deceptively similar: In that decision, the Hearing Officer states that whilst the ‘dev"
CASE/1999/ATMO/61,[1999] ATMO 61,neutral,1999,ATMO,61,,,1,,,,,TMM/Part55/2/2/4,TMM/Part55/2,Part55,Part 55 Costs,Part 55.2. Award of costs,Part 55 Costs > Part 55.2. Award of costs > 2.4 Award of costs for a disputed extension of time,5,257,1,https://manuals.ipaustralia.gov.au/trademark/2.-award-of-costs," the grant of an extension of time to the other party in opposition proceedings, see Mission Personnel Services Pty Ltd v Mission Australia [1999] ATMO 61. The costs associated with such a hearing are generally awarded against the unsuccessful party in the extension of time matter, regardless "
CASE/1999/ATMO/79,[1999] ATMO 79,neutral,1999,ATMO,79,,,1,,,,,TMM/Part54/3/3/1,TMM/Part54/3,Part54,"Part 54 Subpoenas, Summonses and Production of Documents",Part 54.3. Production of documents,"Part 54 Subpoenas, Summonses and Production of Documents > Part 54.3. Production of documents > 3.1 Relevance of documents to the proceedings",2,1327,1,https://manuals.ipaustralia.gov.au/trademark/3.-production-of-documents,"le grounds, arguably relevant to the issues in the litigation. In Taco Bill Mexican Restaurants (Australia) Pty Ltd v Taco Bell Corporation [1999] ATMO 79 the Deputy Registrar concluded that the documents sought were arguably relevant to one of the grounds of opposition."
CASE/1999/FCA/102,[1999] FCA 102,neutral,1999,FCA,102,,,1,,,,,TMM/Part52/6#1,TMM/Part52/6,Part52,"Part 52 Hearings, Decisions, Reasons and Appeals",Part 52.6. Appeals from decisions of the Federal Court etc.,"Part 52 Hearings, Decisions, Reasons and Appeals > Part 52.6. Appeals from decisions of the Federal Court etc.",1,1244,1,https://manuals.ipaustralia.gov.au/trademark/6.-appeals-from-decisions-of-the-federal-court-etc,"Trade Marks v Muller [1980] HCA 35, Registrar of Trade Marks v Woolworths Ltd [1998] FCA 158, and Registrar of Trade Marks v Woolworths Ltd [1999] FCA 102.) The outcome of any appeal from decisions issued in ex parte or opposition matters in respect to International Registration(s) Designating"
CASE/1999/FCA/1020,[1999] FCA 1020,neutral,1999,FCA,1020,,,8,,,,,TMM/Part26/2#1,TMM/Part26/2,Part26,Part 26 Section 44 and Regulation 4.15A - Conflict with Other Signs,26.2. Presumption of registrability and the application of section 44,Part 26 Section 44 and Regulation 4.15A - Conflict with Other Signs > 26.2. Presumption of registrability and the application of section 44,1,325,1,https://manuals.ipaustralia.gov.au/trademark/2.-presumption-of-registrability-and-the-application-of-section-44," exists. If the examiner is not so satisfied, a ground for rejection should not be raised. In Registrar of Trade Marks v Woolworths Limited [1999] FCA 1020, French J referred to the tests set out in Southern Cross Refrigerating Co v Toowoomba Foundry Pty Ltd [1954] HCA 82 (Southern Cross), wher"
CASE/1999/FCA/1020,[1999] FCA 1020,neutral,1999,FCA,1020,,,8,Registrar of Trade Marks v Woolworths Ltd,https://jade.io/article/117196,,,TMM/Part26/4/4/3/1~4,TMM/Part26/4,Part26,Part 26 Section 44 and Regulation 4.15A - Conflict with Other Signs,26.4. Similarity of goods and services,"Part 26 Section 44 and Regulation 4.15A - Conflict with Other Signs > 26.4. Similarity of goods and services > 4.3 Closely related goods and services > 4.3.1 Retail, wholesale, and distribution services v goods",10,93,1,https://manuals.ipaustralia.gov.au/trademark/4.-similarity-of-goods-and-services,"Decision Goods and services Closely related? Signs Registrar of Trade Marks v Woolworths Ltd [1999] FCA 1020 (‘Metro’) Meat, fish, poultry, and game including smallgoods v Retailing and wholesaling services in the nature of supermarkets, department"
CASE/1999/FCA/1020,[1999] FCA 1020,neutral,1999,FCA,1020,,,8,,,,,TMM/Part26/4/4/3~1,TMM/Part26/4,Part26,Part 26 Section 44 and Regulation 4.15A - Conflict with Other Signs,26.4. Similarity of goods and services,Part 26 Section 44 and Regulation 4.15A - Conflict with Other Signs > 26.4. Similarity of goods and services > 4.3 Closely related goods and services,4,173,1,https://manuals.ipaustralia.gov.au/trademark/4.-similarity-of-goods-and-services,"ot defined in the same manner as goods and services of the same description. Guidance can be found in Registrar of Trade Marks v Woolworths [1999] FCA 1020 (Metro). This case was a decision of the Full Court on an appeal from the first instance decision by Wilcox J. In the lead judgement, Frenc"
CASE/1999/FCA/1020,[1999] FCA 1020,neutral,1999,FCA,1020,,,8,,,,,TMM/Part26/6/6/5~1,TMM/Part26/6,Part26,Part 26 Section 44 and Regulation 4.15A - Conflict with Other Signs,26.6. Factors to consider when comparing trade marks,Part 26 Section 44 and Regulation 4.15A - Conflict with Other Signs > 26.6. Factors to consider when comparing trade marks > 6.5 Reputation or notoriety of a mark,10,1673,1,https://manuals.ipaustralia.gov.au/trademark/6.-factors-to-consider-when-comparing-trade-marks,"s made in the context of s 120, the reasoning is applicable to s 44. Previously, the Federal Court in Registrar of Trade Marks v Woolworths [1999] FCA 1020 (Woolworths) held that where an element of a trade mark had a degree of notoriety or familiarity, this may be relevant to determining wheth"
CASE/1999/FCA/1020,[1999] FCA 1020,neutral,1999,FCA,1020,,,8,,,,,TMM/Part27/4/4/2,TMM/Part27/4,Part27,Part 27 Overcoming Grounds for Rejection under Section 44,27.4. Negotiation with owner/s of conflicting trade mark/s,Part 27 Overcoming Grounds for Rejection under Section 44 > 27.4. Negotiation with owner/s of conflicting trade mark/s > 4.2 Letters of consent,3,526,1,https://manuals.ipaustralia.gov.au/trademark/3.-negotiation-with-owner-s-of-conflicting-trade-mark-s,"hts may fall within the ambit of these provisions. In this respect, the comments of Justice French in Registrar of Trade Marks v Woolworths [1999] FCA 1020 at [47] are useful: … The policy of the 1995 Act can be said to some extent to have shifted the balance of the objectives of trade mark law"
CASE/1999/FCA/1020,[1999] FCA 1020,neutral,1999,FCA,1020,,,8,,,,,TMM/Part29/3/3/1~1,TMM/Part29/3,Part29,Part 29 Section 43 - Trade Marks likely to Deceive or Cause Confusion,Part 29.3. Deception and confusion as a result of a connotation within a trade mark,Part 29 Section 43 - Trade Marks likely to Deceive or Cause Confusion > Part 29.3. Deception and confusion as a result of a connotation within a trade mark > 3.1 The connotation must be obvious and direct,3,270,1,https://manuals.ipaustralia.gov.au/trademark/3.-deception-and-confusion-as-a-result-of-a-connotation-within-a-trade-mark,"ade mark. A possibility of confusion or a suggestion that deception might occur is not sufficient. In Registrar Of Trade Marks v Woolworths [1999] FCA 1020 (‘Woolworths Metro’), French J said at [43] (when considering the phrase likely to deceive or cause confusion): the use of the word “likely"
CASE/1999/FCA/1020,[1999] FCA 1020,neutral,1999,FCA,1020,,,8,,,,,TMM/Part46/4/4/5/2,TMM/Part46/4,Part46,Part 46 Grounds for Opposition to Registration or Protection,Part 46.4. Grounds for opposition to registration of national trade marks,Part 46 Grounds for Opposition to Registration or Protection > Part 46.4. Grounds for opposition to registration of national trade marks > 4.5.2 The likelihood of deception or confusion,10,1574,1,https://manuals.ipaustralia.gov.au/trademark/4.-grounds-for-opposition-to-registration-of-national-trade-marks, FCA 776). The opponent must show that there is a real tangible danger of deception or confusion (Registrar of Trade Marks v Woolworths Ltd [1999] FCA 1020) among a ‘significant’ or ‘substantial’ number of consumers. The assessment of what is ‘significant or substantial’ must be properly and se
CASE/1999/FCA/1020,[1999] FCA 1020,neutral,1999,FCA,1020,,,8,,,,,TMM/Part52/5/5/1~2,TMM/Part52/5,Part52,"Part 52 Hearings, Decisions, Reasons and Appeals",Part 52.5. Rights of appeal from decisions of the Registrar,"Part 52 Hearings, Decisions, Reasons and Appeals > Part 52.5. Rights of appeal from decisions of the Registrar > 5.1 Appeal to the Federal Court or the Federal Circuit and Family Court of Australia (Division 2)",3,298,1,https://manuals.ipaustralia.gov.au/trademark/5.-rights-of-appeal-from-decisions-of-the-registrar," court, of the entire question. The appeal is in the nature of a de novo hearing. The Metro case (Registrar of Trade Marks v Woolworths Ltd [1999] FCA 1020) confirmed that this established practice under the 1955 Act is maintained under the 1995 Act. In the Metro case Justice French noted that "
CASE/1999/FCA/148,[1999] FCA 148,neutral,1999,FCA,148,,,1,,,,,TMM/Part55/1#1~1,TMM/Part55/1,Part55,Part 55 Costs,Part 55.1. Legislative Basis,Part 55 Costs > Part 55.1. Legislative Basis,1,434,1,https://manuals.ipaustralia.gov.au/trademark/1.-legislative-basis,"lent section 210 (d) of the Patents Act 1990 was challenged in the Federal Court in Stack and Another v Commissioner of Patents and Others, [1999] FCA 148 on the ground that it was an impermissible conferral of judicial power on an administrative body. Drummond J rejected the argument, holding"
CASE/1999/FCA/1602,[1999] FCA 1602,neutral,1999,FCA,1602,,,1,,,,,TMM/Part19A/7#1,TMM/Part19A/7,Part19A,Part 19A Use of a Trade Mark,19A.7. Use of a trade mark with additions or alterations,Part 19A Use of a Trade Mark > 19A.7. Use of a trade mark with additions or alterations,1,849,1,https://manuals.ipaustralia.gov.au/trademark/7.-use-of-a-trade-mark-with-additions-or-alterations,"hich registration is sought (or for which registration is seeking to be maintained). For example, in PB Foods Ltd v Malanda Dairy Foods Ltd [1999] FCA 1602, the Federal Court held that use of CHILL constituted use of CHOC CHILL in relation to flavoured milk, on the basis that CHOC was descripti"
CASE/1999/FCA/1721,[1999] FCA 1721,neutral,1999,FCA,1721,,,1,,,,,TMM/Part19A/2#1~1,TMM/Part19A/2,Part19A,Part 19A Use of a Trade Mark,19A.2. Use 'as a trade mark',Part 19A Use of a Trade Mark > 19A.2. Use 'as a trade mark',1,116,1,https://manuals.ipaustralia.gov.au/trademark/19a2-use-as-a-trade-mark,"Not all use of a particular sign will constitute use ‘as a trade mark’. In Coca-Cola Co v All-Fect Distributors Ltd [1999] FCA 1721 at [19], the Full Bench of the Federal Court held : Use 'as a trade mark' is use of the mark as a 'badge of origin' in the sense that it in"
CASE/1999/FCA/816,[1999] FCA 816,neutral,1999,FCA,816,,,1,,,(1999) 91 FCR 167,CASE/1999/FCR/91/167,TMM/Part19A/2/2/4~3,TMM/Part19A/2,Part19A,Part 19A Use of a Trade Mark,19A.2. Use 'as a trade mark',Part 19A Use of a Trade Mark > 19A.2. Use 'as a trade mark' > 2.4 Shape and colour trade marks,11,257,1,https://manuals.ipaustralia.gov.au/trademark/19a2-use-as-a-trade-mark,nopoly of matters of engineering design: Kenman per French J at [45]; Koninklijke Philips Electronics NV v Remington Products Australia Ltd [1999] FCA 816; (1999) 91 FCR 167; Philips Electronics NV v Remington Consumer Products (1997) 40 IPR 279 per Jacob J; British Sugar Plc v James Robertson
CASE/2000/IPR/47/579,(2000) 47 IPR 579,reported,2000,IPR,,47,579,1,,,,,TMM/Part22/3#1~3,TMM/Part22/3,Part22,Part 22 Section 41 - Capable of Distinguishing,22.3. Inherent adaptation to distinguish,Part 22 Section 41 - Capable of Distinguishing > 22.3. Inherent adaptation to distinguish,3,952,1,https://manuals.ipaustralia.gov.au/trademark/3.-inherent-adaptation-to-distinguish,"ss v The Registrar of Trade Marks (1990) 17 IPR 509 (‘Oxford’), and more recently in Ocean Spray Cranberries Inc v Registrar of Trade Marks (2000) 47 IPR 579 (‘Cranberry Classic’). More recently, the High Court in Cantarella Bros Pty Limited v Modena Trading Pty Limited [2014] HCA 48 (‘Cantarella"
CASE/2000/IPR/51/102,(2000) 51 IPR 102,reported,2000,IPR,,51,102,1,,,,,TMM/Part23/4/4/1~1,TMM/Part23/4,Part23,Part 23 Overcoming Grounds for Rejection under Section 41 - including Evidence of Use,Part 23.4. Examining evidence - general,Part 23 Overcoming Grounds for Rejection under Section 41 - including Evidence of Use > Part 23.4. Examining evidence - general > 4.1 How much turnover and marketing expenditure needs to be associated with use of the trade mark?,2,1907,1,https://manuals.ipaustralia.gov.au/trademark/4.-examining-evidence---general, thing by the public generally or the estimation in which a person or thing is held by the public generally: McCormick & Co Inc v McCormick (2000) 51 IPR 102 at [81] (McCormick). The reputation of a trade mark has quantitative and qualitative dimensions. The quantitative dimension concerns the br
CASE/2000/ATMO/103,[2000] ATMO 103,neutral,2000,ATMO,103,,,1,Estee Lauder Cosmetics Limited v Warnaco Inc,https://jade.io/article/591467,,,TMM/Part26/4/4/3/1~4,TMM/Part26/4,Part26,Part 26 Section 44 and Regulation 4.15A - Conflict with Other Signs,26.4. Similarity of goods and services,"Part 26 Section 44 and Regulation 4.15A - Conflict with Other Signs > 26.4. Similarity of goods and services > 4.3 Closely related goods and services > 4.3.1 Retail, wholesale, and distribution services v goods",10,1265,1,https://manuals.ipaustralia.gov.au/trademark/4.-similarity-of-goods-and-services,"ic') Sales, distribution (unqualified) v Electrolytic water generators Yes KANGEN WATER KANGEN Estee Lauder Cosmetics Limited v Warnaco Inc [2000] ATMO 103 Perfumery, cosmetics, toiletries v Retail store services for the sale of men's, women's and children's clothing, intimate apparel and relat"
CASE/2000/ATMO/14,[2000] ATMO 14,neutral,2000,ATMO,14,,,1,,,,,TMM/Part29/9/9/7,TMM/Part29/9,Part29,Part 29 Section 43 - Trade Marks likely to Deceive or Cause Confusion,29.9. Geographical references,Part 29 Section 43 - Trade Marks likely to Deceive or Cause Confusion > 29.9. Geographical references > 9.7 Implied endorsement or licensing,12,1385,1,https://manuals.ipaustralia.gov.au/trademark/10.-geographical-references," further detail: Radio Corporation Pty Ltd v Disney [1937] HCA 38 (""Mickey Mouse case""); Amalgamated Television Services Pty Ltd v Clissold [2000] ATMO 14 (Home and Away); Amalagamated Television Services Pty Ltd v Linda Cameron Pickard, Alexandra Cameron Pickard and Linda Louise Pickard [1999"
CASE/2000/ATMO/5,[2000] ATMO 5,neutral,2000,ATMO,5,,,1,,,,,TMM/Part29/9/9/7,TMM/Part29/9,Part29,Part 29 Section 43 - Trade Marks likely to Deceive or Cause Confusion,29.9. Geographical references,Part 29 Section 43 - Trade Marks likely to Deceive or Cause Confusion > 29.9. Geographical references > 9.7 Implied endorsement or licensing,12,1622,1,https://manuals.ipaustralia.gov.au/trademark/10.-geographical-references, Alexandra Cameron Pickard and Linda Louise Pickard [1999] ATMO 103 (Summer Bay); Twentieth Century Fox Film Corporation v Michael F Durkan [2000] ATMO 5 (Braveheart); McCorquodale v Masterson [2004] FCA 1247 (Diana’s legacy & device)
CASE/2000/ATMO/97,[2000] ATMO 97,neutral,2000,ATMO,97,,,1,Caltex Corporation v Y.E. Choices Merchandising SDN BHD,https://jade.io/article/591462,,,TMM/Part26/4/4/3/1~4,TMM/Part26/4,Part26,Part 26 Section 44 and Regulation 4.15A - Conflict with Other Signs,26.4. Similarity of goods and services,"Part 26 Section 44 and Regulation 4.15A - Conflict with Other Signs > 26.4. Similarity of goods and services > 4.3 Closely related goods and services > 4.3.1 Retail, wholesale, and distribution services v goods",10,3227,1,https://manuals.ipaustralia.gov.au/trademark/4.-similarity-of-goods-and-services,ing and wholesaling of campers requisites Yes G’DAY (various) G’DAY BABY G’DAY KIDS Caltex Corporation v Y.E. Choices Merchandising SDN BHD [2000] ATMO 97 Clothing v retail of clothing Yes STAR MART GSM (Trademarks) Pty Ltd v Blue Eye Holdings Pty Ltd [2005] ATMO 44 Telecommunications service 
CASE/2000/FCA/1141,[2000] FCA 1141,neutral,2000,FCA,1141,,,1,,,,,TMM/Part52/5/5/4~1,TMM/Part52/5,Part52,"Part 52 Hearings, Decisions, Reasons and Appeals",Part 52.5. Rights of appeal from decisions of the Registrar,"Part 52 Hearings, Decisions, Reasons and Appeals > Part 52.5. Rights of appeal from decisions of the Registrar > 5.4 Role of the Registrar in an appeal",6,1618,1,https://manuals.ipaustralia.gov.au/trademark/5.-rights-of-appeal-from-decisions-of-the-registrar,"he Registrar and this applies even when there is a party in opposition. (See comments of Finkelstein J in Malibu Boats West, Inc v Catanese [2000] FCA 1141). Normally the Registrar would not participate in inter partes proceedings. See for example The Queen v. Australian Broadcasting Tribunal; "
CASE/2000/FCA/1148,[2000] FCA 1148,neutral,2000,FCA,1148,,,1,,,,,TMM/Part26/6/6/4~2,TMM/Part26/6,Part26,Part 26 Section 44 and Regulation 4.15A - Conflict with Other Signs,26.6. Factors to consider when comparing trade marks,Part 26 Section 44 and Regulation 4.15A - Conflict with Other Signs > 26.6. Factors to consider when comparing trade marks > 6.4 Trade marks that share the same or similar element,8,2863,1,https://manuals.ipaustralia.gov.au/trademark/6.-factors-to-consider-when-comparing-trade-marks,"94) 49 FCR 89 at 127; MID Sydney Pty Ltd v Australian Tourism Co Ltd [1998] FCAFC 1616;connect.com.au Pty Ltd v GoConnect Australia Pty Ltd [2000] FCA 1148. In the Mond Staffordshire case, in finding that consumers were not likely to be confused between the Mulsol and Monsol trade marks, the Hi"
CASE/2000/FCA/1335,[2000] FCA 1335,neutral,2000,FCA,1335,,,4,,,,,TMM/Part28/2#1,TMM/Part28/2,Part28,"Part 28 Honest Concurrent Use, Prior Use or Other Circumstances",28.2. Honest concurrent use - para 44(3)(a),"Part 28 Honest Concurrent Use, Prior Use or Other Circumstances > 28.2. Honest concurrent use - para 44(3)(a)",1,1702,1,https://manuals.ipaustralia.gov.au/trademark/2.-honest-concurrent-use---paragraph-443a," mark should be registered or not registered. The five criteria have been applied by Australian courts (McCormick & Company Inc v McCormick [2000] FCA 1335), but are not necessarily exhaustive (see Electrix Ltd.’s application [1957] RPC 369). The relevant date for determining honest concurrent "
CASE/2000/FCA/1335,[2000] FCA 1335,neutral,2000,FCA,1335,,,4,,,,,TMM/Part28/3/3/1~4,TMM/Part28/3,Part28,"Part 28 Honest Concurrent Use, Prior Use or Other Circumstances",28.3. Examining evidence of honest concurrent use - the five criteria,"Part 28 Honest Concurrent Use, Prior Use or Other Circumstances > 28.3. Examining evidence of honest concurrent use - the five criteria > 3.1 The honesty or otherwise of the concurrent use",5,686,1,https://manuals.ipaustralia.gov.au/trademark/3.-examining-evidence-of-honest-concurrent-use---the-five-criteria,") does not (without more) preclude a finding that an applicant has acted honestly (Zip Co, [62], citing McCormick & Company Inc v McCormick [2000] FCA 1335, [33]), but it will ordinarily weigh strongly against a finding of honesty (Zip Co at [70]). Where the applicant was aware of the prior tra"
CASE/2000/FCA/1335,[2000] FCA 1335,neutral,2000,FCA,1335,,,4,,,,,TMM/Part34/6/6/2/3,TMM/Part34/6,Part34,Part 34 Defensive Trade Marks,Part 34.6. Grounds for rejecting a defensive application under section 187,Part 34 Defensive Trade Marks > Part 34.6. Grounds for rejecting a defensive application under section 187 > 6.2 Factors to consider in applying section 187 > 6.2.3 The extent of use of the trade mark as otherwise registered by the applicant,7,1477,1,https://manuals.ipaustralia.gov.au/trademark/6.-grounds-for-rejecting-a-defensive-application-under-section-187,f goods or services bearing the mark. Both use and marketing are important measures of reputation - see McCormick & Company Inc v McCormick [2000] FCA 1335.
CASE/2000/FCA/1335,[2000] FCA 1335,neutral,2000,FCA,1335,,,4,,,,,TMM/Part46/4/4/5/1,TMM/Part46/4,Part46,Part 46 Grounds for Opposition to Registration or Protection,Part 46.4. Grounds for opposition to registration of national trade marks,Part 46 Grounds for Opposition to Registration or Protection > Part 46.4. Grounds for opposition to registration of national trade marks > 4.5.1 Reputation,9,571,1,https://manuals.ipaustralia.gov.au/trademark/4.-grounds-for-opposition-to-registration-of-national-trade-marks,"ferred from a high volume of sales combined with substantial advertising figures and other promotions (McCormick & Company, Inc v McCormick [2000] FCA 1335). In Tivo Inc v Vivo International Corporation Pty Ltd [2012] FCA 252 Dodds-Streeton J noted: The authorities ... recognise that even in th"
CASE/2000/FCA/1587,[2000] FCA 1587,neutral,2000,FCA,1587,,,1,,,,,TMM/Part46/4/4/5/2,TMM/Part46/4,Part46,Part 46 Grounds for Opposition to Registration or Protection,Part 46.4. Grounds for opposition to registration of national trade marks,Part 46 Grounds for Opposition to Registration or Protection > Part 46.4. Grounds for opposition to registration of national trade marks > 4.5.2 The likelihood of deception or confusion,10,1913,1,https://manuals.ipaustralia.gov.au/trademark/4.-grounds-for-opposition-to-registration-of-national-trade-marks, Co Inc [1969] RPC 472) and may depend on the specialised nature of the relevant market (Le Cordon Bleu BV v Cordon Bleu International Ltee [2000] FCA 1587).
CASE/2000/FCA/177,[2000] FCA 177,neutral,2000,FCA,177,,,2,,,,,TMM/Part23/2/2/5,TMM/Part23/2,Part23,Part 23 Overcoming Grounds for Rejection under Section 41 - including Evidence of Use,"Part 23.2. Legal arguments, amendments and informal information","Part 23 Overcoming Grounds for Rejection under Section 41 - including Evidence of Use > Part 23.2. Legal arguments, amendments and informal information > 2.5 Any other circumstances",7,1439,1,https://manuals.ipaustralia.gov.au/trademark/2.-submissions-in-rebuttal-amendments-and-informal-information,"us registrations must be tempered by other relevant considerations under s 41(4). In Ocean Spray Cranberries Inc v Registrar of Trade Marks [2000] FCA 177, Wilcox J held at [35]: …although consistency in public administration is desirable, a public officer is not justified in persisting with e"
CASE/2000/FCA/177,[2000] FCA 177,neutral,2000,FCA,177,,,2,,,,,TMM/Part23/5/5/1,TMM/Part23/5,Part23,Part 23 Overcoming Grounds for Rejection under Section 41 - including Evidence of Use,Part 23.5. Specific evidence requirements for trade marks with no inherent adaptation to distinguish,Part 23 Overcoming Grounds for Rejection under Section 41 - including Evidence of Use > Part 23.5. Specific evidence requirements for trade marks with no inherent adaptation to distinguish > 5.1 What kind of trade marks are these?,2,924,1,https://manuals.ipaustralia.gov.au/trademark/5.-specific-evidence-requirements-for-trade-marks-with-no-inherent-adaptation-to-distinguish,A 175 ('Oxford') Blount Inc v The Registrar of Trade Marks [1998] FCA 440 ('Oregon') Ocean Spray Cranberries Inc v Registrar of Trade Marks [2000] FCA 177 ('Cranberry Classic') Philmac Pty Limited v the Registrar of Trade Marks [2002] FCA 1551 ('Terracotta') Primary Health Care Ltd v Commonwea
CASE/2000/FCA/720,[2000] FCA 720,neutral,2000,FCA,720,,,1,,,,,TMM/Part29/3/3/3,TMM/Part29/3,Part29,Part 29 Section 43 - Trade Marks likely to Deceive or Cause Confusion,Part 29.3. Deception and confusion as a result of a connotation within a trade mark,Part 29 Section 43 - Trade Marks likely to Deceive or Cause Confusion > Part 29.3. Deception and confusion as a result of a connotation within a trade mark > 3.3 The connotation must arise from the trade mark itself,6,299,1,https://manuals.ipaustralia.gov.au/trademark/3.-deception-and-confusion-as-a-result-of-a-connotation-within-a-trade-mark,"another trade mark. This issue was confirmed by the full bench of the Federal Court in T.G.I. Friday's Australia Pty Ltd v TGI Friday's Inc [2000] FCA 720 at [44] where Wilcox, Kiefel and Emmett JJ said: The case on deception and confusion sought to be made by Big Country and Friday's Australi"
CASE/2001/ATMO/123,[2001] ATMO 123,neutral,2001,ATMO,123,,,1,Abb Asea Brown Boveri Ltd V Abb Grain Ltd,https://jade.io/article/592194,,,TMM/Part26/4/4/3/1~4,TMM/Part26/4,Part26,Part 26 Section 44 and Regulation 4.15A - Conflict with Other Signs,26.4. Similarity of goods and services,"Part 26 Section 44 and Regulation 4.15A - Conflict with Other Signs > 26.4. Similarity of goods and services > 4.3 Closely related goods and services > 4.3.1 Retail, wholesale, and distribution services v goods",10,5084,1,https://manuals.ipaustralia.gov.au/trademark/4.-similarity-of-goods-and-services,"or bran/All goods in class 30 v Convenience store services offered at retail gasoline stations No Abb Asea Brown Boveri Ltd V Abb Grain Ltd [2001] ATMO 123 Barley, oats, wheat, sorghum, maize, rye, triticale, millet, buckwheat, oilseeds, soybeans, peas, lupins, lentils, beans and other grains v"
CASE/2001/ATMO/29,[2001] ATMO 29,neutral,2001,ATMO,29,,,1,,,,,TMM/Part29/9/9/6,TMM/Part29/9,Part29,Part 29 Section 43 - Trade Marks likely to Deceive or Cause Confusion,29.9. Geographical references,Part 29 Section 43 - Trade Marks likely to Deceive or Cause Confusion > 29.9. Geographical references > 9.6 Business Identifiers,11,321,1,https://manuals.ipaustralia.gov.au/trademark/10.-geographical-references," services themselves. A ground for rejection will rarely apply in these cases. See USA Detergents, INC v Magnatex International Pty Limited [2001] ATMO 29; Deyncourt Pty Ltd v Scott Mitchell Passmore as trustee for The S R G Passmore Investment Trust [2019] ATMO 26."
CASE/2001/ATMO/63,[2001] ATMO 63,neutral,2001,ATMO,63,,,1,,,,,TMM/Part28/4/28/4/3~1,TMM/Part28/4,Part28,"Part 28 Honest Concurrent Use, Prior Use or Other Circumstances",28.4. Other circumstances - paragraph 44(3)(b),"Part 28 Honest Concurrent Use, Prior Use or Other Circumstances > 28.4. Other circumstances - paragraph 44(3)(b) > 28.4.3 Relevant circumstances?",4,942,1,https://manuals.ipaustralia.gov.au/trademark/4.-other-circumstances---paragraph-443b, Permanent Disabled Soldier's Association v the Australian Federation of Totally & Permanently Incapacitated Ex-Service Men & Women Limited [2001] ATMO 63) The applicant and opponent both traded in clothing. The delegate held that the applicant’s trade in the niche field of upmarket women’s cl
CASE/2001/ATMO/67,[2001] ATMO 67,neutral,2001,ATMO,67,,,1,Kellogg Company v Exxon Corporation,https://jade.io/article/592146,,,TMM/Part26/4/4/3/1~4,TMM/Part26/4,Part26,Part 26 Section 44 and Regulation 4.15A - Conflict with Other Signs,26.4. Similarity of goods and services,"Part 26 Section 44 and Regulation 4.15A - Conflict with Other Signs > 26.4. Similarity of goods and services > 4.3 Closely related goods and services > 4.3.1 Retail, wholesale, and distribution services v goods",10,4875,1,https://manuals.ipaustralia.gov.au/trademark/4.-similarity-of-goods-and-services," and all other goods in this class v Wholesaling and retailing of toys, books, CD's and DVD's No PUGGLE Kellogg Company v Exxon Corporation [2001] ATMO 67 Ready-to-eat cereal foods made from corn, rice, wheat or bran/All goods in class 30 v Convenience store services offered at retail gasoline"
CASE/2001/ATMO/78,[2001] ATMO 78,neutral,2001,ATMO,78,,,1,,,,,TMM/Part55/4/4/2,TMM/Part55/4,Part55,Part 55 Costs,Part 55.4. Determination of the amount of costs,"Part 55 Costs > Part 55.4. Determination of the amount of costs > 4.2 Taxation of costs for ""multiple"" oppositions",4,1309,1,https://manuals.ipaustralia.gov.au/trademark/4.-determination-of-the-amount-of-costs,evidence to support or answer each of the additional oppositions. Following Hume Industries (Malaysia) Berhard v James Hardie & Coy Pty Ltd [2001] ATMO 78: costs in preparing and serving evidence in the additional oppositions should also be taxed at 20% of the scale item for the first oppositi
CASE/2001/ATMO/9,[2001] ATMO 9,neutral,2001,ATMO,9,,,1,,,,,TMM/Part29/9/9/3~2,TMM/Part29/9,Part29,Part 29 Section 43 - Trade Marks likely to Deceive or Cause Confusion,29.9. Geographical references,Part 29 Section 43 - Trade Marks likely to Deceive or Cause Confusion > 29.9. Geographical references > 9.3 Is the Trade Mark Likely to Cause Confusion?,4,778,1,https://manuals.ipaustralia.gov.au/trademark/10.-geographical-references,"e likelihood of confusion, see New Zealand Winegrowers v Lacheteau S.A.S [2009] ATMO 82 (‘Kiwi Cuvee’); Leroy SA v Regal Grange Pty Limited [2001] ATMO 9 (‘Lefroy Valley’); McWilliams Wines Pty Ltd v Lovedale Chamber of Commerce [2007] ATMO 8 (‘Lovedale - The Heart of the Hunter’)."
CASE/2001/ATMO/96,[2001] ATMO 96,neutral,2001,ATMO,96,,,1,,,,,TMM/Part34/7#1~3,TMM/Part34/7,Part34,Part 34 Defensive Trade Marks,Part 34.7. Evidence required for defensive applications,Part 34 Defensive Trade Marks > Part 34.7. Evidence required for defensive applications,3,27,1,https://manuals.ipaustralia.gov.au/trademark/7.-evidence-required-for-defensive-applications,"In AT&T Corp’s Application [2001] ATMO 96, the Registrar decided that AT&T’s extensive use of the trademark in relation to telecommunication goods and services was a basis for a suc"
CASE/2001/FCA/1170,[2001] FCA 1170,neutral,2001,FCA,1170,,,1,,,,,TMM/Part46/4/4/5/1,TMM/Part46/4,Part46,Part 46 Grounds for Opposition to Registration or Protection,Part 46.4. Grounds for opposition to registration of national trade marks,Part 46 Grounds for Opposition to Registration or Protection > Part 46.4. Grounds for opposition to registration of national trade marks > 4.5.1 Reputation,9,232,1,https://manuals.ipaustralia.gov.au/trademark/4.-grounds-for-opposition-to-registration-of-national-trade-marks,"e are no “clear and universally applicable guidelines” for establishing reputation (Renaud Cointreau & Cie v Cordon Bleu International Ltee [2001] FCA 1170). It can, for example, be demonstrated through direct evidence of consumer appreciation of the trade mark (ConAgra Inc v McCain Foods (Aust"
CASE/2001/FCA/1641,[2001] FCA 1641,neutral,2001,FCA,1641,,,1,,,,,TMM/Part55/2/2/5,TMM/Part55/2,Part55,Part 55 Costs,Part 55.2. Award of costs,Part 55 Costs > Part 55.2. Award of costs > 2.5 Consideration of an award of costs where an opposition is resolved without decision of the substantive matter.,6,674,1,https://manuals.ipaustralia.gov.au/trademark/2.-award-of-costs,er se is sufficient reason to award costs. This approach is in line with the decision in Aussie Red Equipment Pty Ltd v Antsent Pty Limited [2001] FCA 1641. In DC Comics v Beling [2015] ATMO 76 the delegate cited Kiama Council v Grant (2006) 143 LGERA 441: [W]here some supervening event or sett
CASE/2001/FCA/1874,[2001] FCA 1874,neutral,2001,FCA,1874,,,2,,,,,TMM/Part19A/2#1~2,TMM/Part19A/2,Part19A,Part 19A Use of a Trade Mark,19A.2. Use 'as a trade mark',Part 19A Use of a Trade Mark > 19A.2. Use 'as a trade mark',2,775,1,https://manuals.ipaustralia.gov.au/trademark/19a2-use-as-a-trade-mark,"stablish that use of a descriptive word is use of a sign ‘as a trade mark’. In Aldi Stores Ltd Partnership v Frito-Lay Trading Company GmbH [2001] FCA 1874 at [23], Hill J held: Where the word has or a combination of words have a clear meaning in ordinary use, the question will be much more dif"
CASE/2001/FCA/1874,[2001] FCA 1874,neutral,2001,FCA,1874,,,2,,,,,TMM/Part19A/2/examples-where-use-as-a-trade-mark-found~1,TMM/Part19A/2,Part19A,Part 19A Use of a Trade Mark,19A.2. Use 'as a trade mark',Part 19A Use of a Trade Mark > 19A.2. Use 'as a trade mark' > 2.5 Illustrative examples > Examples where use as a trade mark found,13,1576,1,https://manuals.ipaustralia.gov.au/trademark/19a2-use-as-a-trade-mark,"ssment of what would be taken to be the effect of the balance of the label. In Aldi Stores Ltd Partnership v Frito-Lay Trading Company GmbH [2001] FCA 1874, the Full Court held that Aldi had used “Cheezy Twists” as a trade mark notwithstanding the descriptive nature of the phrase and the presen"
CASE/2001/FCA/1923,[2001] FCA 1923,neutral,2001,FCA,1923,,,1,,,,,TMM/Part19A/3/3/4,TMM/Part19A/3,Part19A,Part 19A Use of a Trade Mark,19A.3. Use 'in the course of trade',Part 19A Use of a Trade Mark > 19A.3. Use 'in the course of trade' > 3.4 Examples of preliminary activities found not to constitute use in the course of trade,7,550,1,https://manuals.ipaustralia.gov.au/trademark/3.-use-in-the-course-of-trade,mports Pty Ltd v Societe Des Produits Nestle SA (2002) ATMO 16) Use on business cards or letterheads (Unilever Australia Limited v Karounos [2001] FCA 1923) Creation of a price list and order form without evidence pertaining to who has seen these documents and in what circumstances (Bang on the
CASE/2001/FCA/261,[2001] FCA 261,neutral,2001,FCA,261,,,4,,,,,TMM/Part19A/3/3/3~1,TMM/Part19A/3,Part19A,Part 19A Use of a Trade Mark,19A.3. Use 'in the course of trade',Part 19A Use of a Trade Mark > 19A.3. Use 'in the course of trade' > 3.3 Intention to use coupled with preparatory steps manifesting an objective commitment to use,5,289,1,https://manuals.ipaustralia.gov.au/trademark/3.-use-in-the-course-of-trade," as at the priority date of the application, but has gone beyond mere preliminary activities. In Woolly Bull Enterprises Pty Ltd v Reynolds [2001] FCA 261 at 40, Drummond J held: …the owner will not use its mark unless it has so acted to show that it has gone beyond investigating whether to us"
CASE/2001/FCA/261,[2001] FCA 261,neutral,2001,FCA,261,,,4,,,,,TMM/Part19A/3/3/3~2,TMM/Part19A/3,Part19A,Part 19A Use of a Trade Mark,19A.3. Use 'in the course of trade',Part 19A Use of a Trade Mark > 19A.3. Use 'in the course of trade' > 3.3 Intention to use coupled with preparatory steps manifesting an objective commitment to use,6,363,1,https://manuals.ipaustralia.gov.au/trademark/3.-use-in-the-course-of-trade,laiming use has not subsequently sold or offered for sale the goods or services in question (see Woolly Bull Enterprises Pty Ltd v Reynolds [2001] FCA 261).
CASE/2001/FCA/261,[2001] FCA 261,neutral,2001,FCA,261,,,4,,,51 IPR 149,,TMM/Part48/10#1~3,TMM/Part48/10,Part48,Part 48 Removal of a Trade Mark from the Register for Non-use,Part 48.10. Circumstances that were an obstacle to the use of a trade mark,Part 48 Removal of a Trade Mark from the Register for Non-use > Part 48.10. Circumstances that were an obstacle to the use of a trade mark,3,1104,1,https://manuals.ipaustralia.gov.au/trademark/10.-circumstances-that-were-an-obstacle-to-the-use-of-a-trade-mark," and compelling reasons for non-use. Drummond J made an interpretation of paragraph 100(3)(c) in Woolly Bull Enterprises Pty Ltd v Reynolds [2001] FCA 261; 51 IPR 149. In comparing the new wording with the provisions in section 23(4) he says, at para 46: It can be accepted that the wording of "
CASE/2001/FCA/261,[2001] FCA 261,neutral,2001,FCA,261,,,4,,,51 IPR 149,,TMM/Part48/6#1,TMM/Part48/6,Part48,Part 48 Removal of a Trade Mark from the Register for Non-use,Part 48.6. Burden on opponent to establish use of a trade mark,Part 48 Removal of a Trade Mark from the Register for Non-use > Part 48.6. Burden on opponent to establish use of a trade mark,1,1677,1,https://manuals.ipaustralia.gov.au/trademark/6.-burden-on-opponent-to-establish-use-of-a-trade-mark,"cient to rebut an allegation of non-use under section 92(4)(b) has been considered judicially in Woolly Bull Enterprises Pty Ltd v Reynolds [2001] FCA 261; 51 IPR 149. Drummond J summarises the authorities on use. He also distinguishes (in paragraph 20) between a subjective intention to use, a"
CASE/2001/FCA/683,[2001] FCA 683,neutral,2001,FCA,683,,,2,,,,,TMM/Part30/3/3/4,TMM/Part30/3,Part30,Part 30 Signs that are Scandalous and Use Contrary to Law,30.3. Use contrary to law,Part 30 Signs that are Scandalous and Use Contrary to Law > 30.3. Use contrary to law > 3.4 Copyright Act 1968; Competition and Consumer Act 2010,5,82,1,https://manuals.ipaustralia.gov.au/trademark/3.-use-contrary-to-law,Following the decision in Advantage Rent-a-Car Inc v Advantage Car Rental Pty Ltd [2001] FCA 683 (‘Advantage Rent-a-Car’) it became clear that the Registrar was obliged in certain circumstances to give consideration to legislation such 
CASE/2001/FCA/683,[2001] FCA 683,neutral,2001,FCA,683,,,2,,,,,TMM/Part52/5/5/4~2,TMM/Part52/5,Part52,"Part 52 Hearings, Decisions, Reasons and Appeals",Part 52.5. Rights of appeal from decisions of the Registrar,"Part 52 Hearings, Decisions, Reasons and Appeals > Part 52.5. Rights of appeal from decisions of the Registrar > 5.4 Role of the Registrar in an appeal",7,335,1,https://manuals.ipaustralia.gov.au/trademark/5.-rights-of-appeal-from-decisions-of-the-registrar,"case, that the Registrar will make submissions in a non-partisan fashion."" See also Advantage-Rent-A-Car Inc v Advantage Car Rental Pty Ltd [2001] FCA 683 at 23 – 32."
CASE/2002/ATMO/19,[2002] ATMO 19,neutral,2002,ATMO,19,,,1,,,,,TMM/Part22/20#1~1,TMM/Part22/20,Part22,Part 22 Section 41 - Capable of Distinguishing,"22.20. Titles of well known books, novels, stories, plays, films, stage shows, songs and musical works","Part 22 Section 41 - Capable of Distinguishing > 22.20. Titles of well known books, novels, stories, plays, films, stage shows, songs and musical works",1,505,1,https://manuals.ipaustralia.gov.au/trademark/20.-titles-of-well-known-books-novels-stories-plays-films-stage-shows-songs-and-musical-works,"ces, such that it cannot be said that other traders would have any need to use it. By way of illustration, in Jolly Swagmen Pty Ltd v Lomas [2002] ATMO 19 the Hearing Officer considered that WALTZING MATILDA for goods in classes 29, 30, 31 and services in classes 35 and 42 was prima facie capa"
CASE/2002/EWHC/2709,[2002] EWHC 2709,neutral,2002,EWHC,2709,,,1,,,,,TMM/Part19A/8#1~2,TMM/Part19A/8,Part19A,Part 19A Use of a Trade Mark,19A.8. Use of multiple trade marks,Part 19A Use of a Trade Mark > 19A.8. Use of multiple trade marks,2,1080,1,https://manuals.ipaustralia.gov.au/trademark/8.-use-of-multiple-trade-marks,inent use of the brand ‘PopSockets’. The English and Welsh High Court explains the position in Societe De Produits Nestle Sa v Unilever Plc [2002] EWHC 2709 (Ch) at [33]: There is a bit of sleight of hand going on here and in other cases of this sort. The trick works like this. The manufacturer 
CASE/2002/FCA/1551,[2002] FCA 1551,neutral,2002,FCA,1551,,,4,,,,,TMM/Part19A/2/2/4~2,TMM/Part19A/2,Part19A,Part 19A Use of a Trade Mark,19A.2. Use 'as a trade mark',Part 19A Use of a Trade Mark > 19A.2. Use 'as a trade mark' > 2.4 Shape and colour trade marks,10,1576,1,https://manuals.ipaustralia.gov.au/trademark/19a2-use-as-a-trade-mark,"ity will be relevant in determining whether a colour has been used ‘as a trade mark’. In Philmac Pty Limited v The Registrar of Trade Marks [2002] FCA 1551 at 53, Mansfield J held: … a trader might legitimately choose a colour for its practical utility. That is, the colour may be a feature of a"
CASE/2002/FCA/1551,[2002] FCA 1551,neutral,2002,FCA,1551,,,4,,,,,TMM/Part21/4/4/3,TMM/Part21/4,Part21,Part 21 Non-traditional Signs,21.4. Colour and coloured trade marks,Part 21 Non-traditional Signs > 21.4. Colour and coloured trade marks > 4.3 Single all over colouring applied to the goods or their services,5,909,1,https://manuals.ipaustralia.gov.au/trademark/4.-colour-and-coloured-trade-marks,"nes and the colour ‘terracotta’ for irrigation pipe connectors (the Terracotta decision, Philmac Pty Limited v The Registrar of Trade Marks [2002] FCA 1551). In these cases, objections were initially taken and there was a heavy onus on the applicants to submit persuasive evidence showing these "
CASE/2002/FCA/1551,[2002] FCA 1551,neutral,2002,FCA,1551,,,4,,,,,TMM/Part23/5/5/1,TMM/Part23/5,Part23,Part 23 Overcoming Grounds for Rejection under Section 41 - including Evidence of Use,Part 23.5. Specific evidence requirements for trade marks with no inherent adaptation to distinguish,Part 23 Overcoming Grounds for Rejection under Section 41 - including Evidence of Use > Part 23.5. Specific evidence requirements for trade marks with no inherent adaptation to distinguish > 5.1 What kind of trade marks are these?,2,1012,1,https://manuals.ipaustralia.gov.au/trademark/5.-specific-evidence-requirements-for-trade-marks-with-no-inherent-adaptation-to-distinguish,an Spray Cranberries Inc v Registrar of Trade Marks [2000] FCA 177 ('Cranberry Classic') Philmac Pty Limited v the Registrar of Trade Marks [2002] FCA 1551 ('Terracotta') Primary Health Care Ltd v Commonwealth [2017] FCAFC 174 ('Primary Health Care') Bendigo and Adelaide Bank Ltd v Community Fi
CASE/2002/FCA/1551,[2002] FCA 1551,neutral,2002,FCA,1551,,,4,,,,,TMM/Part52/5/5/4~1,TMM/Part52/5,Part52,"Part 52 Hearings, Decisions, Reasons and Appeals",Part 52.5. Rights of appeal from decisions of the Registrar,"Part 52 Hearings, Decisions, Reasons and Appeals > Part 52.5. Rights of appeal from decisions of the Registrar > 5.4 Role of the Registrar in an appeal",6,996,1,https://manuals.ipaustralia.gov.au/trademark/5.-rights-of-appeal-from-decisions-of-the-registrar,"he matter and the law applicable but will avoid defending the decision in a partisan manner. See Philmac Pty Ltd v Registrar of Trade Marks [2002] FCA 1551 at 5, and Philmac Pty Ltd v Registrar of Trade Marks (No 2) [2003] FCA 207 at 12. Opposition matters, by definition, involve two parties an"
CASE/2002/FCA/1556,[2002] FCA 1556,neutral,2002,FCA,1556,,,1,,,,,TMM/Part52/5/5/3,TMM/Part52/5,Part52,"Part 52 Hearings, Decisions, Reasons and Appeals",Part 52.5. Rights of appeal from decisions of the Registrar,"Part 52 Hearings, Decisions, Reasons and Appeals > Part 52.5. Rights of appeal from decisions of the Registrar > 5.3 Review under the Administrative Decisions (Judicial Review) Act 1977",5,2047,1,https://manuals.ipaustralia.gov.au/trademark/5.-rights-of-appeal-from-decisions-of-the-registrar,"ing from an unlawful administrative decision that it proposes to set aside, see British Sky Broadcasting Limited v Registrar of Trade Marks [2002] FCA 1556 at 47. The normal time for applying for review to the Federal Court under the AD(JR) Act is 28 days after receipt of the decision."
CASE/2002/FCA/338,[2002] FCA 338,neutral,2002,FCA,338,,,1,,,,,TMM/Part48/7#1,TMM/Part48/7,Part48,Part 48 Removal of a Trade Mark from the Register for Non-use,Part 48.7. Authorised use by another person,Part 48 Removal of a Trade Mark from the Register for Non-use > Part 48.7. Authorised use by another person,1,868,1,https://manuals.ipaustralia.gov.au/trademark/7.-authorised-use-by-another-person,"er was in fact authorised, in the sense that it was ""under the control of the owner"" (See Yau’s Entertainment Pty Ltd v Asia Television Ltd [2002] FCA 338). Subsections 8(3) and 8(4) provide two non-exclusive examples of where such control is taken to exist. These are: where the owner of a tra"
CASE/2002/FCA/390,[2002] FCA 390,neutral,2002,FCA,390,,,3,,,,,TMM/Part19A/2#1~1,TMM/Part19A/2,Part19A,Part 19A Use of a Trade Mark,19A.2. Use 'as a trade mark',Part 19A Use of a Trade Mark > 19A.2. Use 'as a trade mark',1,1489,1,https://manuals.ipaustralia.gov.au/trademark/19a2-use-as-a-trade-mark,"trade has been referred to as the ‘branding function’ of the trade mark (see Anheuser-Busch, Inc v Budejovický Budvar, Národní Podnik & Ors [2002] FCA 390 and Alcon Inc v Bausch & Lomb (Australia) Pty Ltd [2009] FCA 1299). In Nature's Blend Pty Ltd v Nestlé Australia Ltd [2010] FCAFC 117 at [1"
CASE/2002/FCA/390,[2002] FCA 390,neutral,2002,FCA,390,,,3,,,,,TMM/Part19A/2#1~3,TMM/Part19A/2,Part19A,Part 19A Use of a Trade Mark,19A.2. Use 'as a trade mark',Part 19A Use of a Trade Mark > 19A.2. Use 'as a trade mark',3,356,1,https://manuals.ipaustralia.gov.au/trademark/19a2-use-as-a-trade-mark,"purpose and nature (or ‘context’) of the impugned words: Johnson & Johnson at 347; Anheuser-Busch, Inc v Budějovický Budvar, Národní Podnik [2002] FCA 390 Set out below (2.1-2.4) is a discussion of the use of signs in particular circumstances and whether this constitutes use ‘as a trade mark’."
CASE/2002/FCA/390,[2002] FCA 390,neutral,2002,FCA,390,,,3,,,,,TMM/Part19A/2/examples-where-use-as-a-trade-mark-found~1,TMM/Part19A/2,Part19A,Part 19A Use of a Trade Mark,19A.2. Use 'as a trade mark',Part 19A Use of a Trade Mark > 19A.2. Use 'as a trade mark' > 2.5 Illustrative examples > Examples where use as a trade mark found,13,145,1,https://manuals.ipaustralia.gov.au/trademark/19a2-use-as-a-trade-mark,"igh Court in Self Care v Allegan expressly approved at [25] Allsop J’s decision in Anheuser-Busch, Inc v Budejovicky Budvar, Narodni Podnik [2002] FCA 390 at [191] that Budejovicky Budvar used “Budweiser Budvar” as a trade mark on its labels and packaging notwithstanding the presence of a clea"
CASE/2002/FCAFC/273,[2002] FCAFC 273,neutral,2002,FCAFC,273,,,2,,,,,TMM/Part21/3/3/2,TMM/Part21/3,Part21,Part 21 Non-traditional Signs,21.3. Shape (three-dimensional) trade marks,Part 21 Non-traditional Signs > 21.3. Shape (three-dimensional) trade marks > 3.2 Shapes may be capable of distinguishing,3,874,1,https://manuals.ipaustralia.gov.au/trademark/3.-shape-three-dimensional-trade-marks,"ich would infringe a registered trade mark granted in respect of it. As noted in Kenman Kandy Australia Pty Ltd v Registrar of Trade Marks, [2002] FCAFC 273 (the Kenman Kandy decision), this test applies equally to shapes as it does to words. The ordinary signification is the meaning conveyed by"
CASE/2002/FCAFC/273,[2002] FCAFC 273,neutral,2002,FCAFC,273,,,2,,,,,TMM/Part22/11/11/2,TMM/Part22/11,Part22,Part 22 Section 41 - Capable of Distinguishing,22.11. Words in languages other than English,Part 22 Section 41 - Capable of Distinguishing > 22.11. Words in languages other than English > 11.2 Non-Roman Characters and s41,4,593,1,https://manuals.ipaustralia.gov.au/trademark/11.-words-in-languages-other-than-english, evaluative judgement about the effects of the relevant mark in the real world”. (Kenman Kandy Australia Pty Ltd v Registrar of Trade Marks [2002] FCAFC 273 at [47]) and this is especially true of trade marks containing non-Roman characters.
CASE/2003/ATMO/17,[2003] ATMO 17,neutral,2003,ATMO,17,,,1,,,,,TMM/Part47/1/1/3/1/1,TMM/Part47/1,Part47,Part 47 Procedures for Opposing Registration or Protection,Part 47.1. Filing a notice of opposition,"Part 47 Procedures for Opposing Registration or Protection > Part 47.1. Filing a notice of opposition > 1.3 Extension of time to file a notice of intention to oppose or a statement of grounds and particulars > 1.3.1 Grounds for requesting an extension > 1.3.1.1 Error or omission by the person, the person’s agent, the Registrar or an employee (regs 5.9(4)(a) and 17A.34C(4)(a)).",17,1324,1,https://manuals.ipaustralia.gov.au/trademark/1.-filing-a-notice-of-opposition,"-Clark v Commissioner of Patents (No 3) (1988), 13 IPR 569, from simple bad decisions. See also British Sky Broadcasting Ltd v SkyNetGlobal [2003] ATMO 17."
CASE/2003/ATMO/7,[2003] ATMO 7,neutral,2003,ATMO,7,,,1,,,,,TMM/Part29/9/9/3~2,TMM/Part29/9,Part29,Part 29 Section 43 - Trade Marks likely to Deceive or Cause Confusion,29.9. Geographical references,Part 29 Section 43 - Trade Marks likely to Deceive or Cause Confusion > 29.9. Geographical references > 9.3 Is the Trade Mark Likely to Cause Confusion?,4,280,1,https://manuals.ipaustralia.gov.au/trademark/10.-geographical-references,"tion present in the mark is low. Example 4 Trade Mark - TUSCAN EFFECT Class 2: Paint Wattyl Australia Limited v Orica Australia Pty Limited [2003] ATMO 7 Exam Practice - No s 43 ground for rejection. Although the trade mark contains a reference to Tuscany, the word EFFECT changes the connotat"
CASE/2003/ATMO/9,[2003] ATMO 9,neutral,2003,ATMO,9,,,1,Plantmark Pty Ltd v Wal-Mart Stores Inc,https://jade.io/article/590259,,,TMM/Part26/4/4/3/1~4,TMM/Part26/4,Part26,Part 26 Section 44 and Regulation 4.15A - Conflict with Other Signs,26.4. Similarity of goods and services,"Part 26 Section 44 and Regulation 4.15A - Conflict with Other Signs > 26.4. Similarity of goods and services > 4.3 Closely related goods and services > 4.3.1 Retail, wholesale, and distribution services v goods",10,2363,1,https://manuals.ipaustralia.gov.au/trademark/4.-similarity-of-goods-and-services,"05] ATMO 18. Clothing v retailing and wholesaling of consumer goods, including women's clothing Yes Plantmark Pty Ltd v Wal-Mart Stores Inc [2003] ATMO 9. Potting soil, topsoil, fencing and seeds for gardening v retailing and wholesaling of plants, seedlings, garden products, plant nursery pr"
CASE/2003/FCA/105,[2003] FCA 105,neutral,2003,FCA,105,,,1,,,,,TMM/Part19A/3/3/3~1,TMM/Part19A/3,Part19A,Part 19A Use of a Trade Mark,19A.3. Use 'in the course of trade',Part 19A Use of a Trade Mark > 19A.3. Use 'in the course of trade' > 3.3 Intention to use coupled with preparatory steps manifesting an objective commitment to use,5,1507,1,https://manuals.ipaustralia.gov.au/trademark/3.-use-in-the-course-of-trade,"nt to use, sufficient to ‘constitute a relevant use of the mark’ in respect of the relevant goods. In Oakley, Inc v Franchise China Pty Ltd [2003] FCA 105, Drummond J observed at [29] that: where the owner of a mark is able to show that it is committed to supplying marked goods to persons prep"
CASE/2003/FCA/1290,[2003] FCA 1290,neutral,2003,FCA,1290,,,1,,,,,TMM/Part54/2#1~2,TMM/Part54/2,Part54,"Part 54 Subpoenas, Summonses and Production of Documents",Part 54.2. Summonsing a witness,"Part 54 Subpoenas, Summonses and Production of Documents > Part 54.2. Summonsing a witness",2,2099,1,https://manuals.ipaustralia.gov.au/trademark/2.-summonsing-a-witness," under natural justice for the Registrar to give the other party an opportunity to comment. (See Structureco Inc v Registrar of Trade Marks [2003] FCA 1290.) Any objections he or she might have to the summons could be argued as a “reasonable excuse” for non-compliance with the summons, as per s"
CASE/2003/FCA/207,[2003] FCA 207,neutral,2003,FCA,207,,,1,,,,,TMM/Part52/5/5/4~1,TMM/Part52/5,Part52,"Part 52 Hearings, Decisions, Reasons and Appeals",Part 52.5. Rights of appeal from decisions of the Registrar,"Part 52 Hearings, Decisions, Reasons and Appeals > Part 52.5. Rights of appeal from decisions of the Registrar > 5.4 Role of the Registrar in an appeal",6,1072,1,https://manuals.ipaustralia.gov.au/trademark/5.-rights-of-appeal-from-decisions-of-the-registrar,"partisan manner. See Philmac Pty Ltd v Registrar of Trade Marks [2002] FCA 1551 at 5, and Philmac Pty Ltd v Registrar of Trade Marks (No 2) [2003] FCA 207 at 12. Opposition matters, by definition, involve two parties and thus the Registrar is not required to be joined as a party to an appeal f"
CASE/2003/FCA/816,[2003] FCA 816,neutral,2003,FCA,816,,,2,,,,,TMM/Part14/7/7/1,TMM/Part14/7,Part14,Part 14 Classification of Goods and Services,14.7. Interpretation of specifications,Part 14 Classification of Goods and Services > 14.7. Interpretation of specifications > 7.1 General Guidance,1,391,1,https://manuals.ipaustralia.gov.au/trademark/7.-interpretation-of-specifications,"er than the applicant’s subjective intentions that determines the scope of a claim (for guidance, see Nikkken Wellness Pty Ltd v van Voorst [2003] FCA 816, [40], [44]; Daiquiri Rum Trade Mark [1969] RPC 600). The terminology of claims is therefore important in determining the scope of a partic"
CASE/2003/FCA/816,[2003] FCA 816,neutral,2003,FCA,816,,,2,,,,,TMM/Part26/4#1,TMM/Part26/4,Part26,Part 26 Section 44 and Regulation 4.15A - Conflict with Other Signs,26.4. Similarity of goods and services,Part 26 Section 44 and Regulation 4.15A - Conflict with Other Signs > 26.4. Similarity of goods and services,1,1457,1,https://manuals.ipaustralia.gov.au/trademark/4.-similarity-of-goods-and-services,"(1889) 41 Ch D 278 at 291; Reckitt & Coleman (Australia) Ltd v Boden35 [1945] HCA 12; 70 CLR 84 at 90; Nikken Wellness Pty Ltd v van Voorst [2003] FCA 816 at [43] – [44]. The question is whether, from a business and commercial point of view, the description “non-alcoholic beverages”, as used i"
CASE/2004/ATMO/25,[2004] ATMO 25,neutral,2004,ATMO,25,,,1,,,,,TMM/Part34/7#1~3,TMM/Part34/7,Part34,Part 34 Defensive Trade Marks,Part 34.7. Evidence required for defensive applications,Part 34 Defensive Trade Marks > Part 34.7. Evidence required for defensive applications,3,526,1,https://manuals.ipaustralia.gov.au/trademark/7.-evidence-required-for-defensive-applications,"al and cultural impact of the applicant’s activities extended far beyond its immediate field of commercial interest. In Pfizer Products Inc [2004] ATMO 25 (""Viagra""), the Hearing Officer was satisfied that the “deepening fame” of the trade mark meant that a connection could be inferred for a w"
CASE/2004/ATMO/51,[2004] ATMO 51,neutral,2004,ATMO,51,,,1,,,,,TMM/Part19A/3/3/4,TMM/Part19A/3,Part19A,Part 19A Use of a Trade Mark,19A.3. Use 'in the course of trade',Part 19A Use of a Trade Mark > 19A.3. Use 'in the course of trade' > 3.4 Examples of preliminary activities found not to constitute use in the course of trade,7,743,1,https://manuals.ipaustralia.gov.au/trademark/3.-use-in-the-course-of-trade,orm without evidence pertaining to who has seen these documents and in what circumstances (Bang on the Door Ltd v Playgro Australia Pty Ltd [2004] ATMO 51) Use of the sign on an A-frame board followed by the words ‘Coming Soon’ (Shahin Enterprises Pty Ltd v Exxonmobil Oil Corporation [2005] FC
CASE/2004/FCA/1247,[2004] FCA 1247,neutral,2004,FCA,1247,,,3,,,,,TMM/Part29/6/6/2~1,TMM/Part29/6,Part29,Part 29 Section 43 - Trade Marks likely to Deceive or Cause Confusion,Part 29.6. Names of Persons,Part 29 Section 43 - Trade Marks likely to Deceive or Cause Confusion > Part 29.6. Names of Persons > 6.2 Deceased Persons,4,1297,1,https://manuals.ipaustralia.gov.au/trademark/6.-names-of-persons,"mple: The estate of Diana, Princess of Wales, continued to license the use of her name for charitable fundraising: McCorquodale v Masterson [2004] FCA 1247 (DIANA’S LEGACY IN ROSES & Device). The International Olympic Committee continued to use, and was closely associated with, the name of Pier"
CASE/2004/FCA/1247,[2004] FCA 1247,neutral,2004,FCA,1247,,,3,,,,,TMM/Part29/6/6/2~2,TMM/Part29/6,Part29,Part 29 Section 43 - Trade Marks likely to Deceive or Cause Confusion,Part 29.6. Names of Persons,Part 29 Section 43 - Trade Marks likely to Deceive or Cause Confusion > Part 29.6. Names of Persons > 6.2 Deceased Persons,5,300,1,https://manuals.ipaustralia.gov.au/trademark/6.-names-of-persons,"her authorised entity) and the specified goods/services, which would confuse or deceive consumers. For example, in McCorquodale v Masterson [2004] FCA 1247 (DIANA’S LEGACY IN ROSES & Device) (“Masterson”), the Court found that the section 43 ground was established because parts contained in the"
CASE/2004/FCA/1247,[2004] FCA 1247,neutral,2004,FCA,1247,,,3,,,,,TMM/Part29/9/9/7,TMM/Part29/9,Part29,Part 29 Section 43 - Trade Marks likely to Deceive or Cause Confusion,29.9. Geographical references,Part 29 Section 43 - Trade Marks likely to Deceive or Cause Confusion > 29.9. Geographical references > 9.7 Implied endorsement or licensing,12,1675,1,https://manuals.ipaustralia.gov.au/trademark/10.-geographical-references,1999] ATMO 103 (Summer Bay); Twentieth Century Fox Film Corporation v Michael F Durkan [2000] ATMO 5 (Braveheart); McCorquodale v Masterson [2004] FCA 1247 (Diana’s legacy & device)
CASE/2004/FCA/438,[2004] FCA 438,neutral,2004,FCA,438,,,1,,,,,TMM/Part19A/8#1~1,TMM/Part19A/8,Part19A,Part 19A Use of a Trade Mark,19A.8. Use of multiple trade marks,Part 19A Use of a Trade Mark > 19A.8. Use of multiple trade marks,1,469,1,https://manuals.ipaustralia.gov.au/trademark/8.-use-of-multiple-trade-marks,"is necessary to determine whether there has been use of the trade mark in question. In Wellness Pty Ltd v Pro Bio Living Waters Pty Limited [2004] FCA 438, the Federal Court held that the following use was of separate trade marks PRO-BIO and LIVING WATERS: Particular difficulties arise where o"
CASE/2004/FCAFC/196,[2004] FCAFC 196,neutral,2004,FCAFC,196,,,3,,,,,TMM/Part26/6/6/4~2,TMM/Part26/6,Part26,Part 26 Section 44 and Regulation 4.15A - Conflict with Other Signs,26.6. Factors to consider when comparing trade marks,Part 26 Section 44 and Regulation 4.15A - Conflict with Other Signs > 26.6. Factors to consider when comparing trade marks > 6.4 Trade marks that share the same or similar element,8,1485,1,https://manuals.ipaustralia.gov.au/trademark/6.-factors-to-consider-when-comparing-trade-marks,"t is not too readily characterised as an essential feature (Crazy Ron's Communications Pty Limited v Mobileworld Communications Pty Limited [2004] FCAFC 196, at [100]) (Crazy Ron’s). JESTS v EASYJEST CAT v PROCAT Yes Whether because of the shared element consumers might think that the one mark i"
CASE/2004/FCAFC/196,[2004] FCAFC 196,neutral,2004,FCAFC,196,,,3,,,,,TMM/Part26/6/6/8~1,TMM/Part26/6,Part26,Part 26 Section 44 and Regulation 4.15A - Conflict with Other Signs,26.6. Factors to consider when comparing trade marks,Part 26 Section 44 and Regulation 4.15A - Conflict with Other Signs > 26.6. Factors to consider when comparing trade marks > 6.8 Descriptive words in composite marks,16,979,1,https://manuals.ipaustralia.gov.au/trademark/6.-factors-to-consider-when-comparing-trade-marks,arison of the marks as a whole. As the Full Federal Court warned in Crazy Ron's Communications Pty Ltd v Mobileworld Communications Pty Ltd [2004] FCAFC 196 (‘Crazy Ron’s) at [100]: some caution needs to be exercised before characterising words in a complex composite registered trade mark as an 
CASE/2004/FCAFC/196,[2004] FCAFC 196,neutral,2004,FCAFC,196,,,3,,,,,TMM/Part46/4/4/7,TMM/Part46/4,Part46,Part 46 Grounds for Opposition to Registration or Protection,Part 46.4. Grounds for opposition to registration of national trade marks,Part 46 Grounds for Opposition to Registration or Protection > Part 46.4. Grounds for opposition to registration of national trade marks > 4.7 Registration may be opposed on the grounds of improper amendment or acceptance on the basis of evidence or submissions false in material particulars - section 62,15,477,1,https://manuals.ipaustralia.gov.au/trademark/4.-grounds-for-opposition-to-registration-of-national-trade-marks,"was improperly allowed by the Registrar’s delegate. For example, in Crazy Ron’s Communications Pty Ltd v Mobileworld Communications Pty Ltd [2004] FCAFC 196 the name of the applicant was improperly amended. While an opponent may succeed in establishing subsection 62(a) this may not necessarily b"
CASE/2005/IPR/68/153,(2005) 68 IPR 153,reported,2005,IPR,,68,153,1,,,[2006] AIPC 92,CASE/2006/AIPC/92,TMM/Part32A/2/3/2-3-1-a-variety-names,TMM/Part32A/2/3,Part32A,Part 32A Examination of Trade Marks for Plants (in Class 31),32A.2.3 Section 41: Capacity to Distinguish,Part 32A Examination of Trade Marks for Plants (in Class 31) > 32A.2.3 Section 41: Capacity to Distinguish > 2.3.1 The Name of a Plant > 2.3.1(a) Variety names,3,1086,1,https://manuals.ipaustralia.gov.au/trademark/2.3-section-41--capacity-to-distinguish,"may only be in common use overseas but Australian traders should still ""be free to use normal and accepted descriptions"". (re Ag-id Pty Ltd (2005) 68 IPR 153; [2006] AIPC 92-154) A name may become generic if applied to a plant variety*, and necessarily so when adopted as the name of a new plant v"
CASE/2005/ATMO/15,[2005] ATMO 15,neutral,2005,ATMO,15,,,1,,,,,TMM/Part29/5/5/4,TMM/Part29/5,Part29,Part 29 Section 43 - Trade Marks likely to Deceive or Cause Confusion,29.5. International Non-Proprietary Names (generic names for pharmaceutical substances) and INN stems,Part 29 Section 43 - Trade Marks likely to Deceive or Cause Confusion > 29.5. International Non-Proprietary Names (generic names for pharmaceutical substances) and INN stems > 5.4 Section 43 ground for rejection in relation to INNs,5,693,1,https://manuals.ipaustralia.gov.au/trademark/international-non-proprietary-names-generic-names-for-pharmaceutical-substances-and-inn-stems,". However, if a trade mark is an obvious derivation of an INN, a connotation is likely to exist. See Aventis Pharma SA v Alphapharm Pty Ltd [2005] ATMO 15 (TM ROXIMYCIN and INN ROXITHROMYCIN) and Sanofi-Aventis v Eremad Pty Ltd [2009] ATMO 97 (TM OXALATIN and INN OXALIPLATIN) where both were f"
CASE/2005/ATMO/18,[2005] ATMO 18,neutral,2005,ATMO,18,,,2,Richard James Pty Ltd v Grant Olver Investments Pty Ltd,https://jade.io/article/590629,,,TMM/Part26/4/4/3/1~4,TMM/Part26/4,Part26,Part 26 Section 44 and Regulation 4.15A - Conflict with Other Signs,26.4. Similarity of goods and services,"Part 26 Section 44 and Regulation 4.15A - Conflict with Other Signs > 26.4. Similarity of goods and services > 4.3 Closely related goods and services > 4.3.1 Retail, wholesale, and distribution services v goods",10,2220,1,https://manuals.ipaustralia.gov.au/trademark/4.-similarity-of-goods-and-services,"trol, automotive supplies, paper goods and pharmaceuticals. Yes QUIK, NES-QUIK QUIX Richard James Pty Ltd v Grant Olver Investments Pty Ltd [2005] ATMO 18. Clothing v retailing and wholesaling of consumer goods, including women's clothing Yes Plantmark Pty Ltd v Wal-Mart Stores Inc [2003] ATMO"
CASE/2005/ATMO/18,[2005] ATMO 18,neutral,2005,ATMO,18,,,2,,,,,TMM/Part28/4/28/4/3~1,TMM/Part28/4,Part28,"Part 28 Honest Concurrent Use, Prior Use or Other Circumstances",28.4. Other circumstances - paragraph 44(3)(b),"Part 28 Honest Concurrent Use, Prior Use or Other Circumstances > 28.4. Other circumstances - paragraph 44(3)(b) > 28.4.3 Relevant circumstances?",4,1370,1,https://manuals.ipaustralia.gov.au/trademark/4.-other-circumstances---paragraph-443b,", it would be open to an action for passing off or misleading or deceptive conduct (Richard James Pty Ltd v Grant Olver Investments Pty Ltd [2005] ATMO 18). The applicant failing to undertake appropriate steps to determine whether their trade mark was registrable was deemed to be a factor not "
CASE/2005/ATMO/44,[2005] ATMO 44,neutral,2005,ATMO,44,,,1,GSM (Trademarks) Pty Ltd v Blue Eye Holdings Pty Ltd,https://jade.io/article/590655,,,TMM/Part26/4/4/3/1~4,TMM/Part26/4,Part26,Part 26 Section 44 and Regulation 4.15A - Conflict with Other Signs,26.4. Similarity of goods and services,"Part 26 Section 44 and Regulation 4.15A - Conflict with Other Signs > 26.4. Similarity of goods and services > 4.3 Closely related goods and services > 4.3.1 Retail, wholesale, and distribution services v goods",10,3339,1,https://manuals.ipaustralia.gov.au/trademark/4.-similarity-of-goods-and-services,"oices Merchandising SDN BHD [2000] ATMO 97 Clothing v retail of clothing Yes STAR MART GSM (Trademarks) Pty Ltd v Blue Eye Holdings Pty Ltd [2005] ATMO 44 Telecommunications service packages and telecommunications equipment v retailing and wholesaling of mobile phones, accessories Yes BILLABON"
CASE/2005/ATMO/69,[2005] ATMO 69,neutral,2005,ATMO,69,,,1,,,,,TMM/Part32B/2/1/2/1/2,TMM/Part32B/2/1,Part32B,Part 32B Examination of Trade Marks for Wines (in Class 33),32B.2.1 Section 42: Contrary to Law,Part 32B Examination of Trade Marks for Wines (in Class 33) > 32B.2.1 Section 42: Contrary to Law > 2.1.2 Ordinary English words which are also registered GIs,3,798,1,https://manuals.ipaustralia.gov.au/trademark/2.1-section-42--contrary-to-law1,"GI. Consequently, it does not contravene the Wine Australia Act or section 42(b) of the Trade Marks Act 1995. In Ross and Veronica Lawrence [2005] ATMO 69 (‘Feet First’) Hearings Officer Iain Thompson offered the following guidance: 32. Thus, I consider that where the context of a (term which "
CASE/2005/FCA/1278,[2005] FCA 1278,neutral,2005,FCA,1278,,,2,,,,,TMM/Part19A/2/2/3,TMM/Part19A/2,Part19A,Part 19A Use of a Trade Mark,19A.2. Use 'as a trade mark',Part 19A Use of a Trade Mark > 19A.2. Use 'as a trade mark' > 2.3 Business names,8,1025,1,https://manuals.ipaustralia.gov.au/trademark/19a2-use-as-a-trade-mark,"hts and is not prima facie evidence that a sign has been used ‘as a trade mark’. In Shahin Enterprises Pty Ltd v Exxonmobil Oil Corporation [2005] FCA 1278 at [73], Lander J held: There is a clear distinction, in my opinion, between conducting a business under a particular name and using a mark"
CASE/2005/FCA/1278,[2005] FCA 1278,neutral,2005,FCA,1278,,,2,,,,,TMM/Part19A/3/3/4,TMM/Part19A/3,Part19A,Part 19A Use of a Trade Mark,19A.3. Use 'in the course of trade',Part 19A Use of a Trade Mark > 19A.3. Use 'in the course of trade' > 3.4 Examples of preliminary activities found not to constitute use in the course of trade,7,888,1,https://manuals.ipaustralia.gov.au/trademark/3.-use-in-the-course-of-trade,] ATMO 51) Use of the sign on an A-frame board followed by the words ‘Coming Soon’ (Shahin Enterprises Pty Ltd v Exxonmobil Oil Corporation [2005] FCA 1278)
CASE/2005/FCA/471,[2005] FCA 471,neutral,2005,FCA,471,,,1,,,,,TMM/Part19A/4/4/4,TMM/Part19A/4,Part19A,Part 19A Use of a Trade Mark,19A.4. Australian Use,Part 19A Use of a Trade Mark > 19A.4. Australian Use > 4.4 Use of a trade mark on the internet and social media,5,167,1,https://manuals.ipaustralia.gov.au/trademark/4.-australian-use,"ite will not be used in Australia unless that website specifically targets Australian consumers. In Ward Group Pty Ltd v Brodie & Stone Plc [2005] FCA 471 at 43, Merkel J held: …use of a trade mark on the Internet, uploaded on a website outside of Australia, without more, is not a use by the w"
CASE/2006/LGERA/143/441,(2006) 143 LGERA 441,reported,2006,LGERA,,143,441,1,,,,,TMM/Part55/2/2/5,TMM/Part55/2,Part55,Part 55 Costs,Part 55.2. Award of costs,Part 55 Costs > Part 55.2. Award of costs > 2.5 Consideration of an award of costs where an opposition is resolved without decision of the substantive matter.,6,769,1,https://manuals.ipaustralia.gov.au/trademark/2.-award-of-costs," Red Equipment Pty Ltd v Antsent Pty Limited [2001] FCA 1641. In DC Comics v Beling [2015] ATMO 76 the delegate cited Kiama Council v Grant (2006) 143 LGERA 441: [W]here some supervening event or settlement so removes or modifies the subject of the dispute that no issue remains except that of costs,"
CASE/2006/IPR/70/347,(2006) 70 IPR 347,reported,2006,IPR,,70,347,1,,,,,TMM/Part55/2/2-see-akt-consultants-pty-ltd-v-alfa-laval-lund-ab-2006-70-ipr-347,TMM/Part55/2,Part55,Part 55 Costs,Part 55.2. Award of costs,Part 55 Costs > Part 55.2. Award of costs > 2.5 Consideration of an award of costs where an opposition is resolved without decision of the substantive matter. > 2 See AKT Consultants Pty Ltd v Alfa Laval Lund AB (2006) 70 IPR 347.,7,51,1,https://manuals.ipaustralia.gov.au/trademark/2.-award-of-costs,2 See AKT Consultants Pty Ltd v Alfa Laval Lund AB (2006) 70 IPR 347.
CASE/2006/IPR/70/599,(2006) 70 IPR 599,reported,2006,IPR,,70,599,1,,,[2006] FCA 1663,CASE/2006/FCA/1663,TMM/Part20/4#1~1,TMM/Part20/4,Part20,Part 20 Definition of a Trade Mark and Presumption of Registrability,20.4. Presumption of registrability,Part 20 Definition of a Trade Mark and Presumption of Registrability > 20.4. Presumption of registrability,1,2297,1,https://manuals.ipaustralia.gov.au/trademark/4.-presumption-of-registrability,esumption of registrability at the opposition stage and in an appeal under s 56 (as here): see Pfizer Products Inc v Karam [2006] FCA 1663; (2006) 70 IPR 599 (‘Pfizer Products’) at 602 [8] (Gyles J).
CASE/2006/AIPC/92,[2006] AIPC 92,neutral,2006,AIPC,92,,,1,,,(2005) 68 IPR 153,CASE/2005/IPR/68/153,TMM/Part32A/2/3/2-3-1-a-variety-names,TMM/Part32A/2/3,Part32A,Part 32A Examination of Trade Marks for Plants (in Class 31),32A.2.3 Section 41: Capacity to Distinguish,Part 32A Examination of Trade Marks for Plants (in Class 31) > 32A.2.3 Section 41: Capacity to Distinguish > 2.3.1 The Name of a Plant > 2.3.1(a) Variety names,3,1105,1,https://manuals.ipaustralia.gov.au/trademark/2.3-section-41--capacity-to-distinguish,"on use overseas but Australian traders should still ""be free to use normal and accepted descriptions"". (re Ag-id Pty Ltd (2005) 68 IPR 153; [2006] AIPC 92-154) A name may become generic if applied to a plant variety*, and necessarily so when adopted as the name of a new plant variety registere"
CASE/2006/FCA/1663,[2006] FCA 1663,neutral,2006,FCA,1663,,,3,,,(2006) 70 IPR 599,CASE/2006/IPR/70/599,TMM/Part20/4#1~1,TMM/Part20/4,Part20,Part 20 Definition of a Trade Mark and Presumption of Registrability,20.4. Presumption of registrability,Part 20 Definition of a Trade Mark and Presumption of Registrability > 20.4. Presumption of registrability,1,2280,1,https://manuals.ipaustralia.gov.au/trademark/4.-presumption-of-registrability,o said to be a presumption of registrability at the opposition stage and in an appeal under s 56 (as here): see Pfizer Products Inc v Karam [2006] FCA 1663; (2006) 70 IPR 599 (‘Pfizer Products’) at 602 [8] (Gyles J).
CASE/2006/FCA/1663,[2006] FCA 1663,neutral,2006,FCA,1663,,,3,,,,,TMM/Part29/3#1~1,TMM/Part29/3,Part29,Part 29 Section 43 - Trade Marks likely to Deceive or Cause Confusion,Part 29.3. Deception and confusion as a result of a connotation within a trade mark,Part 29 Section 43 - Trade Marks likely to Deceive or Cause Confusion > Part 29.3. Deception and confusion as a result of a connotation within a trade mark,1,265,1,https://manuals.ipaustralia.gov.au/trademark/3.-deception-and-confusion-as-a-result-of-a-connotation-within-a-trade-mark," or confused as to the nature of the goods by reason of the secondary meaning connoted by the mark in question (Pfizer Products Inc v Karam [2006] FCA 1663, [53]). In Primary Health Care Limited v Commonwealth of Australia [2017] FCAFC 174, Katzmann J said at 113: ….the section is concerned wit"
CASE/2006/FCA/1663,[2006] FCA 1663,neutral,2006,FCA,1663,,,3,,,,,TMM/Part29/3/3/3,TMM/Part29/3,Part29,Part 29 Section 43 - Trade Marks likely to Deceive or Cause Confusion,Part 29.3. Deception and confusion as a result of a connotation within a trade mark,Part 29 Section 43 - Trade Marks likely to Deceive or Cause Confusion > Part 29.3. Deception and confusion as a result of a connotation within a trade mark > 3.3 The connotation must arise from the trade mark itself,6,914,1,https://manuals.ipaustralia.gov.au/trademark/3.-deception-and-confusion-as-a-result-of-a-connotation-within-a-trade-mark,uently applied in both Primary Health Care Limited v Commonwealth of Australia [2017] FCAFC 174 (see [140]) and Pfizer Products Inc v Karam [2006] FCA 1663 (see [53]).
CASE/2006/FCAFC/132,[2006] FCAFC 132,neutral,2006,FCAFC,132,,,1,,,,,TMM/Part19A/2#1~2,TMM/Part19A/2,Part19A,Part 19A Use of a Trade Mark,19A.2. Use 'as a trade mark',Part 19A Use of a Trade Mark > 19A.2. Use 'as a trade mark',2,1516,1,https://manuals.ipaustralia.gov.au/trademark/19a2-use-as-a-trade-mark,"and words that are descriptive: see Johnson & Johnson at 347 per Gummow J and at 339 per Lockhart J. In Woolworths Limited v BP Plc (No. 2) [2006] FCAFC 132 at [77] ('BP'), the Full Court commented: How the mark has been used may not involve a single or clear idea or message. The mark may be use"
CASE/2007/IPR/74/246,(2007) 74 IPR 246,reported,2007,IPR,,74,246,1,,,[2007] FCAFC 184,CASE/2007/FCAFC/184,TMM/Part19A/8#1~1,TMM/Part19A/8,Part19A,Part 19A Use of a Trade Mark,19A.8. Use of multiple trade marks,Part 19A Use of a Trade Mark > 19A.8. Use of multiple trade marks,1,1469,1,https://manuals.ipaustralia.gov.au/trademark/8.-use-of-multiple-trade-marks, Australia Pty Ltd [2008] FCA 934; (2008) 77 IPR 69 at 108 [186] (Flick J). Colorado Group Ltd v Strandbags Group Pty Ltd [2007] FCAFC 184; (2007) 74 IPR 246 (‘Colorado’) is not authority for the contrary proposition. Each case turns on its own facts and the trade mark in question viewed in the c
CASE/2007/ATMO/23,[2007] ATMO 23,neutral,2007,ATMO,23,,,1,Shirley Joan Smith v Lavender Lady (Australia) Pty Ltd,https://jade.io/article/590195,,,TMM/Part26/4/4/3/1~4,TMM/Part26/4,Part26,Part 26 Section 44 and Regulation 4.15A - Conflict with Other Signs,26.4. Similarity of goods and services,"Part 26 Section 44 and Regulation 4.15A - Conflict with Other Signs > 26.4. Similarity of goods and services > 4.3 Closely related goods and services > 4.3.1 Retail, wholesale, and distribution services v goods",10,3568,1,https://manuals.ipaustralia.gov.au/trademark/4.-similarity-of-goods-and-services,"ailing and wholesaling of mobile phones, accessories Yes BILLABONG BILLABONG MOBILES Shirley Joan Smith v Lavender Lady (Australia) Pty Ltd [2007] ATMO 23 Soaps, perfumery, essential oils, cosmetics, hair lotions v Retail store services for the sale of fragrances, toiletries and related access"
CASE/2007/ATMO/4,[2007] ATMO 4,neutral,2007,ATMO,4,,,1,,,,,TMM/Part32A/2/3/2-3-1-a-variety-names,TMM/Part32A/2/3,Part32A,Part 32A Examination of Trade Marks for Plants (in Class 31),32A.2.3 Section 41: Capacity to Distinguish,Part 32A Examination of Trade Marks for Plants (in Class 31) > 32A.2.3 Section 41: Capacity to Distinguish > 2.3.1 The Name of a Plant > 2.3.1(a) Variety names,3,1507,1,https://manuals.ipaustralia.gov.au/trademark/2.3-section-41--capacity-to-distinguish,"atter can be distinctive depending on the additional material in the mark.** *(see case law referred to below) **(re Heritage Seeds Pty Ltd [2007] ATMO 4) The inability of a plant name to function as a trade mark was also considered in: Wheatcroft Bros Ltd’s Trade Marks (1954) 71 RPC 43 ""Ogen"
CASE/2007/ATMO/8,[2007] ATMO 8,neutral,2007,ATMO,8,,,1,,,,,TMM/Part29/9/9/3~2,TMM/Part29/9,Part29,Part 29 Section 43 - Trade Marks likely to Deceive or Cause Confusion,29.9. Geographical references,Part 29 Section 43 - Trade Marks likely to Deceive or Cause Confusion > 29.9. Geographical references > 9.3 Is the Trade Mark Likely to Cause Confusion?,4,867,1,https://manuals.ipaustralia.gov.au/trademark/10.-geographical-references,‘Kiwi Cuvee’); Leroy SA v Regal Grange Pty Limited [2001] ATMO 9 (‘Lefroy Valley’); McWilliams Wines Pty Ltd v Lovedale Chamber of Commerce [2007] ATMO 8 (‘Lovedale - The Heart of the Hunter’).
CASE/2007/FCA/1649,[2007] FCA 1649,neutral,2007,FCA,1649,,,1,,,,,TMM/Part29/4#1,TMM/Part29/4,Part29,Part 29 Section 43 - Trade Marks likely to Deceive or Cause Confusion,29.4. Descriptions of goods/services,Part 29 Section 43 - Trade Marks likely to Deceive or Cause Confusion > 29.4. Descriptions of goods/services,1,1821,1,https://manuals.ipaustralia.gov.au/trademark/9.-descriptions-of-goods-services,"ders the likely expectations and level of awareness of the ordinary consumer of the goods/services. Per Scotch Whisky Association v De Witt [2007] FCA 1649 (at [61]): a label indicating bourbon, bourbon whiskey and/or made in the USA clearly connote an origin of a place other than Scotland. Lab"
CASE/2007/FCAFC/184,[2007] FCAFC 184,neutral,2007,FCAFC,184,,,1,,,(2007) 74 IPR 246,CASE/2007/IPR/74/246,TMM/Part19A/8#1~1,TMM/Part19A/8,Part19A,Part 19A Use of a Trade Mark,19A.8. Use of multiple trade marks,Part 19A Use of a Trade Mark > 19A.8. Use of multiple trade marks,1,733,2,https://manuals.ipaustralia.gov.au/trademark/8.-use-of-multiple-trade-marks,"lar difficulties arise where one or more of the elements present is descriptive in nature. In Colorado Group Ltd v Strandbags Group Pty Ltd [2007] FCAFC 184, it was held that use of the word COLORADO with a device was use as a composite mark, and not use of the word COLORADO solus. However, in S"
CASE/2008/IPR/75/102,(2008) 75 IPR 102,reported,2008,IPR,,75,102,1,,,,,TMM/Part19B/5/5/2,TMM/Part19B/5,Part19B,Part 19B Rights Given by Registration of a Trade Mark,Part 19B.5. Loss of exclusive rights,"Part 19B Rights Given by Registration of a Trade Mark > Part 19B.5. Loss of exclusive rights > 5.2 Trade marks relating to formerly patented article, substances or services",3,691,1,https://manuals.ipaustralia.gov.au/trademark/5.-loss-of-exclusive-rights, of the period of two years after the date the patent expired or ceased. (see Mayne Industries Pty Ltd v Advanced Engineering Group Pty Ltd (2008) 75 IPR 102).
CASE/2008/IPR/77/69,(2008) 77 IPR 69,reported,2008,IPR,,77,69,1,,,[2008] FCA 934,CASE/2008/FCA/934,TMM/Part19A/8#1~1,TMM/Part19A/8,Part19A,Part 19A Use of a Trade Mark,19A.8. Use of multiple trade marks,Part 19A Use of a Trade Mark > 19A.8. Use of multiple trade marks,1,1364,1,https://manuals.ipaustralia.gov.au/trademark/8.-use-of-multiple-trade-marks,terie Guylian at 93 [97]; also E & J Gallo Winery at 662 [68]-[69]; also E & J Gallo Winery v Lion Nathan Australia Pty Ltd [2008] FCA 934; (2008) 77 IPR 69 at 108 [186] (Flick J). Colorado Group Ltd v Strandbags Group Pty Ltd [2007] FCAFC 184; (2007) 74 IPR 246 (‘Colorado’) is not authority for
CASE/2008/ATMO/103,[2008] ATMO 103,neutral,2008,ATMO,103,,,1,,,,,TMM/Part29/6/6/2~3,TMM/Part29/6,Part29,Part 29 Section 43 - Trade Marks likely to Deceive or Cause Confusion,Part 29.6. Names of Persons,Part 29 Section 43 - Trade Marks likely to Deceive or Cause Confusion > Part 29.6. Names of Persons > 6.2 Deceased Persons,6,42,1,https://manuals.ipaustralia.gov.au/trademark/6.-names-of-persons,"In Elvis Presley Enterprises Inc v Jelcic [2008] ATMO 103 (ELVISFINANCE), finding that section 43 was not satisfied, the Delegate acknowledged that the name ELVIS would cause most people to think o"
CASE/2008/ATMO/24,[2008] ATMO 24,neutral,2008,ATMO,24,,,2,,,,,TMM/Part19A/3#1,TMM/Part19A/3,Part19A,Part 19A Use of a Trade Mark,19A.3. Use 'in the course of trade',Part 19A Use of a Trade Mark > 19A.3. Use 'in the course of trade',1,136,1,https://manuals.ipaustralia.gov.au/trademark/3.-use-in-the-course-of-trade,"The term use ‘in the course of trade’ is not limited to the actual selling of the goods or services. In Angela Christou v Tonch Pty Ltd [2008] ATMO 24 at 24, the delegate usefully set out the three ways in which the authorities establish that use in the course of trade can be demonstrated."
CASE/2008/ATMO/24,[2008] ATMO 24,neutral,2008,ATMO,24,,,2,,,,,TMM/Part19A/3/3/4,TMM/Part19A/3,Part19A,Part 19A Use of a Trade Mark,19A.3. Use 'in the course of trade',Part 19A Use of a Trade Mark > 19A.3. Use 'in the course of trade' > 3.4 Examples of preliminary activities found not to constitute use in the course of trade,7,327,1,https://manuals.ipaustralia.gov.au/trademark/3.-use-in-the-course-of-trade, use being established and should be viewed in that context. Registration of a business or domain name (see Angela Christou v Tonch Pty Ltd [2008] ATMO 24) Hiring a graphic designer to design a product label (P & T Basile Imports Pty Ltd v Societe Des Produits Nestle SA (2002) ATMO 16) Use on 
CASE/2008/ATMO/57,[2008] ATMO 57,neutral,2008,ATMO,57,,,1,,,,,TMM/Part22/14/14/4,TMM/Part22/14,Part22,Part 22 Section 41 - Capable of Distinguishing,"22.14. New terminology and ""fashionable"" words","Part 22 Section 41 - Capable of Distinguishing > 22.14. New terminology and ""fashionable"" words > 14.4 Phonewords",6,595,1,https://manuals.ipaustralia.gov.au/trademark/14.-new-terminology-and--fashionable--words," ground for rejection applies irrespective of whether the trade mark is a valid phoneword. See 1300 Australia Pty Ltd v 1800 Blinds Pty Ltd [2008] ATMO 57. Examiners will need to consider if the material in the trade mark, apart from the 13/1300/1800/197 element, has any inherent adaptation to"
CASE/2008/ATMO/6,[2008] ATMO 6,neutral,2008,ATMO,6,,,1,,,,,TMM/Part51/4/4/2~1,TMM/Part51/4,Part51,Part 51 General Opposition Proceedings,Part 51.4. Suspensions,Part 51 General Opposition Proceedings > Part 51.4. Suspensions > 4.2 Suspension of proceedings pending judgment in relevant court matter,4,620,1,https://manuals.ipaustralia.gov.au/trademark/4.-suspensions,ecisions (Judicial Review) Act 1977 of the Registrar’s decision to suspend proceedings in Cadbury Ltd v Darrell Lea Chocolate Shops Pty Ltd [2008] ATMO 6. Finkelstein J noted: [T]he effect of the Trade Marks Act and the regulations is that the registrar must take all necessary steps to get op
CASE/2008/FCA/100,[2008] FCA 100,neutral,2008,FCA,100,,,1,,,,,TMM/Part46/4/4/4,TMM/Part46/4,Part46,Part 46 Grounds for Opposition to Registration or Protection,Part 46.4. Grounds for opposition to registration of national trade marks,Part 46 Grounds for Opposition to Registration or Protection > Part 46.4. Grounds for opposition to registration of national trade marks > 4.4 Registration may be opposed on the ground that the applicant does not intend to use the trade mark - section 59,7,2044,1,https://manuals.ipaustralia.gov.au/trademark/4.-grounds-for-opposition-to-registration-of-national-trade-marks,fts to the applicant to establish that the requisite intention existed at the time of filing (Health World Ltd v Shin-Sun Australia Pty Ltd [2008] FCA 100).
CASE/2008/FCA/1126,[2008] FCA 1126,neutral,2008,FCA,1126,,,1,,,,,TMM/Part51/4/4/2~1,TMM/Part51/4,Part51,Part 51 General Opposition Proceedings,Part 51.4. Suspensions,Part 51 General Opposition Proceedings > Part 51.4. Suspensions > 4.2 Suspension of proceedings pending judgment in relevant court matter,4,419,1,https://manuals.ipaustralia.gov.au/trademark/4.-suspensions, Emprendimentos Ltda v Senna Racing Team Pty Ltd [1998] ATMO 13). That practice was considered in Cadbury UK Ltd v Registrar of Trade Marks [2008] FCA 1126 which was a review under the Administrative Decisions (Judicial Review) Act 1977 of the Registrar’s decision to suspend proceedings in Cadb
CASE/2008/FCA/27,[2008] FCA 27,neutral,2008,FCA,27,,,1,,,,,TMM/Part21/3/3/4~2,TMM/Part21/3,Part21,Part 21 Non-traditional Signs,21.3. Shape (three-dimensional) trade marks,Part 21 Non-traditional Signs > 21.3. Shape (three-dimensional) trade marks > 3.4 Shapes and functionality,6,1015,1,https://manuals.ipaustralia.gov.au/trademark/3.-shape-three-dimensional-trade-marks, functionality issue is the decision in respect of the “fence dropper” case – Mayne Industries Pty Ltd v Advanced Engineering Group Pty Ltd [2008] FCA 27. Justice Greenwood said the following (emphasis added): “There is no element of the S shape that is invented or concocted to make the artic
CASE/2008/FCA/605,[2008] FCA 605,neutral,2008,FCA,605,,,1,,,,,TMM/Part19A/2/2/4~1,TMM/Part19A/2,Part19A,Part 19A Use of a Trade Mark,19A.2. Use 'as a trade mark',Part 19A Use of a Trade Mark > 19A.2. Use 'as a trade mark' > 2.4 Shape and colour trade marks,9,316,1,https://manuals.ipaustralia.gov.au/trademark/19a2-use-as-a-trade-mark," colour to the relevant goods or services will influence how the general principles are applied. In Global Brand Marketing Inc v YD Pty Ltd [2008] FCA 605 at 61, Sundberg J set out the criteria for determining whether use of a shape is use ‘as a trade mark’. The principles relevant to use of s"
CASE/2008/FCA/934,[2008] FCA 934,neutral,2008,FCA,934,,,2,,,(2008) 77 IPR 69,CASE/2008/IPR/77/69,TMM/Part19A/8#1~1,TMM/Part19A/8,Part19A,Part 19A Use of a Trade Mark,19A.8. Use of multiple trade marks,Part 19A Use of a Trade Mark > 19A.8. Use of multiple trade marks,1,1348,1,https://manuals.ipaustralia.gov.au/trademark/8.-use-of-multiple-trade-marks,ark: see Chocolaterie Guylian at 93 [97]; also E & J Gallo Winery at 662 [68]-[69]; also E & J Gallo Winery v Lion Nathan Australia Pty Ltd [2008] FCA 934; (2008) 77 IPR 69 at 108 [186] (Flick J). Colorado Group Ltd v Strandbags Group Pty Ltd [2007] FCAFC 184; (2007) 74 IPR 246 (‘Colorado’) is
CASE/2008/FCA/934,[2008] FCA 934,neutral,2008,FCA,934,,,2,,,,,TMM/Part26/6/6/4~2,TMM/Part26/6,Part26,Part 26 Section 44 and Regulation 4.15A - Conflict with Other Signs,26.6. Factors to consider when comparing trade marks,Part 26 Section 44 and Regulation 4.15A - Conflict with Other Signs > 26.6. Factors to consider when comparing trade marks > 6.4 Trade marks that share the same or similar element,8,7492,1,https://manuals.ipaustralia.gov.au/trademark/6.-factors-to-consider-when-comparing-trade-marks,t and additional element are distinctive – each case will turn on its own facts. See E & J Gallo Winery v Lion Nathan Australia Pty Limited [2008] FCA 934 at [63] per Flick J.
CASE/2009/ATMO/25,[2009] ATMO 25,neutral,2009,ATMO,25,,,1,,,,,TMM/Part19A/3/3/5,TMM/Part19A/3,Part19A,Part 19A Use of a Trade Mark,19A.3. Use 'in the course of trade',Part 19A Use of a Trade Mark > 19A.3. Use 'in the course of trade' > 3.5 Signs used by charitable organisations,8,393,1,https://manuals.ipaustralia.gov.au/trademark/3.-use-in-the-course-of-trade,"lt if the user provides its goods or services for charitable or philanthropic purposes. In Bravehearts Inc v Brainstorm Productions Pty Ltd [2009] ATMO 25 at 32, the delegate said: As a not for profit organization, the opponent provides charitable services. As it does not sell its services, or"
CASE/2009/ATMO/64,[2009] ATMO 64,neutral,2009,ATMO,64,,,1,Smart Home Products Pty Ltd v Danielle Gaye Attard and Shane Edward Attard,https://jade.io/article/590392,,,TMM/Part26/4/4/3/1~4,TMM/Part26/4,Part26,Part 26 Section 44 and Regulation 4.15A - Conflict with Other Signs,26.4. Similarity of goods and services,"Part 26 Section 44 and Regulation 4.15A - Conflict with Other Signs > 26.4. Similarity of goods and services > 4.3 Closely related goods and services > 4.3.1 Retail, wholesale, and distribution services v goods",10,3821,1,https://manuals.ipaustralia.gov.au/trademark/4.-similarity-of-goods-and-services,"fragrances, toiletries and related accessories Yes LAVENDER LADY Smart Home Products Pty Ltd v Danielle Gaye Attard and Shane Edward Attard [2009] ATMO 64 Blinds v wholesale of blinds Yes BISTRO BLINDS Teka Industrial SA v Deka Australia Pty Ltd [2017] ATMO 47 Stainless steel sinks, metallic p"
CASE/2009/ATMO/68,[2009] ATMO 68,neutral,2009,ATMO,68,,,1,,,,,TMM/Part26/x-annex-a1---citing-multiple-names/citations-when-one-mark-consists-of-a-given-name-and-the-other-the-name-of-a-person-incorporating-the-given-name,TMM/Part26/x-annex-a1---citing-multiple-names,Part26,Part 26 Section 44 and Regulation 4.15A - Conflict with Other Signs,26. Annex A1 - Citing multiple names,"Part 26 Section 44 and Regulation 4.15A - Conflict with Other Signs > 26. Annex A1 - Citing multiple names > Citations when one mark consists of a given name, and the other the name of a person incorporating the given name",3,494,1,https://manuals.ipaustralia.gov.au/trademark/annex-a1---citing-multiple-names,iven name a real and tangible danger of confusion is less likely to occur between the trade marks. In Tiffany and Company v Tiffany C Koury [2009] ATMO 68 the Hearing Officer considered a number of registered trade marks owned by Tiffany and Company all of which included the word 'Tiffany' as 
CASE/2009/ATMO/82,[2009] ATMO 82,neutral,2009,ATMO,82,,,1,,,,,TMM/Part29/9/9/3~2,TMM/Part29/9,Part29,Part 29 Section 43 - Trade Marks likely to Deceive or Cause Confusion,29.9. Geographical references,Part 29 Section 43 - Trade Marks likely to Deceive or Cause Confusion > 29.9. Geographical references > 9.3 Is the Trade Mark Likely to Cause Confusion?,4,711,1,https://manuals.ipaustralia.gov.au/trademark/10.-geographical-references,"a Tuscan-style finish. For more guidance on factors which affect the likelihood of confusion, see New Zealand Winegrowers v Lacheteau S.A.S [2009] ATMO 82 (‘Kiwi Cuvee’); Leroy SA v Regal Grange Pty Limited [2001] ATMO 9 (‘Lefroy Valley’); McWilliams Wines Pty Ltd v Lovedale Chamber of Commerc"
CASE/2009/ATMO/87,[2009] ATMO 87,neutral,2009,ATMO,87,,,1,,,,,TMM/Part51/4/4/2~2,TMM/Part51/4,Part51,Part 51 General Opposition Proceedings,Part 51.4. Suspensions,Part 51 General Opposition Proceedings > Part 51.4. Suspensions > 4.2 Suspension of proceedings pending judgment in relevant court matter,5,955,1,https://manuals.ipaustralia.gov.au/trademark/4.-suspensions,ension to establish the circumstances which make it appropriate to delay proceedings. In Lion Nathan Australia Pty Ltd v E & J Gallo Winery [2009] ATMO 87 the Registrar’s delegate found it was not appropriate to suspend proceedings pending the outcome of an appeal in the High Court. He was not
CASE/2009/ATMO/97,[2009] ATMO 97,neutral,2009,ATMO,97,,,1,,,,,TMM/Part29/5/5/4,TMM/Part29/5,Part29,Part 29 Section 43 - Trade Marks likely to Deceive or Cause Confusion,29.5. International Non-Proprietary Names (generic names for pharmaceutical substances) and INN stems,Part 29 Section 43 - Trade Marks likely to Deceive or Cause Confusion > 29.5. International Non-Proprietary Names (generic names for pharmaceutical substances) and INN stems > 5.4 Section 43 ground for rejection in relation to INNs,5,781,1,https://manuals.ipaustralia.gov.au/trademark/international-non-proprietary-names-generic-names-for-pharmaceutical-substances-and-inn-stems,o exist. See Aventis Pharma SA v Alphapharm Pty Ltd [2005] ATMO 15 (TM ROXIMYCIN and INN ROXITHROMYCIN) and Sanofi-Aventis v Eremad Pty Ltd [2009] ATMO 97 (TM OXALATIN and INN OXALIPLATIN) where both were found to contain a connotation which would be likely to cause confusion or deception if t
CASE/2009/FCA/1299,[2009] FCA 1299,neutral,2009,FCA,1299,,,1,,,,,TMM/Part19A/2#1~1,TMM/Part19A/2,Part19A,Part 19A Use of a Trade Mark,19A.2. Use 'as a trade mark',Part 19A Use of a Trade Mark > 19A.2. Use 'as a trade mark',1,1554,1,https://manuals.ipaustralia.gov.au/trademark/19a2-use-as-a-trade-mark,"e mark (see Anheuser-Busch, Inc v Budejovický Budvar, Národní Podnik & Ors [2002] FCA 390 and Alcon Inc v Bausch & Lomb (Australia) Pty Ltd [2009] FCA 1299). In Nature's Blend Pty Ltd v Nestlé Australia Ltd [2010] FCAFC 117 at [19], the Full Court held: The appropriate question to ask is whethe"
CASE/2009/FCA/428,[2009] FCA 428,neutral,2009,FCA,428,,,1,,,,,TMM/Part29/3/3/5,TMM/Part29/3,Part29,Part 29 Section 43 - Trade Marks likely to Deceive or Cause Confusion,Part 29.3. Deception and confusion as a result of a connotation within a trade mark,Part 29 Section 43 - Trade Marks likely to Deceive or Cause Confusion > Part 29.3. Deception and confusion as a result of a connotation within a trade mark > 3.5 The connotation must be determined from the trade mark as a whole,8,484,1,https://manuals.ipaustralia.gov.au/trademark/3.-deception-and-confusion-as-a-result-of-a-connotation-within-a-trade-mark,"ved from the material, this may influence what the trade mark connotes. This issue was considered in Bavaria NV v Bayerischer Brauerbund eV [2009] FCA 428, where Bennet J took into account other elements that appeared as part of the trade mark in question, stating at 89: ‘….the reasonable cons"
CASE/2009/FCA/891,[2009] FCA 891,neutral,2009,FCA,891,,,2,,,,,TMM/Part19A/2/examples-where-use-as-a-trade-mark-not-found~2,TMM/Part19A/2,Part19A,Part 19A Use of a Trade Mark,19A.2. Use 'as a trade mark',Part 19A Use of a Trade Mark > 19A.2. Use 'as a trade mark' > 2.5 Illustrative examples > Examples where use as a trade mark not found,18,503,1,https://manuals.ipaustralia.gov.au/trademark/19a2-use-as-a-trade-mark,"ords ‘by La Sirene’ which he considered conveyed the source of origin of the product. In Chocolaterie Guylian NV v Registrar of Trade Marks [2009] FCA 891, the applicant was seeking registration of a seahorse shape for chocolates. The applicant used the shape on chocolates that also displayed "
CASE/2009/FCA/891,[2009] FCA 891,neutral,2009,FCA,891,,,2,,,,,TMM/Part21/3/3/6~1,TMM/Part21/3,Part21,Part 21 Non-traditional Signs,21.3. Shape (three-dimensional) trade marks,Part 21 Non-traditional Signs > 21.3. Shape (three-dimensional) trade marks > 3.6 Shapes and invention,9,2140,1,https://manuals.ipaustralia.gov.au/trademark/3.-shape-three-dimensional-trade-marks,"aragraph 3.4. This matter was touched upon by Justice Sundberg in the Seahorse decision, Chocolaterie Guylian NV v Registrar of Trade Marks [2009] FCA 891 at paragraph 75:"
CASE/2009/FCAFC/27,[2009] FCAFC 27,neutral,2009,FCAFC,27,,,1,,,,,TMM/Part32B/2/4/2/4/3~1,TMM/Part32B/2/4,Part32B,Part 32B Examination of Trade Marks for Wines (in Class 33),32B.2.4 Section 44: Comparison of Trade Marks,Part 32B Examination of Trade Marks for Wines (in Class 33) > 32B.2.4 Section 44: Comparison of Trade Marks > 2.4.3 Similarity of goods between class 33 and class 32,6,699,1,https://manuals.ipaustralia.gov.au/trademark/2.4-section-44--comparison-of-trade-marks,"cocktails, in class 32, are similar goods to apéritifs and cocktails in class 33. In E & J Gallo Winery v Lion Nathan Australia Pty Limited [2009] FCAFC 27, it was held that wine and beer can constitute goods of the same description for the following reasons: Both are alcoholic beverages distri"
CASE/2010/FCR/183/450,(2010) 183 FCR 450,reported,2010,FCR,,183,450,1,,,,,TMM/Part22/15/15/11,TMM/Part22/15,Part22,Part 22 Section 41 - Capable of Distinguishing,22.15. Geographical names,Part 22 Section 41 - Capable of Distinguishing > 22.15. Geographical names > 15.11 Names of private buildings,16,399,1,https://manuals.ipaustralia.gov.au/trademark/15.-geographical-names, owned city office building named Chifley Tower was not considered a geographical location. In Mantra Group Pty Ltd v Tailly Pty Ltd (No 2) (2010) 183 FCR 450 (‘Tailly’) the large privately owned residential apartment building known as Circle on Cavill was not considered to be a geographical locat
CASE/2010/ATMO/22,[2010] ATMO 22,neutral,2010,ATMO,22,,,1,,,,,TMM/Part26/6/6/4~3,TMM/Part26/6,Part26,Part 26 Section 44 and Regulation 4.15A - Conflict with Other Signs,26.6. Factors to consider when comparing trade marks,Part 26 Section 44 and Regulation 4.15A - Conflict with Other Signs > 26.6. Factors to consider when comparing trade marks > 6.4 Trade marks that share the same or similar element,9,692,1,https://manuals.ipaustralia.gov.au/trademark/6.-factors-to-consider-when-comparing-trade-marks,"alism which acts solely as a qualifier of the word BRATS in the trade mark BONZA BRATS at 579. Jockey International, Inc v Darren Wilkinson [2010] ATMO 22 JOCKEY VS THROTTLE JOCKEY Sufficiently Different Reasons for this decision include that ‘THROTTLE JOCKEY gave rise to an entirely different"
CASE/2010/ATMO/24,[2010] ATMO 24,neutral,2010,ATMO,24,,,1,,,,,TMM/Part55/7/7/1~1,TMM/Part55/7,Part55,Part 55 Costs,Part 55.7. Security for costs,Part 55 Costs > Part 55.7. Security for costs > 7.1 Procedure when application is made for Registrar to require security for costs,2,1950,1,https://manuals.ipaustralia.gov.au/trademark/7.-security-for-costs,"procedural fairness, give the relevant party an opportunity to be heard. (See Guess Europe SAGL v Nick Zisimopoulis and Mary Tucceri-Cimini [2010] ATMO 24.) If the proceeding is dismissed the Registrar will notify the parties of the dismissal as per regs 5.20, 9.22, 17A.35 and 17A.48Y."
CASE/2010/ATMO/34,[2010] ATMO 34,neutral,2010,ATMO,34,,,1,,,,,TMM/Part19A/3/3/2~1,TMM/Part19A/3,Part19A,Part 19A Use of a Trade Mark,19A.3. Use 'in the course of trade',Part 19A Use of a Trade Mark > 19A.3. Use 'in the course of trade' > 3.2 Offering for sale of goods and/or services,3,1319,1,https://manuals.ipaustralia.gov.au/trademark/3.-use-in-the-course-of-trade,"f the Act (see the decision of the British Registrar in Radford & Co's Application (1951) 68 RPC 221 and John Toh v Paris Croissant Co. Ltd [2010] ATMO 34). However, it is important to note that while advertising by itself will not constitute an offer for sale, it will be relevant in determini"
CASE/2010/ATMO/47,[2010] ATMO 47,neutral,2010,ATMO,47,,,1,,,,,TMM/Part32B/2/4/2/4/2~2,TMM/Part32B/2/4,Part32B,Part 32B Examination of Trade Marks for Wines (in Class 33),32B.2.4 Section 44: Comparison of Trade Marks,Part 32B Examination of Trade Marks for Wines (in Class 33) > 32B.2.4 Section 44: Comparison of Trade Marks > 2.4.2 Similarity of goods within class 33,5,532,1,https://manuals.ipaustralia.gov.au/trademark/2.4-section-44--comparison-of-trade-marks,"trade channels Wine (except Fortified Wine) Vodka, Whisky, Rum, Gin, Bourbon SIMILAR See Jack Daniel's Properties Inc v Warren Scott Harvey [2010] ATMO 47 (21 June 2010) Fortified Wines VODKA, WHISKY, RUM, GIN, BOURBON SIMILAR Fortified wines may be fortified with non-grape based spirits. Wine"
CASE/2010/ATMO/5,[2010] ATMO 5,neutral,2010,ATMO,5,,,1,,,,,TMM/Part46/4/4/5/2,TMM/Part46/4,Part46,Part 46 Grounds for Opposition to Registration or Protection,Part 46.4. Grounds for opposition to registration of national trade marks,Part 46 Grounds for Opposition to Registration or Protection > Part 46.4. Grounds for opposition to registration of national trade marks > 4.5.2 The likelihood of deception or confusion,10,454,1,https://manuals.ipaustralia.gov.au/trademark/4.-grounds-for-opposition-to-registration-of-national-trade-marks,is headed “Trade mark similar to trade mark that has acquired a reputation in Australia”. In Rogers Seller & Myhill Pty Ltd v Reece Pty Ltd [2010] ATMO 5 the Registrar’s delegate stated: Confusion cannot arise solely from the reputation of one trade mark. There must always remain a level of s
CASE/2010/ATMO/66,[2010] ATMO 66,neutral,2010,ATMO,66,,,1,,,,,TMM/Part22/25/25/5,TMM/Part22/25,Part22,Part 22 Section 41 - Capable of Distinguishing,22.25. Devices,Part 22 Section 41 - Capable of Distinguishing > 22.25. Devices > 25.5 Simple geometric shapes,5,429,1,https://manuals.ipaustralia.gov.au/trademark/25.-devices,"Officers considered the marks below not to be prima facie capable of distinguishing: Johnson & Johnson [1999] ATMO 2 Ab Initio Software LLC [2010] ATMO 66 Societe Air France [2013] ATMO 90 Myoori Pty Ltd [2015] ATMO 94 In contrast, combinations of geometric shapes, even when presented in a rel"
CASE/2010/ATMO/85,[2010] ATMO 85,neutral,2010,ATMO,85,,,3,,,,,TMM/Part29/2/2/1~1,TMM/Part29/2,Part29,Part 29 Section 43 - Trade Marks likely to Deceive or Cause Confusion,29.2. Connotation,Part 29 Section 43 - Trade Marks likely to Deceive or Cause Confusion > 29.2. Connotation > 2.1,1,932,1,https://manuals.ipaustralia.gov.au/trademark/2.-connotation,"eaning beyond the above definitions and includes direct statements. In Mount Everest Mineral Water Limited v Himalayan Spring Mineral Water [2010] ATMO 85, Hearing Officer Wilson stated: if a trade mark consists of a direct statement that the goods will originate from a particular region or ou"
CASE/2010/ATMO/85,[2010] ATMO 85,neutral,2010,ATMO,85,,,3,,,,,TMM/Part29/3#1~1,TMM/Part29/3,Part29,Part 29 Section 43 - Trade Marks likely to Deceive or Cause Confusion,Part 29.3. Deception and confusion as a result of a connotation within a trade mark,Part 29 Section 43 - Trade Marks likely to Deceive or Cause Confusion > Part 29.3. Deception and confusion as a result of a connotation within a trade mark,1,1979,1,https://manuals.ipaustralia.gov.au/trademark/3.-deception-and-confusion-as-a-result-of-a-connotation-within-a-trade-mark,"sold, and the character of the probable purchasers of the goods...) In Mount Everest Mineral Water Limited v Himalayan Spring Mineral Water [2010] ATMO 85, Hearing Officer Wilson said at [13]: ….it does not follow that all trade marks containing descriptive matter would attract a section 43 ob"
CASE/2010/ATMO/85,[2010] ATMO 85,neutral,2010,ATMO,85,,,3,,,,,TMM/Part29/4#1,TMM/Part29/4,Part29,Part 29 Section 43 - Trade Marks likely to Deceive or Cause Confusion,29.4. Descriptions of goods/services,Part 29 Section 43 - Trade Marks likely to Deceive or Cause Confusion > 29.4. Descriptions of goods/services,1,1632,1,https://manuals.ipaustralia.gov.au/trademark/9.-descriptions-of-goods-services,anciful or unrealistic description can also be taken into account. See Mount Everest Mineral Water Limited v Himalayan Spring Mineral Water [2010] ATMO 85 (at [15]). This concept also considers the likely expectations and level of awareness of the ordinary consumer of the goods/services. Per S
CASE/2010/FCA/1367,[2010] FCA 1367,neutral,2010,FCA,1367,,,1,,,,,TMM/Part23/2/2/2/2,TMM/Part23/2,Part23,Part 23 Overcoming Grounds for Rejection under Section 41 - including Evidence of Use,"Part 23.2. Legal arguments, amendments and informal information","Part 23 Overcoming Grounds for Rejection under Section 41 - including Evidence of Use > Part 23.2. Legal arguments, amendments and informal information > 2.2.2 Excluding goods and/or services",4,1792,1,https://manuals.ipaustralia.gov.au/trademark/2.-submissions-in-rebuttal-amendments-and-informal-information,"r services that remain). For further information please see the ‘Persian Fetta’ decision (Yarra Valley Dairy Pty Ltd v Lemnos Foods Pty Ltd [2010] FCA 1367), and Primary Health Care Limited v Commonwealth of Australia [2016] FCA 313."
CASE/2010/FCA/291,[2010] FCA 291,neutral,2010,FCA,291,,,1,,,,,TMM/Part19A/2/examples-where-use-as-a-trade-mark-found~2,TMM/Part19A/2,Part19A,Part 19A Use of a Trade Mark,19A.2. Use 'as a trade mark',Part 19A Use of a Trade Mark > 19A.2. Use 'as a trade mark' > 2.5 Illustrative examples > Examples where use as a trade mark found,14,568,1,https://manuals.ipaustralia.gov.au/trademark/19a2-use-as-a-trade-mark,"he use it made of them on the packets, Aldi used the words “CHEEZY TWISTS” as a trade mark. In Mantra Group Pty Ltd v Tailly Pty Ltd (No 2) [2010] FCA 291, the court considered whether use of the words CIRCLE ON CAVILL by the respondent infringed various trade marks consisting of or containing"
CASE/2010/FCA/638,[2010] FCA 638,neutral,2010,FCA,638,,,1,,,,,TMM/Part46/4/4/4,TMM/Part46/4,Part46,Part 46 Grounds for Opposition to Registration or Protection,Part 46.4. Grounds for opposition to registration of national trade marks,Part 46 Grounds for Opposition to Registration or Protection > Part 46.4. Grounds for opposition to registration of national trade marks > 4.4 Registration may be opposed on the ground that the applicant does not intend to use the trade mark - section 59,7,1348,1,https://manuals.ipaustralia.gov.au/trademark/4.-grounds-for-opposition-to-registration-of-national-trade-marks," a prima facie case that the predecessor in title did not have that requisite intention. In Suyen Corporation v Americana International Ltd [2010] FCA 638 Dodds-Streeton J noted: Because the intention concerns the applicant’s state of mind, it is, as the authorities make clear, difficult for a"
CASE/2010/FCA/639,[2010] FCA 639,neutral,2010,FCA,639,,,1,,,,,TMM/Part46/4/4/7,TMM/Part46/4,Part46,Part 46 Grounds for Opposition to Registration or Protection,Part 46.4. Grounds for opposition to registration of national trade marks,Part 46 Grounds for Opposition to Registration or Protection > Part 46.4. Grounds for opposition to registration of national trade marks > 4.7 Registration may be opposed on the grounds of improper amendment or acceptance on the basis of evidence or submissions false in material particulars - section 62,15,1059,1,https://manuals.ipaustralia.gov.au/trademark/4.-grounds-for-opposition-to-registration-of-national-trade-marks,hat were false in material particulars. According to Mars Australia Pty Ltd (formerly Effem Foods Pty Ltd) v Societe des Produits Nestle SA [2010] FCA 639 there needs to be causal connection between the false representations and the acceptance of the trade mark.
CASE/2010/FCA/664,[2010] FCA 664,neutral,2010,FCA,664,,,4,,,,,TMM/Part19A/2/2/2~1,TMM/Part19A/2,Part19A,Part 19A Use of a Trade Mark,19A.2. Use 'as a trade mark',"Part 19A Use of a Trade Mark > 19A.2. Use 'as a trade mark' > 2.2 Use as a domain name, key word, metatag, social media account name or handle",5,245,1,https://manuals.ipaustralia.gov.au/trademark/19a2-use-as-a-trade-mark,"main name. Use of a domain name may in some circumstances constitute use of a trade mark. In Sports Warehouse, Inc v Fry Consulting Pty Ltd [2010] FCA 664, Kenny J held at [153]: It is not suggested that mere registration of a domain name can amount to use of the mark. More must be shown. Plai"
CASE/2010/FCA/664,[2010] FCA 664,neutral,2010,FCA,664,,,4,,,,,TMM/Part19A/8#1~1,TMM/Part19A/8,Part19A,Part 19A Use of a Trade Mark,19A.8. Use of multiple trade marks,Part 19A Use of a Trade Mark > 19A.8. Use of multiple trade marks,1,935,1,https://manuals.ipaustralia.gov.au/trademark/8.-use-of-multiple-trade-marks,"th a device was use as a composite mark, and not use of the word COLORADO solus. However, in Sports Warehouse, Inc v Fry Consulting Pty Ltd [2010] FCA 664 at [133], Kenny J said: I accept, as Sports Warehouse contended, that a sign may be registrable as a trade mark even though it is used toge"
CASE/2010/FCA/664,[2010] FCA 664,neutral,2010,FCA,664,,,4,,,,,TMM/Part20/4#1~1,TMM/Part20/4,Part20,Part 20 Definition of a Trade Mark and Presumption of Registrability,20.4. Presumption of registrability,Part 20 Definition of a Trade Mark and Presumption of Registrability > 20.4. Presumption of registrability,1,1546,1,https://manuals.ipaustralia.gov.au/trademark/4.-presumption-of-registrability," examination of an application, and during opposition and appeal was addressed by Kenny J in Sports Warehouse, Inc v Fry Consulting Pty Ltd [2010] FCA 664 at 26-28: 26. At the acceptance stage under s 33 of the Act and on appeal from such a decision, there is said to be a presumption of regist"
CASE/2010/FCA/664,[2010] FCA 664,neutral,2010,FCA,664,,,4,,,,,TMM/Part23/2/2/5,TMM/Part23/2,Part23,Part 23 Overcoming Grounds for Rejection under Section 41 - including Evidence of Use,"Part 23.2. Legal arguments, amendments and informal information","Part 23 Overcoming Grounds for Rejection under Section 41 - including Evidence of Use > Part 23.2. Legal arguments, amendments and informal information > 2.5 Any other circumstances",7,1090,1,https://manuals.ipaustralia.gov.au/trademark/2.-submissions-in-rebuttal-amendments-and-informal-information,"that the word itself has acquired reputation and capacity to distinguish in the market (see: Sports Warehouse, Inc v Fry Consulting Pty Ltd [2010] FCA 664, [133] and SJT Enterprises [2021] ATMO 65). Earlier registrations in Australia that reflect the ‘state of the register’, may be a relevant "
CASE/2010/FCAFC/117,[2010] FCAFC 117,neutral,2010,FCAFC,117,,,2,,,,,TMM/Part19A/2#1~1,TMM/Part19A/2,Part19A,Part 19A Use of a Trade Mark,19A.2. Use 'as a trade mark',Part 19A Use of a Trade Mark > 19A.2. Use 'as a trade mark',1,1621,1,https://manuals.ipaustralia.gov.au/trademark/19a2-use-as-a-trade-mark,"k & Ors [2002] FCA 390 and Alcon Inc v Bausch & Lomb (Australia) Pty Ltd [2009] FCA 1299). In Nature's Blend Pty Ltd v Nestlé Australia Ltd [2010] FCAFC 117 at [19], the Full Court held: The appropriate question to ask is whether the impugned words would appear to consumers as possessing the cha"
CASE/2010/FCAFC/117,[2010] FCAFC 117,neutral,2010,FCAFC,117,,,2,,,,,TMM/Part19A/2#1~2,TMM/Part19A/2,Part19A,Part 19A Use of a Trade Mark,19A.2. Use 'as a trade mark',Part 19A Use of a Trade Mark > 19A.2. Use 'as a trade mark',2,2053,1,https://manuals.ipaustralia.gov.au/trademark/19a2-use-as-a-trade-mark," other persons, that is to say it must distinguish them in the sense of indicating origin… In Nature's Blend Pty Ltd v Nestlé Australia Ltd [2010] FCAFC 117 at [19], in the context of infringement proceedings relating to a sign used on goods and in the presence of other distinctive material, the"
CASE/2010/FCAFC/58,[2010] FCAFC 58,neutral,2010,FCAFC,58,,,2,,,,,TMM/Part46/4/4/1,TMM/Part46/4,Part46,Part 46 Grounds for Opposition to Registration or Protection,Part 46.4. Grounds for opposition to registration of national trade marks,Part 46 Grounds for Opposition to Registration or Protection > Part 46.4. Grounds for opposition to registration of national trade marks > 4.1 Registration may be opposed on the ground that the applicant is not the owner of the trade mark - section 58,2,145,1,https://manuals.ipaustralia.gov.au/trademark/4.-grounds-for-opposition-to-registration-of-national-trade-marks,ship of a trade mark at common law is established through use of that trade mark (Food Channel Network Pty Ltd v Television Food Network GP [2010] FCAFC 58). The owner of an unregistered trade mark in Australia for particular goods or services is taken to be the first person to use it in Austra
CASE/2010/FCAFC/58,[2010] FCAFC 58,neutral,2010,FCAFC,58,,,2,,,,,TMM/Part46/4/4/4,TMM/Part46/4,Part46,Part 46 Grounds for Opposition to Registration or Protection,Part 46.4. Grounds for opposition to registration of national trade marks,Part 46 Grounds for Opposition to Registration or Protection > Part 46.4. Grounds for opposition to registration of national trade marks > 4.4 Registration may be opposed on the ground that the applicant does not intend to use the trade mark - section 59,7,647,1,https://manuals.ipaustralia.gov.au/trademark/4.-grounds-for-opposition-to-registration-of-national-trade-marks,"mark to a body corporate for use by the body corporate. The Full Federal Court in Food Channel Network Pty Ltd v Television Food Network GP [2010] FCAFC 58 found that the applicant’s lack of intention to use its trade mark must be established at the filing date, while acknowledging that “use (o"
CASE/2010/HCA/15,[2010] HCA 15,neutral,2010,HCA,15,,,3,,,,,TMM/Part19A/2#1~1,TMM/Part19A/2,Part19A,Part 19A Use of a Trade Mark,19A.2. Use 'as a trade mark',Part 19A Use of a Trade Mark > 19A.2. Use 'as a trade mark',1,706,1,https://manuals.ipaustralia.gov.au/trademark/19a2-use-as-a-trade-mark,"one else. This statement was expressly approved by a majority of the High Court in E. & J. Gallo Winery v Lion Nathan Australia Pty Limited [2010] HCA 15 at [43]. In Self Care at [24], the High Court said: Whether a sign has been ""use[d] as a trade mark"" is assessed objectively without refere"
CASE/2010/HCA/15,[2010] HCA 15,neutral,2010,HCA,15,,,3,,,,,TMM/Part19A/4/4/5,TMM/Part19A/4,Part19A,Part 19A Use of a Trade Mark,19A.4. Australian Use,Part 19A Use of a Trade Mark > 19A.4. Australian Use > 4.5 Inadvertent use,6,172,1,https://manuals.ipaustralia.gov.au/trademark/4.-australian-use,"h use of the trade mark in Australia even if they had no knowledge of that use. In E. & J. Gallo Winery v Lion Nathan Australia Pty Limited [2010] HCA 15 at 51, a majority of the High Court held: The capacity of a trade mark to distinguish a registered owner's goods from those of others, as r"
CASE/2010/HCA/15,[2010] HCA 15,neutral,2010,HCA,15,,,3,,,,,TMM/Part19A/7/7/1,TMM/Part19A/7,Part19A,Part 19A Use of a Trade Mark,19A.7. Use of a trade mark with additions or alterations,Part 19A Use of a Trade Mark > 19A.7. Use of a trade mark with additions or alterations > 7.1 Use of a word trade mark with an illustrative device,2,60,1,https://manuals.ipaustralia.gov.au/trademark/7.-use-of-a-trade-mark-with-additions-or-alterations,"In E. & J. Gallo Winery v Lion Nathan Australia Pty Limited [2010] HCA 15, the High Court considered the significance of use of the word BAREFOOT with a footprint device that the Court regarded as ‘an illustration"
CASE/2011/ATMO/20,[2011] ATMO 20,neutral,2011,ATMO,20,,,1,,,,,TMM/Part26/6/6/4~3,TMM/Part26/6,Part26,Part 26 Section 44 and Regulation 4.15A - Conflict with Other Signs,26.6. Factors to consider when comparing trade marks,Part 26 Section 44 and Regulation 4.15A - Conflict with Other Signs > 26.6. Factors to consider when comparing trade marks > 6.4 Trade marks that share the same or similar element,9,950,1,https://manuals.ipaustralia.gov.au/trademark/6.-factors-to-consider-when-comparing-trade-marks,"Y gave rise to an entirely different connotation, construction and interpretation than the word JOCKEY’ at 39. Chris Kingsley v David Scott [2011] ATMO 20 REBELLION VS SOUL REBELLION Sufficiently Different Reasons for this decision include that 'SOUL REBELLION has an ordinary dictionary meanin"
CASE/2011/ATMO/3,[2011] ATMO 3,neutral,2011,ATMO,3,,,2,,,,,TMM/Part29/9#1,TMM/Part29/9,Part29,Part 29 Section 43 - Trade Marks likely to Deceive or Cause Confusion,29.9. Geographical references,Part 29 Section 43 - Trade Marks likely to Deceive or Cause Confusion > 29.9. Geographical references,1,1996,1,https://manuals.ipaustralia.gov.au/trademark/10.-geographical-references,"ionery). For further guidance, see Re Sakata Rice Snacks (Australia) Pty Ltd [1998] ATMO 60; Rubelli Spa v Virtual Couch Industries Sdn Bhd [2011] ATMO 3."
CASE/2011/ATMO/3,[2011] ATMO 3,neutral,2011,ATMO,3,,,2,,,,,TMM/Part29/9/9/3~1,TMM/Part29/9,Part29,Part 29 Section 43 - Trade Marks likely to Deceive or Cause Confusion,29.9. Geographical references,Part 29 Section 43 - Trade Marks likely to Deceive or Cause Confusion > 29.9. Geographical references > 9.3 Is the Trade Mark Likely to Cause Confusion?,3,1480,1,https://manuals.ipaustralia.gov.au/trademark/10.-geographical-references,ion if the goods are not in fact produced there. Example 2 Trade Mark - Class 20: Furniture Rubelli Spa v Virtual Couch Industries Sdn Bhd. [2011] ATMO 3 Exam Practice - s 43 ground for rejection applicable. The use of the Italian flag in this trade mark creates a connotation that the goods a
CASE/2011/ATMO/47,[2011] ATMO 47,neutral,2011,ATMO,47,,,1,,,,,TMM/Part26/6/6/12,TMM/Part26/6,Part26,Part 26 Section 44 and Regulation 4.15A - Conflict with Other Signs,26.6. Factors to consider when comparing trade marks,Part 26 Section 44 and Regulation 4.15A - Conflict with Other Signs > 26.6. Factors to consider when comparing trade marks > 6.12 Words and devices depicting words,24,620,1,https://manuals.ipaustralia.gov.au/trademark/6.-factors-to-consider-when-comparing-trade-marks,", the conclusion is that the name and idea conveyed are exactly the same. In Constellation Australia Limited v Littore Family Wines Pty Ltd [2011] ATMO 47, when finding the following trade marks to be deceptively similar: the Hearing Officer, in referencing Jafferjee, stated at 30: The princip"
CASE/2011/ATMO/63,[2011] ATMO 63,neutral,2011,ATMO,63,,,1,,,,,TMM/Part13/2#1~1,TMM/Part13/2,Part13,Part 13 Application to Register a Series of Trade Marks,13.2. Material Particulars,Part 13 Application to Register a Series of Trade Marks > 13.2. Material Particulars,1,549,1,https://manuals.ipaustralia.gov.au/trademark/2.-material-particulars,"material particulars; and the trade marks must differ only in the ways allowed in paragraphs 51(1)(a), (b) and (c). In Ecospecifier Pty Ltd [2011] ATMO 63 at [12], the Delegate noted that a “material particular” in respect of a trade mark (for the purpose of section 51) must be “a feature whic"
CASE/2011/FCA/1319,[2011] FCA 1319,neutral,2011,FCA,1319,,,1,,,,,TMM/Part19A/2/2/2~2,TMM/Part19A/2,Part19A,Part 19A Use of a Trade Mark,19A.2. Use 'as a trade mark',"Part 19A Use of a Trade Mark > 19A.2. Use 'as a trade mark' > 2.2 Use as a domain name, key word, metatag, social media account name or handle",6,171,1,https://manuals.ipaustralia.gov.au/trademark/19a2-use-as-a-trade-mark," v Malouf Group Enterprises Pty Ltd [2016] FCA 255 and Complete Technology Integrations Pty Ltd v Green Energy Management Solutions Pty Ltd [2011] FCA 1319, the Federal Court held that the metatag use was not use as a trade mark because it was not visible to the ordinary internet user. However,"
CASE/2011/FCAFC/130,[2011] FCAFC 130,neutral,2011,FCAFC,130,,,1,,,,,TMM/Part9/4/4/1,TMM/Part9/4,Part9,Part 9 Amendments and Changes to Name and Address,"Part 9.4. Amendment after particulars of an application have been published (Sections 63, 65 and 65A)","Part 9 Amendments and Changes to Name and Address > Part 9.4. Amendment after particulars of an application have been published (Sections 63, 65 and 65A) > 4.1 Subsection 65(2) - amend representation of trade mark",2,973,1,https://manuals.ipaustralia.gov.au/trademark/4.-amendment-after-particulars-of-an-application-have-been-published-sections-63-65-and-65a,Ltd (1963) 109 CLR 407; Pham Global Pty Ltd v Insight Clinical Imaging Pty Ltd [2017] FCAFC 83; Optical 88 Ltd v Optical 88 Pty Ltd (No. 2) [2011] FCAFC 130). For additional information about substantially identical trade marks please see Part 26.5.
CASE/2012/ATMO/117,[2012] ATMO 117,neutral,2012,ATMO,117,,,1,,,,,TMM/Part29/5/5/6~1,TMM/Part29/5,Part29,Part 29 Section 43 - Trade Marks likely to Deceive or Cause Confusion,29.5. International Non-Proprietary Names (generic names for pharmaceutical substances) and INN stems,Part 29 Section 43 - Trade Marks likely to Deceive or Cause Confusion > 29.5. International Non-Proprietary Names (generic names for pharmaceutical substances) and INN stems > 5.6 Meaningful INN stems,7,1168,1,https://manuals.ipaustralia.gov.au/trademark/international-non-proprietary-names-generic-names-for-pharmaceutical-substances-and-inn-stems,"gful way include: -ast PAIN GOES FAST -quin(e) HAPPY EQUINE som- SOMALIAN ALOE sal SMILING SALLY In Boehringer Ingelheim International GmbH [2012] ATMO 117 (TM ZELCIVOL and INN-stem –OL), Hearing Officer Thompson discusses some general principles, in addition to those above, regarding INN-stem "
CASE/2012/ATMO/123,[2012] ATMO 123,neutral,2012,ATMO,123,,,1,,,,,TMM/Part22/25/25/8,TMM/Part22/25,Part22,Part 22 Section 41 - Capable of Distinguishing,22.25. Devices,Part 22 Section 41 - Capable of Distinguishing > 22.25. Devices > 25.8 Barcodes,8,777,1,https://manuals.ipaustralia.gov.au/trademark/25.-devices,"mark which consists entirely of a simple barcode is unlikely to be prima facie capable of distinguishing. For example, in GS1 Australia Ltd [2012] ATMO 123, the Hearing Officer considered that a barcode with 13 numerals below it was not prima facie capable of distinguishing the applicant’s supp"
CASE/2012/ATMO/48,[2012] ATMO 48,neutral,2012,ATMO,48,,,1,,,,,TMM/Part22/15/15/3,TMM/Part22/15,Part22,Part 22 Section 41 - Capable of Distinguishing,22.15. Geographical names,Part 22 Section 41 - Capable of Distinguishing > 22.15. Geographical names > 15.3 Geographical names which have no inherent adaptation to distinguish,5,1819,1,https://manuals.ipaustralia.gov.au/trademark/15.-geographical-names," v Registrar of Trade Marks (1998) 40 IPR 498 (‘Oregon’); Thomson v B. Seppelt (1925) 37 CLR 305 (’Great Western'); Harbin Brewing Co., Ltd [2012] ATMO 48 (11 May 2012) (‘Harbin’); Marriott Worldwide Corporation [2016] ATMO 1 (‘Fairfield’); Mantra IP Pty Ltd [2017] ATMO 10 (‘Bale’)"
CASE/2012/ATMO/65,[2012] ATMO 65,neutral,2012,ATMO,65,,,1,,,,,TMM/Part26/6/6/8~1,TMM/Part26/6,Part26,Part 26 Section 44 and Regulation 4.15A - Conflict with Other Signs,26.6. Factors to consider when comparing trade marks,Part 26 Section 44 and Regulation 4.15A - Conflict with Other Signs > 26.6. Factors to consider when comparing trade marks > 6.8 Descriptive words in composite marks,16,2168,1,https://manuals.ipaustralia.gov.au/trademark/6.-factors-to-consider-when-comparing-trade-marks,count in determining whether the marks in question were or were not deceptively similar. Examples Example 1 Mount Everest Mineral Water Ltd [2012] ATMO 65 Marks being compared: Decision: Sufficiently Different Reasons/Quote: Reasons for this decision include:
CASE/2012/FCA/1022,[2012] FCA 1022,neutral,2012,FCA,1022,,,1,,,,,TMM/Part46/4/4/3,TMM/Part46/4,Part46,Part 46 Grounds for Opposition to Registration or Protection,Part 46.4. Grounds for opposition to registration of national trade marks,Part 46 Grounds for Opposition to Registration or Protection > Part 46.4. Grounds for opposition to registration of national trade marks > 4.3 Registration may be opposed on the ground that the opponent has prior use of a similar trade mark – section 58A,6,1056,1,https://manuals.ipaustralia.gov.au/trademark/4.-grounds-for-opposition-to-registration-of-national-trade-marks,licant’s trade mark. For judicial consideration of section 58A see Millennium & Copthorne International Ltd v Kingsgate Hotel Group Pty Ltd [2012] FCA 1022.
CASE/2012/FCA/180,[2012] FCA 180,neutral,2012,FCA,180,,,1,,,,,TMM/Part26/6/6/6~1,TMM/Part26/6,Part26,Part 26 Section 44 and Regulation 4.15A - Conflict with Other Signs,26.6. Factors to consider when comparing trade marks,Part 26 Section 44 and Regulation 4.15A - Conflict with Other Signs > 26.6. Factors to consider when comparing trade marks > 6.6 Considering invented words,12,835,1,https://manuals.ipaustralia.gov.au/trademark/6.-factors-to-consider-when-comparing-trade-marks,"n the case of a word in the English language. This decision was cited with approval by Murphy J in Nexans S.A. v Nex 1 Technologies Co. Ltd [2012] FCA 180 at [31]. Similarities in invented words must be considered in context. For example, smaller in differences in short invented words may crea"
CASE/2012/FCA/252,[2012] FCA 252,neutral,2012,FCA,252,,,3,,,,,TMM/Part28/2#1,TMM/Part28/2,Part28,"Part 28 Honest Concurrent Use, Prior Use or Other Circumstances",28.2. Honest concurrent use - para 44(3)(a),"Part 28 Honest Concurrent Use, Prior Use or Other Circumstances > 28.2. Honest concurrent use - para 44(3)(a)",1,2199,1,https://manuals.ipaustralia.gov.au/trademark/2.-honest-concurrent-use---paragraph-443a,ing after that date may assist in determining the likelihood of confusion at filing (see Tivo Inc. v Vivo International Corporation Pty Ltd [2012] FCA 252).
CASE/2012/FCA/252,[2012] FCA 252,neutral,2012,FCA,252,,,3,,,,,TMM/Part28/3/3/1~2,TMM/Part28/3,Part28,"Part 28 Honest Concurrent Use, Prior Use or Other Circumstances",28.3. Examining evidence of honest concurrent use - the five criteria,"Part 28 Honest Concurrent Use, Prior Use or Other Circumstances > 28.3. Examining evidence of honest concurrent use - the five criteria > 3.1 The honesty or otherwise of the concurrent use",3,884,1,https://manuals.ipaustralia.gov.au/trademark/3.-examining-evidence-of-honest-concurrent-use---the-five-criteria,"honesty will present additional difficulties if the earlier trade mark has reputation. In Tivo Inc v Vivo International Corporation Pty Ltd [2012] FCA 252, Dodds-Streeton J held at [299]: TiVo (as discussed below) had acquired a reputation in Australia prior to 18 February 2008; the Vivo trade"
CASE/2012/FCA/252,[2012] FCA 252,neutral,2012,FCA,252,,,3,,,,,TMM/Part46/4/4/5/1,TMM/Part46/4,Part46,Part 46 Grounds for Opposition to Registration or Protection,Part 46.4. Grounds for opposition to registration of national trade marks,Part 46 Grounds for Opposition to Registration or Protection > Part 46.4. Grounds for opposition to registration of national trade marks > 4.5.1 Reputation,9,642,1,https://manuals.ipaustralia.gov.au/trademark/4.-grounds-for-opposition-to-registration-of-national-trade-marks,"g figures and other promotions (McCormick & Company, Inc v McCormick [2000] FCA 1335). In Tivo Inc v Vivo International Corporation Pty Ltd [2012] FCA 252 Dodds-Streeton J noted: The authorities ... recognise that even in the absence of sales or use, a mark may acquire a reputation in Australi"
CASE/2012/FCA/769,[2012] FCA 769,neutral,2012,FCA,769,,,1,,,,,TMM/Part22/15/15/11,TMM/Part22/15,Part22,Part 22 Section 41 - Capable of Distinguishing,22.15. Geographical names,Part 22 Section 41 - Capable of Distinguishing > 22.15. Geographical names > 15.11 Names of private buildings,16,595,1,https://manuals.ipaustralia.gov.au/trademark/15.-geographical-names,residential apartment building known as Circle on Cavill was not considered to be a geographical location. In Mantra IP Pty Ltd v Spagnuolo [2012] FCA 769 (‘Q1’) the name of a privately owned apartment building (Q1) was found to be inherently adapted to distinguish a variety of services includ
CASE/2012/FCA/81,[2012] FCA 81,neutral,2012,FCA,81,,,3,,,,,TMM/Part22/26#1~1,TMM/Part22/26,Part22,Part 22 Section 41 - Capable of Distinguishing,22.26. Composite trade marks,Part 22 Section 41 - Capable of Distinguishing > 22.26. Composite trade marks,1,809,1,https://manuals.ipaustralia.gov.au/trademark/26.-composite-trade-marks,"parts are or are not registrable by themselves. Also note Dodds-Streeton J comments in Fry Consulting Pty Ltd v Sports Warehouse Inc (No 2) [2012] FCA 81 at 61: It is established that a combination mark may be capable of distinguishing by the overall impression it creates, even if the individ"
CASE/2012/FCA/81,[2012] FCA 81,neutral,2012,FCA,81,,,3,,,,,TMM/Part46/4/4/5/1,TMM/Part46/4,Part46,Part 46 Grounds for Opposition to Registration or Protection,Part 46.4. Grounds for opposition to registration of national trade marks,Part 46 Grounds for Opposition to Registration or Protection > Part 46.4. Grounds for opposition to registration of national trade marks > 4.5.1 Reputation,9,1161,1,https://manuals.ipaustralia.gov.au/trademark/4.-grounds-for-opposition-to-registration-of-national-trade-marks,hown to have extended to Australia. The reputation must be reputation as a trade mark (Fry Consulting Pty Ltd v Sports Warehouse Inc (No 2) [2012] FCA 81) and must be in respect of particular goods and/or services (Taylor v Killer Queen LLC [2026] HCA 5).
CASE/2012/FCA/81,[2012] FCA 81,neutral,2012,FCA,81,,,3,,,,,TMM/Part46/4/4/8,TMM/Part46/4,Part46,Part 46 Grounds for Opposition to Registration or Protection,Part 46.4. Grounds for opposition to registration of national trade marks,Part 46 Grounds for Opposition to Registration or Protection > Part 46.4. Grounds for opposition to registration of national trade marks > 4.8 Registration may be opposed on the ground that the application was made in bad faith – 62A,16,1311,1,https://manuals.ipaustralia.gov.au/trademark/4.-grounds-for-opposition-to-registration-of-national-trade-marks,licant applied for registration in bad faith. Section 62A was judicially considered in Fry Consulting Pty Ltd v Sports Warehouse Inc (No 2) [2012] FCA 81 where Dodds-Streeton J stated the test for bad faith as whether “persons adopting proper standards would regard the decision to register as
CASE/2013/FCR/217/327,(2013) 217 FCR 327,reported,2013,FCR,,217,327,1,,,[2013] FCA 559,CASE/2013/FCA/559,TMM/Part26/6/6/8~3,TMM/Part26/6,Part26,Part 26 Section 44 and Regulation 4.15A - Conflict with Other Signs,26.6. Factors to consider when comparing trade marks,Part 26 Section 44 and Regulation 4.15A - Conflict with Other Signs > 26.6. Factors to consider when comparing trade marks > 6.8 Descriptive words in composite marks,18,1578,1,https://manuals.ipaustralia.gov.au/trademark/6.-factors-to-consider-when-comparing-trade-marks,rk is not deceptively similar to the Opponent’s Registered Trade Mark (at [78]) Example 5 REA Group Ltd v Real Estate 1 Ltd [2013] FCA 559; (2013) 217 FCR 327 Marks being compared: Decision: Sufficiently different Reasons/Quote: Reasons for this decision include: The realestate.com.au logo has arg
CASE/2013/APO/57,[2013] APO 57,neutral,2013,APO,57,,,1,,,,,TMM/Part51/2/2/2~1,TMM/Part51/2,Part51,Part 51 General Opposition Proceedings,Part 51.2. Extension of the period for filing evidence,Part 51 General Opposition Proceedings > Part 51.2. Extension of the period for filing evidence > 2.2 Reasons for the extension for evidentiary periods,4,2126,1,https://manuals.ipaustralia.gov.au/trademark/2.-extension-of-the-period-for-filing-evidence,"m it was done, as appropriate to the case) covering the period in question.’ Tred Design Pty Ltd v Julie-Anne McCarthy and Bradley McCarthy [2013] APO 57, [76]"
CASE/2013/ATMO/20,[2013] ATMO 20,neutral,2013,ATMO,20,,,1,,,,,TMM/Part19A/4/4/2,TMM/Part19A/4,Part19A,Part 19A Use of a Trade Mark,19A.4. Australian Use,Part 19A Use of a Trade Mark > 19A.4. Australian Use > 4.2 Services provided outside Australia,3,437,1,https://manuals.ipaustralia.gov.au/trademark/4.-australian-use,"ith ‘steps taken to encourage enquiries from prospective customers’ in Australia. In Hilton Worldwide Inc v Waldorf Australia Group Pty Ltd [2013] ATMO 20 (‘Waldorf’), the Hearing Officer found that in the circumstances, the booking of rooms in New York Waldorf Hotels by Australian consumers a"
CASE/2013/ATMO/5,[2013] ATMO 5,neutral,2013,ATMO,5,,,1,,,,,TMM/Part19A/8#1~2,TMM/Part19A/8,Part19A,Part 19A Use of a Trade Mark,19A.8. Use of multiple trade marks,Part 19A Use of a Trade Mark > 19A.8. Use of multiple trade marks,2,1648,1,https://manuals.ipaustralia.gov.au/trademark/8.-use-of-multiple-trade-marks,"igin and would not dare to do so. He then gets registration of the shape alone. See also Michael Harvey v Lion-Beer, Spirits & Wine Pty Ltd [2013] ATMO 5. However, the use of other trade marks together with a shape or colour will not disqualify the latter for registration as a trade mark. The"
CASE/2013/ATMO/63,[2013] ATMO 63,neutral,2013,ATMO,63,,,1,,,,,TMM/Part26/6/6/7~2,TMM/Part26/6,Part26,Part 26 Section 44 and Regulation 4.15A - Conflict with Other Signs,26.6. Factors to consider when comparing trade marks,Part 26 Section 44 and Regulation 4.15A - Conflict with Other Signs > 26.6. Factors to consider when comparing trade marks > 6.7 The descriptiveness of the trade mark,15,156,1,https://manuals.ipaustralia.gov.au/trademark/6.-factors-to-consider-when-comparing-trade-marks," have applied this principle in numerous decisions under the Trade Marks Act 1995 (Cth): for example, LexiMed Pty Ltd v Lex Medicus Pty Ltd [2013] ATMO 63; Cars on Demand IP Pty Ltd v Cars on Demand Ltd [2014] ATMO 87; Combined Communications Pty Ltd v Combined Communication Solutions Pty Ltd "
CASE/2013/ATMO/77,[2013] ATMO 77,neutral,2013,ATMO,77,,,1,,,,,TMM/Part32A/2/3/2-3-1-c-trade-names-and-alternate-names~2,TMM/Part32A/2/3,Part32A,Part 32A Examination of Trade Marks for Plants (in Class 31),32A.2.3 Section 41: Capacity to Distinguish,Part 32A Examination of Trade Marks for Plants (in Class 31) > 32A.2.3 Section 41: Capacity to Distinguish > 2.3.1 The Name of a Plant > 2.3.1(c) Trade names and alternate names,6,144,1,https://manuals.ipaustralia.gov.au/trademark/2.3-section-41--capacity-to-distinguish,ASIA Dianthus ‘Londaison’ OR Dianthus ‘Londaison’ FANTASIA Correct use of a trade name is further discussed in comments on SFR Holdings Inc [2013] ATMO 77 at Annex 5. A trade name that is used in connection with a group or series of plants will usually be acceptable if research shows that the 
CASE/2013/ATMO/90,[2013] ATMO 90,neutral,2013,ATMO,90,,,1,,,,,TMM/Part22/25/25/5,TMM/Part22/25,Part22,Part 22 Section 41 - Capable of Distinguishing,22.25. Devices,Part 22 Section 41 - Capable of Distinguishing > 22.25. Devices > 25.5 Simple geometric shapes,5,463,1,https://manuals.ipaustralia.gov.au/trademark/25.-devices,"w not to be prima facie capable of distinguishing: Johnson & Johnson [1999] ATMO 2 Ab Initio Software LLC [2010] ATMO 66 Societe Air France [2013] ATMO 90 Myoori Pty Ltd [2015] ATMO 94 In contrast, combinations of geometric shapes, even when presented in a relatively simple manner, will likely"
CASE/2013/FCA/478,[2013] FCA 478,neutral,2013,FCA,478,,,1,,,,,TMM/Part46/4/4/8,TMM/Part46/4,Part46,Part 46 Grounds for Opposition to Registration or Protection,Part 46.4. Grounds for opposition to registration of national trade marks,Part 46 Grounds for Opposition to Registration or Protection > Part 46.4. Grounds for opposition to registration of national trade marks > 4.8 Registration may be opposed on the ground that the application was made in bad faith – 62A,16,1682,1,https://manuals.ipaustralia.gov.au/trademark/4.-grounds-for-opposition-to-registration-of-national-trade-marks,iew such conduct as falling short of acceptable commercial behaviour.” This test was cited with approval in DC Comics v Cheqout Pty Limited [2013] FCA 478.
CASE/2013/FCA/559,[2013] FCA 559,neutral,2013,FCA,559,,,2,,,,,TMM/Part26/6/6/4~2,TMM/Part26/6,Part26,Part 26 Section 44 and Regulation 4.15A - Conflict with Other Signs,26.6. Factors to consider when comparing trade marks,Part 26 Section 44 and Regulation 4.15A - Conflict with Other Signs > 26.6. Factors to consider when comparing trade marks > 6.4 Trade marks that share the same or similar element,8,7230,1,https://manuals.ipaustralia.gov.au/trademark/6.-factors-to-consider-when-comparing-trade-marks,ents may provide a different context and consequently alter the overall impression of the trade mark. See REA Group Ltd v Real Estate 1 Ltd [2013] FCA 559 in which the following trade marks were compared BAREFOOT V BAREFOOT RADLER Yes When both the common element and additional element are dis
CASE/2013/FCA/559,[2013] FCA 559,neutral,2013,FCA,559,,,2,,,(2013) 217 FCR 327,CASE/2013/FCR/217/327,TMM/Part26/6/6/8~3,TMM/Part26/6,Part26,Part 26 Section 44 and Regulation 4.15A - Conflict with Other Signs,26.6. Factors to consider when comparing trade marks,Part 26 Section 44 and Regulation 4.15A - Conflict with Other Signs > 26.6. Factors to consider when comparing trade marks > 6.8 Descriptive words in composite marks,18,1562,1,https://manuals.ipaustralia.gov.au/trademark/6.-factors-to-consider-when-comparing-trade-marks,ed Logo Trade Mark is not deceptively similar to the Opponent’s Registered Trade Mark (at [78]) Example 5 REA Group Ltd v Real Estate 1 Ltd [2013] FCA 559; (2013) 217 FCR 327 Marks being compared: Decision: Sufficiently different Reasons/Quote: Reasons for this decision include: The realestate
CASE/2013/HCA/52,[2013] HCA 52,neutral,2013,HCA,52,,,1,,,,,TMM/Part26/6/6/5~2,TMM/Part26/6,Part26,Part 26 Section 44 and Regulation 4.15A - Conflict with Other Signs,26.6. Factors to consider when comparing trade marks,Part 26 Section 44 and Regulation 4.15A - Conflict with Other Signs > 26.6. Factors to consider when comparing trade marks > 6.5 Reputation or notoriety of a mark,11,930,1,https://manuals.ipaustralia.gov.au/trademark/6.-factors-to-consider-when-comparing-trade-marks,n a statue should be given the same meaning unless context requires a different result’ (Kline v Official Secretary to the Governor-General [2013] HCA 52 [32]).
CASE/2014/CLR/254/337,(2014) 254 CLR 337,reported,2014,CLR,,254,337,1,,,,,TMM/Part22/25#1,TMM/Part22/25,Part22,Part 22 Section 41 - Capable of Distinguishing,22.25. Devices,Part 22 Section 41 - Capable of Distinguishing > 22.25. Devices,1,795,1,https://manuals.ipaustralia.gov.au/trademark/25.-devices,"’s goods or services is the general test of distinctiveness laid down by the High Court in Cantarella Bros Pty Ltd v Modena Trading Pty Ltd (2014) 254 CLR 337. Although that case dealt specifically with the registrability of foreign words, it provides general guidance that can and must be applied "
CASE/2014/ATMO/10,[2014] ATMO 10,neutral,2014,ATMO,10,,,1,,,,,TMM/Part28/4/28/4/3~1,TMM/Part28/4,Part28,"Part 28 Honest Concurrent Use, Prior Use or Other Circumstances",28.4. Other circumstances - paragraph 44(3)(b),"Part 28 Honest Concurrent Use, Prior Use or Other Circumstances > 28.4. Other circumstances - paragraph 44(3)(b) > 28.4.3 Relevant circumstances?",4,1620,1,https://manuals.ipaustralia.gov.au/trademark/4.-other-circumstances---paragraph-443b,"s registrable was deemed to be a factor not favouring registration of the trade mark under s 44(3)(b). In Western Australian Land Authority [2014] ATMO 10, the delegate said at [30]:"
CASE/2014/ATMO/117,[2014] ATMO 117,neutral,2014,ATMO,117,,,2,,,,,TMM/Part26/6/6/7~2,TMM/Part26/6,Part26,Part 26 Section 44 and Regulation 4.15A - Conflict with Other Signs,26.6. Factors to consider when comparing trade marks,Part 26 Section 44 and Regulation 4.15A - Conflict with Other Signs > 26.6. Factors to consider when comparing trade marks > 6.7 The descriptiveness of the trade mark,15,310,1,https://manuals.ipaustralia.gov.au/trademark/6.-factors-to-consider-when-comparing-trade-marks,; Cars on Demand IP Pty Ltd v Cars on Demand Ltd [2014] ATMO 87; Combined Communications Pty Ltd v Combined Communication Solutions Pty Ltd [2014] ATMO 117; Australian Homestay Network Pty Ltd v Homestay Network Pty Ltd [2015] ATMO 28; Australian Ezy Tax Systems Pty Ltd v Ezy Tax Solutions Pty 
CASE/2014/ATMO/117,[2014] ATMO 117,neutral,2014,ATMO,117,,,2,,,,,TMM/Part26/6/6/8~3,TMM/Part26/6,Part26,Part 26 Section 44 and Regulation 4.15A - Conflict with Other Signs,26.6. Factors to consider when comparing trade marks,Part 26 Section 44 and Regulation 4.15A - Conflict with Other Signs > 26.6. Factors to consider when comparing trade marks > 6.8 Descriptive words in composite marks,18,663,1,https://manuals.ipaustralia.gov.au/trademark/6.-factors-to-consider-when-comparing-trade-marks,"tively similar to the Opponent’s Device Mark (at [37]) Example 4 Combined Communications Pty Ltd v Combined Communication Solutions Pty Ltd [2014] ATMO 117 Marks being compared: Decision: Sufficiently Different (composite logo), Deceptively Similar (plain words) Reasons/Quote: Reasons for this "
CASE/2014/ATMO/28,[2014] ATMO 28,neutral,2014,ATMO,28,,,1,,,,,TMM/Part22/15/15/5,TMM/Part22/15,Part22,Part 22 Section 41 - Capable of Distinguishing,22.15. Geographical names,Part 22 Section 41 - Capable of Distinguishing > 22.15. Geographical names > 15.5 Geographical names with multiple meanings,10,787,1,https://manuals.ipaustralia.gov.au/trademark/15.-geographical-names,opriate Bowen is both a town in Queensland AND a common surname. The trade mark has no inherent adaptation to distinguish. (Tchen Kil Tchun [2014] ATMO 28 ‘Lancaster’) PUNCHBOWL ELECTRICAL Class 37: Electrical appliance installation and repair S41(3) GFR appropriate Punchbowl is defined as a b
CASE/2014/ATMO/87,[2014] ATMO 87,neutral,2014,ATMO,87,,,2,,,,,TMM/Part26/6/6/7~2,TMM/Part26/6,Part26,Part 26 Section 44 and Regulation 4.15A - Conflict with Other Signs,26.6. Factors to consider when comparing trade marks,Part 26 Section 44 and Regulation 4.15A - Conflict with Other Signs > 26.6. Factors to consider when comparing trade marks > 6.7 The descriptiveness of the trade mark,15,219,1,https://manuals.ipaustralia.gov.au/trademark/6.-factors-to-consider-when-comparing-trade-marks,"ade Marks Act 1995 (Cth): for example, LexiMed Pty Ltd v Lex Medicus Pty Ltd [2013] ATMO 63; Cars on Demand IP Pty Ltd v Cars on Demand Ltd [2014] ATMO 87; Combined Communications Pty Ltd v Combined Communication Solutions Pty Ltd [2014] ATMO 117; Australian Homestay Network Pty Ltd v Homestay"
CASE/2014/ATMO/87,[2014] ATMO 87,neutral,2014,ATMO,87,,,2,,,,,TMM/Part26/6/6/8~2,TMM/Part26/6,Part26,Part 26 Section 44 and Regulation 4.15A - Conflict with Other Signs,26.6. Factors to consider when comparing trade marks,Part 26 Section 44 and Regulation 4.15A - Conflict with Other Signs > 26.6. Factors to consider when comparing trade marks > 6.8 Descriptive words in composite marks,17,2112,1,https://manuals.ipaustralia.gov.au/trademark/6.-factors-to-consider-when-comparing-trade-marks,ly the same order can only add to their visual and conceptual similarity (at [27]) Example 3 Cars on Demand IP Pty Ltd v Cars on Demand Ltd [2014] ATMO 87 Marks being compared: Decision: Sufficiently Different Reasons/Quote: Reasons for this decision include:
CASE/2014/FCA/373,[2014] FCA 373,neutral,2014,FCA,373,,,1,,,,,TMM/Part24/4#1,TMM/Part24/4,Part24,Part 24 Disclaimers,Part 24.4. Effect of a disclaimer on examination,Part 24 Disclaimers > Part 24.4. Effect of a disclaimer on examination,1,1016,1,https://manuals.ipaustralia.gov.au/trademark/4.-effect-of-a-disclaimer-on-examination,"erent capacity, or otherwise, of a trade mark to distinguish (see Phone Directories Company Australia Pty Ltd v Telstra Corporation Limited [2014] FCA 373 at [217]). 4.5 When considering a ground for rejection under s 44, it is necessary to consider the trade marks as a whole even if the earli"
CASE/2014/HCA/48,[2014] HCA 48,neutral,2014,HCA,48,,,3,,,,,TMM/Part22/11#1~1,TMM/Part22/11,Part22,Part 22 Section 41 - Capable of Distinguishing,22.11. Words in languages other than English,Part 22 Section 41 - Capable of Distinguishing > 22.11. Words in languages other than English,1,226,1,https://manuals.ipaustralia.gov.au/trademark/11.-words-in-languages-other-than-english,"sh words, in that it is their ordinary signification which is to be considered. In Cantarella Bros Pty Limited v Modena Trading Pty Limited [2014] HCA 48, the majority discussed foreign words at [45]: 45. Establishing the ""ordinary signification"" of a trade mark consisting of a word is just a"
CASE/2014/HCA/48,[2014] HCA 48,neutral,2014,HCA,48,,,3,,,,,TMM/Part22/11/ordinary-signification-of-non-roman-characters~1,TMM/Part22/11,Part22,Part 22 Section 41 - Capable of Distinguishing,22.11. Words in languages other than English,Part 22 Section 41 - Capable of Distinguishing > 22.11. Words in languages other than English > Ordinary Signification of Non-Roman Characters,5,60,1,https://manuals.ipaustralia.gov.au/trademark/11.-words-in-languages-other-than-english,"In Cantarella Bros Pty Limited v Modena Trading Pty Limited [2014] HCA 48 (‘Cantarella’), the High Court stated at [48]: These authorities show that it is not the meaning of a foreign word as translated which is c"
CASE/2014/HCA/48,[2014] HCA 48,neutral,2014,HCA,48,,,3,,,,,TMM/Part22/3#1~3,TMM/Part22/3,Part22,Part 22 Section 41 - Capable of Distinguishing,22.3. Inherent adaptation to distinguish,Part 22 Section 41 - Capable of Distinguishing > 22.3. Inherent adaptation to distinguish,3,1083,1,https://manuals.ipaustralia.gov.au/trademark/3.-inherent-adaptation-to-distinguish,"de Marks (2000) 47 IPR 579 (‘Cranberry Classic’). More recently, the High Court in Cantarella Bros Pty Limited v Modena Trading Pty Limited [2014] HCA 48 (‘Cantarella’) endorsed that the proper test for assessing the inherent capacity of a trade mark to distinguish remains that articulated by"
CASE/2015/ATMO/100,[2015] ATMO 100,neutral,2015,ATMO,100,,,1,,,,,TMM/Part22/25/25/6,TMM/Part22/25,Part22,Part 22 Section 41 - Capable of Distinguishing,22.25. Devices,"Part 22 Section 41 - Capable of Distinguishing > 22.25. Devices > 25.6 Markings, lines, threads etc.",6,638,1,https://manuals.ipaustralia.gov.au/trademark/25.-devices,"ches in Ariat International, Inc [2015] ATMO 111, or the pattern on the strap of a flip-flop in Specialty Fashion Group Ltd v Alpargatas SA [2015] ATMO 100) or serving a functional purpose (for example, the stitching on the lampshade in Reid [2017] ATMO 144). Indeed,. these signs may have a ver"
CASE/2015/ATMO/111,[2015] ATMO 111,neutral,2015,ATMO,111,,,1,,,,,TMM/Part22/25/25/6,TMM/Part22/25,Part22,Part 22 Section 41 - Capable of Distinguishing,22.25. Devices,"Part 22 Section 41 - Capable of Distinguishing > 22.25. Devices > 25.6 Markings, lines, threads etc.",6,531,1,https://manuals.ipaustralia.gov.au/trademark/25.-devices,"re likely to be understood as being decorative features (for example, the piping on the pockets of the breeches in Ariat International, Inc [2015] ATMO 111, or the pattern on the strap of a flip-flop in Specialty Fashion Group Ltd v Alpargatas SA [2015] ATMO 100) or serving a functional purpose"
CASE/2015/ATMO/28,[2015] ATMO 28,neutral,2015,ATMO,28,,,1,,,,,TMM/Part26/6/6/7~2,TMM/Part26/6,Part26,Part 26 Section 44 and Regulation 4.15A - Conflict with Other Signs,26.6. Factors to consider when comparing trade marks,Part 26 Section 44 and Regulation 4.15A - Conflict with Other Signs > 26.6. Factors to consider when comparing trade marks > 6.7 The descriptiveness of the trade mark,15,390,1,https://manuals.ipaustralia.gov.au/trademark/6.-factors-to-consider-when-comparing-trade-marks,ications Pty Ltd v Combined Communication Solutions Pty Ltd [2014] ATMO 117; Australian Homestay Network Pty Ltd v Homestay Network Pty Ltd [2015] ATMO 28; Australian Ezy Tax Systems Pty Ltd v Ezy Tax Solutions Pty Ltd [2016] ATMO 62; Taronga Conservation Society Australia v Sydney Zoo Pty Ltd
CASE/2015/ATMO/76,[2015] ATMO 76,neutral,2015,ATMO,76,,,1,,,,,TMM/Part55/2/2/5,TMM/Part55/2,Part55,Part 55 Costs,Part 55.2. Award of costs,Part 55 Costs > Part 55.2. Award of costs > 2.5 Consideration of an award of costs where an opposition is resolved without decision of the substantive matter.,6,713,1,https://manuals.ipaustralia.gov.au/trademark/2.-award-of-costs,ts. This approach is in line with the decision in Aussie Red Equipment Pty Ltd v Antsent Pty Limited [2001] FCA 1641. In DC Comics v Beling [2015] ATMO 76 the delegate cited Kiama Council v Grant (2006) 143 LGERA 441: [W]here some supervening event or settlement so removes or modifies the subj
CASE/2015/ATMO/94,[2015] ATMO 94,neutral,2015,ATMO,94,,,1,,,,,TMM/Part22/25/25/5,TMM/Part22/25,Part22,Part 22 Section 41 - Capable of Distinguishing,22.25. Devices,Part 22 Section 41 - Capable of Distinguishing > 22.25. Devices > 25.5 Simple geometric shapes,5,493,1,https://manuals.ipaustralia.gov.au/trademark/25.-devices,"e of distinguishing: Johnson & Johnson [1999] ATMO 2 Ab Initio Software LLC [2010] ATMO 66 Societe Air France [2013] ATMO 90 Myoori Pty Ltd [2015] ATMO 94 In contrast, combinations of geometric shapes, even when presented in a relatively simple manner, will likely have sufficient inherent adap"
CASE/2015/FCA/250,[2015] FCA 250,neutral,2015,FCA,250,,,1,,,,,TMM/Part55/1#1~2,TMM/Part55/1,Part55,Part 55 Costs,Part 55.1. Legislative Basis,Part 55 Costs > Part 55.1. Legislative Basis,2,766,1,https://manuals.ipaustralia.gov.au/trademark/1.-legislative-basis,f he or she is a self-represented solicitor (See also Guss v Veenhuizen (No 2) (No 2) (1976) 136 CLR 47.) In Beling v Sixty Interna􀆟onal SA [2015] FCA 250 Mortimer J held that this exception should apply to the award of costs in proceedings before the Registrar.
CASE/2015/FCAFC/156,[2015] FCAFC 156,neutral,2015,FCAFC,156,,,1,,,,,TMM/Part26/6/6/5~2,TMM/Part26/6,Part26,Part 26 Section 44 and Regulation 4.15A - Conflict with Other Signs,26.6. Factors to consider when comparing trade marks,Part 26 Section 44 and Regulation 4.15A - Conflict with Other Signs > 26.6. Factors to consider when comparing trade marks > 6.5 Reputation or notoriety of a mark,11,101,1,https://manuals.ipaustralia.gov.au/trademark/6.-factors-to-consider-when-comparing-trade-marks,"Further, since the decision in Telstra Corporation Ltd v Phone Directories Company Australia Pty Ltd [2015] FCAFC 156 [133] it is settled that the onus on a party seeking to assert deceptive similarity under s 44 for the purposes of opposition (or cancellat"
CASE/2016/ATMO/1,[2016] ATMO 1,neutral,2016,ATMO,1,,,1,,,,,TMM/Part22/15/15/3,TMM/Part22/15,Part22,Part 22 Section 41 - Capable of Distinguishing,22.15. Geographical names,Part 22 Section 41 - Capable of Distinguishing > 22.15. Geographical names > 15.3 Geographical names which have no inherent adaptation to distinguish,5,1891,1,https://manuals.ipaustralia.gov.au/trademark/15.-geographical-names,"eppelt (1925) 37 CLR 305 (’Great Western'); Harbin Brewing Co., Ltd [2012] ATMO 48 (11 May 2012) (‘Harbin’); Marriott Worldwide Corporation [2016] ATMO 1 (‘Fairfield’); Mantra IP Pty Ltd [2017] ATMO 10 (‘Bale’)"
CASE/2016/ATMO/62,[2016] ATMO 62,neutral,2016,ATMO,62,,,1,,,,,TMM/Part26/6/6/7~2,TMM/Part26/6,Part26,Part 26 Section 44 and Regulation 4.15A - Conflict with Other Signs,26.6. Factors to consider when comparing trade marks,Part 26 Section 44 and Regulation 4.15A - Conflict with Other Signs > 26.6. Factors to consider when comparing trade marks > 6.7 The descriptiveness of the trade mark,15,469,2,https://manuals.ipaustralia.gov.au/trademark/6.-factors-to-consider-when-comparing-trade-marks,stralian Homestay Network Pty Ltd v Homestay Network Pty Ltd [2015] ATMO 28; Australian Ezy Tax Systems Pty Ltd v Ezy Tax Solutions Pty Ltd [2016] ATMO 62; Taronga Conservation Society Australia v Sydney Zoo Pty Ltd [2017] ATMO 155; Ng v Aussie Dazzling Life Pty Ltd [2018] ATMO 136; Capital Sa
CASE/2016/FCA/235,[2016] FCA 235,neutral,2016,FCA,235,,,1,,,,,TMM/Part14/7/7/1,TMM/Part14/7,Part14,Part 14 Classification of Goods and Services,14.7. Interpretation of specifications,Part 14 Classification of Goods and Services > 14.7. Interpretation of specifications > 7.1 General Guidance,1,1153,1,https://manuals.ipaustralia.gov.au/trademark/7.-interpretation-of-specifications,"Seafoods Corporation v Trident Foods Pty Limited [2018] FCA 1490, [48]-[61], Flexopack S.A. Plastics Industry v Flexopack Australia Pty Ltd [2016] FCA 235, [74]). Each specification must however be read and interpreted on its individual merit."
CASE/2016/FCA/255,[2016] FCA 255,neutral,2016,FCA,255,,,1,,,,,TMM/Part19A/2/2/2~2,TMM/Part19A/2,Part19A,Part 19A Use of a Trade Mark,19A.2. Use 'as a trade mark',"Part 19A Use of a Trade Mark > 19A.2. Use 'as a trade mark' > 2.2 Use as a domain name, key word, metatag, social media account name or handle",6,67,1,https://manuals.ipaustralia.gov.au/trademark/19a2-use-as-a-trade-mark,"In Advantage Veda Advantage Ltd v Malouf Group Enterprises Pty Ltd [2016] FCA 255 and Complete Technology Integrations Pty Ltd v Green Energy Management Solutions Pty Ltd [2011] FCA 1319, the Federal Court held that the m"
CASE/2016/FCA/313,[2016] FCA 313,neutral,2016,FCA,313,,,1,,,,,TMM/Part23/2/2/2/2,TMM/Part23/2,Part23,Part 23 Overcoming Grounds for Rejection under Section 41 - including Evidence of Use,"Part 23.2. Legal arguments, amendments and informal information","Part 23 Overcoming Grounds for Rejection under Section 41 - including Evidence of Use > Part 23.2. Legal arguments, amendments and informal information > 2.2.2 Excluding goods and/or services",4,1870,1,https://manuals.ipaustralia.gov.au/trademark/2.-submissions-in-rebuttal-amendments-and-informal-information,"’ decision (Yarra Valley Dairy Pty Ltd v Lemnos Foods Pty Ltd [2010] FCA 1367), and Primary Health Care Limited v Commonwealth of Australia [2016] FCA 313."
CASE/2016/FCA/729,[2016] FCA 729,neutral,2016,FCA,729,,,1,Qantas Airways Limited v Edwards,https://jade.io/article/481594,338 ALR 134,,TMM/Part26/4/4/3/1~4,TMM/Part26/4,Part26,Part 26 Section 44 and Regulation 4.15A - Conflict with Other Signs,26.4. Similarity of goods and services,"Part 26 Section 44 and Regulation 4.15A - Conflict with Other Signs > 26.4. Similarity of goods and services > 4.3 Closely related goods and services > 4.3.1 Retail, wholesale, and distribution services v goods",10,4494,1,https://manuals.ipaustralia.gov.au/trademark/4.-similarity-of-goods-and-services,ious food goods in classes 29 and 30 v Restaurant services; fast food outlet No AACHI AACHI INDIAN CUISINE Qantas Airways Limited v Edwards [2016] FCA 729; 338 ALR 134 clothing; footwear; headwear; shirts; T-shirts v merchandising services No Richard McDonnell & Beaumont Management Services Pt
CASE/2017/ATMO/10,[2017] ATMO 10,neutral,2017,ATMO,10,,,1,,,,,TMM/Part22/15/15/3,TMM/Part22/15,Part22,Part 22 Section 41 - Capable of Distinguishing,22.15. Geographical names,Part 22 Section 41 - Capable of Distinguishing > 22.15. Geographical names > 15.3 Geographical names which have no inherent adaptation to distinguish,5,1938,1,https://manuals.ipaustralia.gov.au/trademark/15.-geographical-names,"bin Brewing Co., Ltd [2012] ATMO 48 (11 May 2012) (‘Harbin’); Marriott Worldwide Corporation [2016] ATMO 1 (‘Fairfield’); Mantra IP Pty Ltd [2017] ATMO 10 (‘Bale’)"
CASE/2017/ATMO/141,[2017] ATMO 141,neutral,2017,ATMO,141,,,1,,,,,TMM/Part22/7/22/7/8~2,TMM/Part22/7,Part22,Part 22 Section 41 - Capable of Distinguishing,22.7. Examination,Part 22 Section 41 - Capable of Distinguishing > 22.7. Examination > 22.7.8 Honest desire to use the sign for its ordinary signification (ordinary meaning),10,85,1,https://manuals.ipaustralia.gov.au/trademark/7.-examination,In World Expeditions Travel Group Pty Ltd v Australian Wilderness Adventures Pty Ltd [2017] ATMO 141 the delegate refused the application on the basis that the sign was not sufficiently inherently adapted to distinguish the claimed services
CASE/2017/ATMO/144,[2017] ATMO 144,neutral,2017,ATMO,144,,,1,,,,,TMM/Part22/25/25/6,TMM/Part22/25,Part22,Part 22 Section 41 - Capable of Distinguishing,22.25. Devices,"Part 22 Section 41 - Capable of Distinguishing > 22.25. Devices > 25.6 Markings, lines, threads etc.",6,740,1,https://manuals.ipaustralia.gov.au/trademark/25.-devices,"lty Fashion Group Ltd v Alpargatas SA [2015] ATMO 100) or serving a functional purpose (for example, the stitching on the lampshade in Reid [2017] ATMO 144). Indeed,. these signs may have a very low level of inherent adaptation to distinguish and would therefore need to show a very high level o"
CASE/2017/ATMO/155,[2017] ATMO 155,neutral,2017,ATMO,155,,,1,,,,,TMM/Part26/6/6/7~2,TMM/Part26/6,Part26,Part 26 Section 44 and Regulation 4.15A - Conflict with Other Signs,26.6. Factors to consider when comparing trade marks,Part 26 Section 44 and Regulation 4.15A - Conflict with Other Signs > 26.6. Factors to consider when comparing trade marks > 6.7 The descriptiveness of the trade mark,15,545,1,https://manuals.ipaustralia.gov.au/trademark/6.-factors-to-consider-when-comparing-trade-marks," Australian Ezy Tax Systems Pty Ltd v Ezy Tax Solutions Pty Ltd [2016] ATMO 62; Taronga Conservation Society Australia v Sydney Zoo Pty Ltd [2017] ATMO 155; Ng v Aussie Dazzling Life Pty Ltd [2018] ATMO 136; Capital Safety Group EMEA v Classic Supplies Pty Ltd [2019] ATMO 10. It must, however, "
CASE/2017/ATMO/45,[2017] ATMO 45,neutral,2017,ATMO,45,,,1,,,,,TMM/Part28/3/3/4~1,TMM/Part28/3,Part28,"Part 28 Honest Concurrent Use, Prior Use or Other Circumstances",28.3. Examining evidence of honest concurrent use - the five criteria,"Part 28 Honest Concurrent Use, Prior Use or Other Circumstances > 28.3. Examining evidence of honest concurrent use - the five criteria > 3.2 The degree of confusion that is likely between the trade marks in question > 3.4 The extent of use in duration, area and volume",13,369,1,https://manuals.ipaustralia.gov.au/trademark/3.-examining-evidence-of-honest-concurrent-use---the-five-criteria,"for, for a satisfactory term, over a satisfactory area and to a satisfactory level. In EJOT GmbH & Co. KG v Eastcoast Fasteners Pty Limited [2017] ATMO 45, the delegate considered that in cases where likelihood of confusion was high, the evidence produced by the Applicant ‘should be substantia"
CASE/2017/ATMO/47,[2017] ATMO 47,neutral,2017,ATMO,47,,,1,Teka Industrial SA v Deka Australia Pty Ltd,https://jade.io/article/592374,,,TMM/Part26/4/4/3/1~4,TMM/Part26/4,Part26,Part 26 Section 44 and Regulation 4.15A - Conflict with Other Signs,26.4. Similarity of goods and services,"Part 26 Section 44 and Regulation 4.15A - Conflict with Other Signs > 26.4. Similarity of goods and services > 4.3 Closely related goods and services > 4.3.1 Retail, wholesale, and distribution services v goods",10,3927,1,https://manuals.ipaustralia.gov.au/trademark/4.-similarity-of-goods-and-services,"ye Attard and Shane Edward Attard [2009] ATMO 64 Blinds v wholesale of blinds Yes BISTRO BLINDS Teka Industrial SA v Deka Australia Pty Ltd [2017] ATMO 47 Stainless steel sinks, metallic pipes, Washing machines, dishwashers and drying machines, Cookers, furnaces, sinks, devices and accessories"
CASE/2017/FCA/1249,[2017] FCA 1249,neutral,2017,FCA,1249,,,1,,,,,TMM/Part22/7/22/7/2,TMM/Part22/7,Part22,Part 22 Section 41 - Capable of Distinguishing,22.7. Examination,Part 22 Section 41 - Capable of Distinguishing > 22.7. Examination > 22.7.2 Ordinary Signification,3,541,1,https://manuals.ipaustralia.gov.au/trademark/7.-examination,]. Bohemia Crystal Pty Ltd v Host Corporation Pty Ltd [2018] FCA 235 [87]. Metro Business Centre Pty Ltd v Centrefold Entertainment Pty Ltd [2017] FCA 1249 [90].
CASE/2017/FCA/60,[2017] FCA 60,neutral,2017,FCA,60,,,1,,,,,TMM/Part26/6/6/1~1,TMM/Part26/6,Part26,Part 26 Section 44 and Regulation 4.15A - Conflict with Other Signs,26.6. Factors to consider when comparing trade marks,Part 26 Section 44 and Regulation 4.15A - Conflict with Other Signs > 26.6. Factors to consider when comparing trade marks > 6.1 Sound as well as appearance to be considered,2,1653,1,https://manuals.ipaustralia.gov.au/trademark/6.-factors-to-consider-when-comparing-trade-marks,C 477 (Ucolite)where it was held UCOLITE and COALITE were deceptively similar. Clipsal Australia Pty Ltd v Clipso Electrical Pty Ltd (No 3) [2017] FCA 60 where it was held that CLIPSAL and CLIPSO were deceptively similar; Combe International Ltd v Dr August Wolff GmbH & Co. KG Arzneimittel [2
CASE/2017/FCA/823,[2017] FCA 823,neutral,2017,FCA,823,,,1,,,,,TMM/Part23/4/4/8~2,TMM/Part23/4,Part23,Part 23 Overcoming Grounds for Rejection under Section 41 - including Evidence of Use,Part 23.4. Examining evidence - general,Part 23 Overcoming Grounds for Rejection under Section 41 - including Evidence of Use > Part 23.4. Examining evidence - general > 4.8 What if the trade mark is always used alongside another trade mark?,15,164,1,https://manuals.ipaustralia.gov.au/trademark/4.-examining-evidence---general,"bserved that there is no clear distinction between descriptive use and use as a trade mark (See Moroccanoil Israel Ltd v Aldi Foods Pty Ltd [2017] FCA 823 at [146]), even if the use of a particular descriptive sign is considered to be ‘trade mark use’, the impact of other more distinctive trad"
CASE/2017/FCAFC/174,[2017] FCAFC 174,neutral,2017,FCAFC,174,,,5,,,,,TMM/Part22/7/22/7/2,TMM/Part22/7,Part22,Part 22 Section 41 - Capable of Distinguishing,22.7. Examination,Part 22 Section 41 - Capable of Distinguishing > 22.7. Examination > 22.7.2 Ordinary Signification,3,239,1,https://manuals.ipaustralia.gov.au/trademark/7.-examination,gements post Cantarella have confirmed the ordinary meaning of a sign is its ordinary signification: Primary Health Care Ltd v Commonwealth [2017] FCAFC 174. Bendigo and Adelaide Bank Ltd v Community First Credit Union Ltd [2021] FCAFC 31. Goodman Fielder Pte v Conga Foods Pty Ltd [2020] FCA 180
CASE/2017/FCAFC/174,[2017] FCAFC 174,neutral,2017,FCAFC,174,,,5,,,,,TMM/Part23/5/5/1,TMM/Part23/5,Part23,Part 23 Overcoming Grounds for Rejection under Section 41 - including Evidence of Use,Part 23.5. Specific evidence requirements for trade marks with no inherent adaptation to distinguish,Part 23 Overcoming Grounds for Rejection under Section 41 - including Evidence of Use > Part 23.5. Specific evidence requirements for trade marks with no inherent adaptation to distinguish > 5.1 What kind of trade marks are these?,2,1082,1,https://manuals.ipaustralia.gov.au/trademark/5.-specific-evidence-requirements-for-trade-marks-with-no-inherent-adaptation-to-distinguish,ranberry Classic') Philmac Pty Limited v the Registrar of Trade Marks [2002] FCA 1551 ('Terracotta') Primary Health Care Ltd v Commonwealth [2017] FCAFC 174 ('Primary Health Care') Bendigo and Adelaide Bank Ltd v Community First Credit Union Ltd [2021] FCAFC 31 ('Community Bank')
CASE/2017/FCAFC/174,[2017] FCAFC 174,neutral,2017,FCAFC,174,,,5,,,,,TMM/Part29/2/2/1~1,TMM/Part29/2,Part29,Part 29 Section 43 - Trade Marks likely to Deceive or Cause Confusion,29.2. Connotation,Part 29 Section 43 - Trade Marks likely to Deceive or Cause Confusion > 29.2. Connotation > 2.1,1,2217,1,https://manuals.ipaustralia.gov.au/trademark/2.-connotation,"on, would section 43 be triggered. Denotation and connotation are also discussed in Primary Health Care Limited v Commonwealth of Australia [2017] FCAFC 174. Katzmann J at 111:"
CASE/2017/FCAFC/174,[2017] FCAFC 174,neutral,2017,FCAFC,174,,,5,,,,,TMM/Part29/3#1~1,TMM/Part29/3,Part29,Part 29 Section 43 - Trade Marks likely to Deceive or Cause Confusion,Part 29.3. Deception and confusion as a result of a connotation within a trade mark,Part 29 Section 43 - Trade Marks likely to Deceive or Cause Confusion > Part 29.3. Deception and confusion as a result of a connotation within a trade mark,1,348,1,https://manuals.ipaustralia.gov.au/trademark/3.-deception-and-confusion-as-a-result-of-a-connotation-within-a-trade-mark,"ted by the mark in question (Pfizer Products Inc v Karam [2006] FCA 1663, [53]). In Primary Health Care Limited v Commonwealth of Australia [2017] FCAFC 174, Katzmann J said at 113: ….the section is concerned with whether the mark the subject of the application (or a sign contained in the mark) "
CASE/2017/FCAFC/174,[2017] FCAFC 174,neutral,2017,FCAFC,174,,,5,,,,,TMM/Part29/3/3/3,TMM/Part29/3,Part29,Part 29 Section 43 - Trade Marks likely to Deceive or Cause Confusion,Part 29.3. Deception and confusion as a result of a connotation within a trade mark,Part 29 Section 43 - Trade Marks likely to Deceive or Cause Confusion > Part 29.3. Deception and confusion as a result of a connotation within a trade mark > 3.3 The connotation must arise from the trade mark itself,6,853,1,https://manuals.ipaustralia.gov.au/trademark/3.-deception-and-confusion-as-a-result-of-a-connotation-within-a-trade-mark,sion is not for a reason covered by s43. This has been subsequently applied in both Primary Health Care Limited v Commonwealth of Australia [2017] FCAFC 174 (see [140]) and Pfizer Products Inc v Karam [2006] FCA 1663 (see [53]).
CASE/2017/FCAFC/56,[2017] FCAFC 56,neutral,2017,FCAFC,56,,,1,,,,,TMM/Part19A/2/2/2~2,TMM/Part19A/2,Part19A,Part 19A Use of a Trade Mark,19A.2. Use 'as a trade mark',"Part 19A Use of a Trade Mark > 19A.2. Use 'as a trade mark' > 2.2 Use as a domain name, key word, metatag, social media account name or handle",6,394,1,https://manuals.ipaustralia.gov.au/trademark/19a2-use-as-a-trade-mark," mark because it was not visible to the ordinary internet user. However, in Accor Australia & New Zealand Hospitality Pty Ltd v Liv Pty Ltd [2017] FCAFC 56, the Full Court affirmed a decision by the primary judge that use of HARBOUR LIGHTS in source code of its website was use as a trade mark f"
CASE/2017/FCAFC/83,[2017] FCAFC 83,neutral,2017,FCAFC,83,,,3,,,,,TMM/Part26/5/5/1~1,TMM/Part26/5,Part26,Part 26 Section 44 and Regulation 4.15A - Conflict with Other Signs,26.5. Similarity of trade marks,Part 26 Section 44 and Regulation 4.15A - Conflict with Other Signs > 26.5. Similarity of trade marks > 5.1 Substantial identity and deceptive similarity,2,2041,1,https://manuals.ipaustralia.gov.au/trademark/5.-similarity-of-trade-marks,"y of the trade mark. “Dominant cognitive cues” is an analogous term, as explained in Pham Global Pty Ltd v Insight Clinical Imaging Pty Ltd [2017] FCAFC 83, [51]:"
CASE/2017/FCAFC/83,[2017] FCAFC 83,neutral,2017,FCAFC,83,,,3,,,,,TMM/Part43/2#1~2,TMM/Part43/2,Part43,Part 43 Assignment and Transmission,43.2. Timing for assignment,Part 43 Assignment and Transmission > 43.2. Timing for assignment,2,304,1,https://manuals.ipaustralia.gov.au/trademark/2.-timing-for-assignment,"ct or erroneous ownership during examination. For example, the Full Federal Court in Pham Global Pty Ltd v Insight Clinical Imaging Pty Ltd [2017] FCAFC 83 states at [40]: Within such a scheme, where the rights of the registered owner extend back to the filing date of the application, it is ess"
CASE/2017/FCAFC/83,[2017] FCAFC 83,neutral,2017,FCAFC,83,,,3,,,,,TMM/Part9/4/4/1,TMM/Part9/4,Part9,Part 9 Amendments and Changes to Name and Address,"Part 9.4. Amendment after particulars of an application have been published (Sections 63, 65 and 65A)","Part 9 Amendments and Changes to Name and Address > Part 9.4. Amendment after particulars of an application have been published (Sections 63, 65 and 65A) > 4.1 Subsection 65(2) - amend representation of trade mark",2,912,1,https://manuals.ipaustralia.gov.au/trademark/4.-amendment-after-particulars-of-an-application-have-been-published-sections-63-65-and-65a,"uidance, see Shell Co. (Aust) Ltd v Esso Standard Oil (Aust) Ltd (1963) 109 CLR 407; Pham Global Pty Ltd v Insight Clinical Imaging Pty Ltd [2017] FCAFC 83; Optical 88 Ltd v Optical 88 Pty Ltd (No. 2) [2011] FCAFC 130). For additional information about substantially identical trade marks please"
CASE/2018/ATMO/136,[2018] ATMO 136,neutral,2018,ATMO,136,,,1,,,,,TMM/Part26/6/6/7~2,TMM/Part26/6,Part26,Part 26 Section 44 and Regulation 4.15A - Conflict with Other Signs,26.6. Factors to consider when comparing trade marks,Part 26 Section 44 and Regulation 4.15A - Conflict with Other Signs > 26.6. Factors to consider when comparing trade marks > 6.7 The descriptiveness of the trade mark,15,596,1,https://manuals.ipaustralia.gov.au/trademark/6.-factors-to-consider-when-comparing-trade-marks,"ions Pty Ltd [2016] ATMO 62; Taronga Conservation Society Australia v Sydney Zoo Pty Ltd [2017] ATMO 155; Ng v Aussie Dazzling Life Pty Ltd [2018] ATMO 136; Capital Safety Group EMEA v Classic Supplies Pty Ltd [2019] ATMO 10. It must, however, be stressed that this does not mean that descriptiv"
CASE/2018/FCA/1096,[2018] FCA 1096,neutral,2018,FCA,1096,,,1,Caesarstone Ltd v Ceramiche Caesar S.p.A. (No 2),https://jade.io/article/599071,,,TMM/Part26/4/4/3/1~4,TMM/Part26/4,Part26,Part 26 Section 44 and Regulation 4.15A - Conflict with Other Signs,26.4. Similarity of goods and services,"Part 26 Section 44 and Regulation 4.15A - Conflict with Other Signs > 26.4. Similarity of goods and services > 4.3 Closely related goods and services > 4.3.1 Retail, wholesale, and distribution services v goods",10,998,1,https://manuals.ipaustralia.gov.au/trademark/4.-similarity-of-goods-and-services,"J considered closely related) Yes Caterpillar Willoughby's Caterpillar Loader Hire Service Caesarstone Ltd v Ceramiche Caesar S.p.A. (No 2) [2018] FCA 1096 Tiles v retail and wholesale of tiles Yes Enagic Co Ltd v Horizons (Asia) Pty Ltd (No 3) [2021] FCA 1512 (‘Enagic') Sales, distribution (un"
CASE/2018/FCA/1490,[2018] FCA 1490,neutral,2018,FCA,1490,,,1,,,,,TMM/Part14/7/7/1,TMM/Part14/7,Part14,Part 14 Classification of Goods and Services,14.7. Interpretation of specifications,Part 14 Classification of Goods and Services > 14.7. Interpretation of specifications > 7.1 General Guidance,1,1062,1,https://manuals.ipaustralia.gov.au/trademark/7.-interpretation-of-specifications,"as the NICE Classification where there is ambiguity in the meaning of a claim (see Trident Seafoods Corporation v Trident Foods Pty Limited [2018] FCA 1490, [48]-[61], Flexopack S.A. Plastics Industry v Flexopack Australia Pty Ltd [2016] FCA 235, [74]). Each specification must however be read a"
CASE/2018/FCA/235,[2018] FCA 235,neutral,2018,FCA,235,,,1,,,,,TMM/Part22/7/22/7/2,TMM/Part22/7,Part22,Part 22 Section 41 - Capable of Distinguishing,22.7. Examination,Part 22 Section 41 - Capable of Distinguishing > 22.7. Examination > 22.7.2 Ordinary Signification,3,455,1,https://manuals.ipaustralia.gov.au/trademark/7.-examination,on Ltd [2021] FCAFC 31. Goodman Fielder Pte v Conga Foods Pty Ltd [2020] FCA 1808 [214]. Bohemia Crystal Pty Ltd v Host Corporation Pty Ltd [2018] FCA 235 [87]. Metro Business Centre Pty Ltd v Centrefold Entertainment Pty Ltd [2017] FCA 1249 [90].
CASE/2018/FCAFC/109,[2018] FCAFC 109,neutral,2018,FCAFC,109,,,1,,,,,TMM/Part9/6/6/1,TMM/Part9/6,Part9,Part 9 Amendments and Changes to Name and Address,9.6. Amendments after registration,Part 9 Amendments and Changes to Name and Address > 9.6. Amendments after registration > 6.1 Section 81 - correction of Register for Office error,2,284,1,https://manuals.ipaustralia.gov.au/trademark/6.-amendments-after-registration,"rmation on the Register. Note that this power has been narrowly construed by the Full Federal Court in Vokes Ltd v Laminar Air Flow Pty Ltd [2018] FCAFC 109). Section 81 will most clearly apply in relation to correction of obvious data entry errors- namely, where the Registrar has entered the wr"
CASE/2018/FCAFC/93,[2018] FCAFC 93,neutral,2018,FCAFC,93,,,1,,,,,TMM/Part22/7/22/7/10,TMM/Part22/7,Part22,Part 22 Section 41 - Capable of Distinguishing,22.7. Examination,Part 22 Section 41 - Capable of Distinguishing > 22.7. Examination > 22.7.10 So Nearly Resembling,12,195,1,https://manuals.ipaustralia.gov.au/trademark/7.-examination, consider more than just the exact sign being applied for. This was discussed by Perram J in in Aldi Foods Pty Ltd v Moroccanoil Israel Ltd [2018] FCAFC 93 at [125]: … it is not just the desire of traders to use the word which is relevant; it is also their potential desire to use words nearly r
CASE/2019/ATMO/10,[2019] ATMO 10,neutral,2019,ATMO,10,,,1,,,,,TMM/Part26/6/6/7~2,TMM/Part26/6,Part26,Part 26 Section 44 and Regulation 4.15A - Conflict with Other Signs,26.6. Factors to consider when comparing trade marks,Part 26 Section 44 and Regulation 4.15A - Conflict with Other Signs > 26.6. Factors to consider when comparing trade marks > 6.7 The descriptiveness of the trade mark,15,666,1,https://manuals.ipaustralia.gov.au/trademark/6.-factors-to-consider-when-comparing-trade-marks,"Sydney Zoo Pty Ltd [2017] ATMO 155; Ng v Aussie Dazzling Life Pty Ltd [2018] ATMO 136; Capital Safety Group EMEA v Classic Supplies Pty Ltd [2019] ATMO 10. It must, however, be stressed that this does not mean that descriptive matter is to be excluded when marks are being compared. As Hearing "
CASE/2019/ATMO/132,[2019] ATMO 132,neutral,2019,ATMO,132,,,1,,,,,TMM/Part26/6/6/8~2,TMM/Part26/6,Part26,Part 26 Section 44 and Regulation 4.15A - Conflict with Other Signs,26.6. Factors to consider when comparing trade marks,Part 26 Section 44 and Regulation 4.15A - Conflict with Other Signs > 26.6. Factors to consider when comparing trade marks > 6.8 Descriptive words in composite marks,17,409,1,https://manuals.ipaustralia.gov.au/trademark/6.-factors-to-consider-when-comparing-trade-marks,badge of trade origin as opposed to geographical origin of the spring water (at [28). Example 2 The BBQ Store Pty Ltd v BBQ Factory Pty Ltd [2019] ATMO 132 Marks Being Compared: Decision: Deceptively Similar Reasons/Quote: Reasons for this decision include: The flame is probably the single most
CASE/2019/ATMO/136,[2019] ATMO 136,neutral,2019,ATMO,136,,,1,,,,,TMM/Part22/25/25/1,TMM/Part22/25,Part22,Part 22 Section 41 - Capable of Distinguishing,22.25. Devices,Part 22 Section 41 - Capable of Distinguishing > 22.25. Devices > 25.1 Representations of the goods and other representations that signify the nature of the goods / services,2,438,1,https://manuals.ipaustralia.gov.au/trademark/25.-devices,"heelbarrows would not be prima facie capable of distinguishing any one trader's wheelbarrows in the marketplace. In Solo Industries Pty Ltd [2019] ATMO 136, the Hearing Officer considered that the mark below, which was sought to be registered in relation to ‘lawn edger blades’, was ‘an illustra"
CASE/2019/ATMO/26,[2019] ATMO 26,neutral,2019,ATMO,26,,,1,,,,,TMM/Part29/9/9/6,TMM/Part29/9,Part29,Part 29 Section 43 - Trade Marks likely to Deceive or Cause Confusion,29.9. Geographical references,Part 29 Section 43 - Trade Marks likely to Deceive or Cause Confusion > 29.9. Geographical references > 9.6 Business Identifiers,11,432,1,https://manuals.ipaustralia.gov.au/trademark/10.-geographical-references,ex International Pty Limited [2001] ATMO 29; Deyncourt Pty Ltd v Scott Mitchell Passmore as trustee for The S R G Passmore Investment Trust [2019] ATMO 26.
CASE/2019/ATMO/41,[2019] ATMO 41,neutral,2019,ATMO,41,,,3,,,,,TMM/Part29/6#1~2,TMM/Part29/6,Part29,Part 29 Section 43 - Trade Marks likely to Deceive or Cause Confusion,Part 29.6. Names of Persons,Part 29 Section 43 - Trade Marks likely to Deceive or Cause Confusion > Part 29.6. Names of Persons,2,695,1,https://manuals.ipaustralia.gov.au/trademark/6.-names-of-persons," likely to assume that it refers to the well-known person. See for example: Comité International Olympique v Tempting Brands Netherlands BV [2019] ATMO 41 (PIERRE DE COUBERTIN) at [30]. Thirdly, to what extent are the specified goods/services connected with the field that the name is well know"
CASE/2019/ATMO/41,[2019] ATMO 41,neutral,2019,ATMO,41,,,3,,,,,TMM/Part29/6/6/2~1,TMM/Part29/6,Part29,Part 29 Section 43 - Trade Marks likely to Deceive or Cause Confusion,Part 29.6. Names of Persons,Part 29 Section 43 - Trade Marks likely to Deceive or Cause Confusion > Part 29.6. Names of Persons > 6.2 Deceased Persons,4,1592,1,https://manuals.ipaustralia.gov.au/trademark/6.-names-of-persons,"re de Coubertin, founder of the modern Olympic Games, long after his death: Comité International Olympique v Tempting Brands Netherlands BV [2019] ATMO 41 (PIERRE DE COUBERTIN). A section 43 ground for rejection may therefore be warranted, having regard to the considerations at Part 29.6 above"
CASE/2019/ATMO/41,[2019] ATMO 41,neutral,2019,ATMO,41,,,3,,,,,TMM/Part29/6/6/2~2,TMM/Part29/6,Part29,Part 29 Section 43 - Trade Marks likely to Deceive or Cause Confusion,Part 29.6. Names of Persons,Part 29 Section 43 - Trade Marks likely to Deceive or Cause Confusion > Part 29.6. Names of Persons > 6.2 Deceased Persons,5,1851,1,https://manuals.ipaustralia.gov.au/trademark/6.-names-of-persons,licensed her name in relation to the sale of flowers in Australia. See also Comité International Olympique v Tempting Brands Netherlands BV [2019] ATMO 41 (PIERRE DE COUBERTIN).
CASE/2019/FCA/1552,[2019] FCA 1552,neutral,2019,FCA,1552,,,2,,,,,TMM/Part23/3/3/5,TMM/Part23/3,Part23,Part 23 Overcoming Grounds for Rejection under Section 41 - including Evidence of Use,Part 23.3. Evidence of use - general requirements,Part 23 Overcoming Grounds for Rejection under Section 41 - including Evidence of Use > Part 23.3. Evidence of use - general requirements > 3.5 Websites as evidence,13,918,1,https://manuals.ipaustralia.gov.au/trademark/3.-evidence-of-use---general-requirements,s from the ‘Internet Archive Wayback Machine’ tool was considered acceptable in Dyno Nobel Inc v Orica Explosives Technology Pty Ltd (No 2) [2019] FCA 1552 at [21] where Burley J said: [The Wayback Machine] operates to capture and date the ephemera of the internet. I accept that the Wayback mat
CASE/2019/FCA/1552,[2019] FCA 1552,neutral,2019,FCA,1552,,,2,,,,,TMM/Part27/5/5/1/2,TMM/Part27/5,Part27,Part 27 Overcoming Grounds for Rejection under Section 44,"27.5. Filing evidence of honest concurrent use, prior use or other circumstances","Part 27 Overcoming Grounds for Rejection under Section 44 > 27.5. Filing evidence of honest concurrent use, prior use or other circumstances > 5.1 Evidence must be in a declaration > 5.1.2 Exhibits must be incorporated in the declaration:",3,1489,1,https://manuals.ipaustralia.gov.au/trademark/4.-filing-evidence-of-honest-concurrent-use-prior-use-or-other-circumstances,"s from the ‘Internet Archive Wayback Machine’ tool was considered acceptable in Dyno Nobel Inc v Orica Explosives Technology Pty Ltd (No 2) [2019] FCA 1552 at [21] where Burley J said: [W]here the Wayback Machine reveals a document, I accept that it is prima facie evidence (though rebuttable) a"
CASE/2019/FCA/1553,[2019] FCA 1553,neutral,2019,FCA,1553,,,1,,,,,TMM/Part28/4/28/4/3~1,TMM/Part28/4,Part28,"Part 28 Honest Concurrent Use, Prior Use or Other Circumstances",28.4. Other circumstances - paragraph 44(3)(b),"Part 28 Honest Concurrent Use, Prior Use or Other Circumstances > 28.4. Other circumstances - paragraph 44(3)(b) > 28.4.3 Relevant circumstances?",4,661,1,https://manuals.ipaustralia.gov.au/trademark/4.-other-circumstances---paragraph-443b," same essential features was deemed to be a relevant ‘other circumstance’ (Bendigo and Adelaide Bank Ltd v Community First Credit Union Ltd [2019] FCA 1553, [474]) The manner in which the goods or services are offered reduces the likelihood of confusion occurring. (The Totally and Permanent Dis"
CASE/2019/FCA/719,[2019] FCA 719,neutral,2019,FCA,719,,,1,,,,,TMM/Part28/3/3/1~2,TMM/Part28/3,Part28,"Part 28 Honest Concurrent Use, Prior Use or Other Circumstances",28.3. Examining evidence of honest concurrent use - the five criteria,"Part 28 Honest Concurrent Use, Prior Use or Other Circumstances > 28.3. Examining evidence of honest concurrent use - the five criteria > 3.1 The honesty or otherwise of the concurrent use",3,2065,1,https://manuals.ipaustralia.gov.au/trademark/3.-examining-evidence-of-honest-concurrent-use---the-five-criteria,"ence, but the conflicting trade mark was not likely to have been discovered. In Sensis Pty Ltd v Senses Direct Mail and Fulfillment Pty Ltd [2019] FCA 719, Davies J said at [74]-[75]: Mr Mina was not challenged on any of this evidence, and I accept that evidence. However, the applicant pointed"
CASE/2019/FCA/923,[2019] FCA 923,neutral,2019,FCA,923,,,1,,,,,TMM/Part23/4/4/1~1,TMM/Part23/4,Part23,Part 23 Overcoming Grounds for Rejection under Section 41 - including Evidence of Use,Part 23.4. Examining evidence - general,Part 23 Overcoming Grounds for Rejection under Section 41 - including Evidence of Use > Part 23.4. Examining evidence - general > 4.1 How much turnover and marketing expenditure needs to be associated with use of the trade mark?,2,1664,1,https://manuals.ipaustralia.gov.au/trademark/4.-examining-evidence---general,. The effectiveness of turnover and marketing expenditure is considered by O’Bryan J in Rodney Jane Racing Pty Ltd v Monster Energy Company [2019] FCA 923 at [83]: The ordinary meaning of the word “reputation” is the recognition of a person or thing by the public generally or the estimation in
CASE/2019/FCAFC/100,[2019] FCAFC 100,neutral,2019,FCAFC,100,,,1,,,,,TMM/Part19A/6/6/3,TMM/Part19A/6,Part19A,Part 19A Use of a Trade Mark,"19A.6. Use by the trade mark owner, predecessor in title or an authorised user","Part 19A Use of a Trade Mark > 19A.6. Use by the trade mark owner, predecessor in title or an authorised user > 6.3 Authorised use",4,1415,1,https://manuals.ipaustralia.gov.au/trademark/6.-use-by-the-trade-mark-owner-predecessor-in-title-or-an-authorised-user,"ontrol may be demonstrated where two entities act with a sufficient unity of purpose - Trident Seafoods Corporation v Trident Foods Pty Ltd [2019] FCAFC 100 (‘Trident’). In Trident, the Full Court held that a subsidiary company that was the registered owner of a trade mark had authorised use by "
CASE/2020/ATMO/23,[2020] ATMO 23,neutral,2020,ATMO,23,,,1,,,,,TMM/Part23/3/3/2/1,TMM/Part23/3,Part23,Part 23 Overcoming Grounds for Rejection under Section 41 - including Evidence of Use,Part 23.3. Evidence of use - general requirements,Part 23 Overcoming Grounds for Rejection under Section 41 - including Evidence of Use > Part 23.3. Evidence of use - general requirements > 3.2 Evidence should be in a declaration > 3.2.1 Exhibits must be incorporated in the declaration:,5,804,1,https://manuals.ipaustralia.gov.au/trademark/3.-evidence-of-use---general-requirements,"cant’s legal counsel may need to be treated with caution. In Australian Institute of Management v The Australian Institute of Music Limited [2020] ATMO 23, Hearing Officer Smith said (of evidence provided by the Opponent’s attorney): These very broad statements are not supported by any materia"
CASE/2020/FCA/1078,[2020] FCA 1078,neutral,2020,FCA,1078,,,1,,,,,TMM/Part26/6/6/4~2,TMM/Part26/6,Part26,Part 26 Section 44 and Regulation 4.15A - Conflict with Other Signs,26.6. Factors to consider when comparing trade marks,Part 26 Section 44 and Regulation 4.15A - Conflict with Other Signs > 26.6. Factors to consider when comparing trade marks > 6.4 Trade marks that share the same or similar element,8,6708,1,https://manuals.ipaustralia.gov.au/trademark/6.-factors-to-consider-when-comparing-trade-marks,"the concept behind it then the trade marks are less likely to be deceptively similar. In PDP Capital Pty Ltd v Grasshopper Ventures Pty Ltd [2020] FCA 1078 at [177] to [200] the court held that in the trade mark WICKED SISTER, neither WICKED nor SISTER were the clear essential feature of the ma"
CASE/2020/FCA/1530,[2020] FCA 1530,neutral,2020,FCA,1530,,,1,,,156 IPR 413,,TMM/Part34/7#1~2,TMM/Part34/7,Part34,Part 34 Defensive Trade Marks,Part 34.7. Evidence required for defensive applications,Part 34 Defensive Trade Marks > Part 34.7. Evidence required for defensive applications,2,828,1,https://manuals.ipaustralia.gov.au/trademark/7.-evidence-required-for-defensive-applications," the assumption the different goods/services were connected to the applicant? In Allergan Australia Pty Ltd v Self Care IP Holdings Pty Ltd [2020] FCA 1530; 156 IPR 413, Stewart J observed at [305] that ‘[…] s 185(1) requires connection between the goods and the registered proprietor of the mar"
CASE/2020/FCA/1808,[2020] FCA 1808,neutral,2020,FCA,1808,,,2,,,,,TMM/Part19A/2/2/2~2,TMM/Part19A/2,Part19A,Part 19A Use of a Trade Mark,19A.2. Use 'as a trade mark',"Part 19A Use of a Trade Mark > 19A.2. Use 'as a trade mark' > 2.2 Use as a domain name, key word, metatag, social media account name or handle",6,1452,1,https://manuals.ipaustralia.gov.au/trademark/19a2-use-as-a-trade-mark,"gn as an account name or handle on social media can also constitute ‘use as a trade mark’. In Goodman Fielder Pte Ltd v Conga Foods Pty Ltd [2020] FCA 1808, Burley J held at [324] that the use of the words LA FAMIGLIA RANA as the account name and @lafamigliarana as the handle on Facebook both c"
CASE/2020/FCA/1808,[2020] FCA 1808,neutral,2020,FCA,1808,,,2,,,,,TMM/Part22/7/22/7/2,TMM/Part22/7,Part22,Part 22 Section 41 - Capable of Distinguishing,22.7. Examination,Part 22 Section 41 - Capable of Distinguishing > 22.7. Examination > 22.7.2 Ordinary Signification,3,381,1,https://manuals.ipaustralia.gov.au/trademark/7.-examination,017] FCAFC 174. Bendigo and Adelaide Bank Ltd v Community First Credit Union Ltd [2021] FCAFC 31. Goodman Fielder Pte v Conga Foods Pty Ltd [2020] FCA 1808 [214]. Bohemia Crystal Pty Ltd v Host Corporation Pty Ltd [2018] FCA 235 [87]. Metro Business Centre Pty Ltd v Centrefold Entertainment Pty
CASE/2020/FCA/193,[2020] FCA 193,neutral,2020,FCA,193,,,1,,,,,TMM/Part26/6/6/2,TMM/Part26/6,Part26,Part 26 Section 44 and Regulation 4.15A - Conflict with Other Signs,26.6. Factors to consider when comparing trade marks,Part 26 Section 44 and Regulation 4.15A - Conflict with Other Signs > 26.6. Factors to consider when comparing trade marks > 6.2 Imperfect recollection,4,1731,1,https://manuals.ipaustralia.gov.au/trademark/6.-factors-to-consider-when-comparing-trade-marks,"that ALKA-SELTZER and ALKA-VESCENT were similar when used in relation to seltzer water; and In-N-Out Burgers, Inc v Hashtag Burgers Pty Ltd [2020] FCA 193 where it was held that IN-N-OUT BURGER was similar to DOWN/D#WN N’ OUT. This decision was upheld on appeal."
CASE/2020/FCA/82,[2020] FCA 82,neutral,2020,FCA,82,,,1,,,150 IPR 11,,TMM/Part19A/2/examples-where-use-as-a-trade-mark-not-found~2,TMM/Part19A/2,Part19A,Part 19A Use of a Trade Mark,19A.2. Use 'as a trade mark',Part 19A Use of a Trade Mark > 19A.2. Use 'as a trade mark' > 2.5 Illustrative examples > Examples where use as a trade mark not found,18,51,1,https://manuals.ipaustralia.gov.au/trademark/19a2-use-as-a-trade-mark,"In Urban Alley Brewery Pty Ltd v La Sirene Pty Ltd [2020] FCA 82; 150 IPR 11(confirmed on appeal [2020] FCAFC 186), the court held at 204 that the dominant use of ‘Urban Pale’ on a beer label was as a pro"
CASE/2020/FCAFC/186,[2020] FCAFC 186,neutral,2020,FCAFC,186,,,1,,,,,TMM/Part19A/2/examples-where-use-as-a-trade-mark-not-found~2,TMM/Part19A/2,Part19A,Part 19A Use of a Trade Mark,19A.2. Use 'as a trade mark',Part 19A Use of a Trade Mark > 19A.2. Use 'as a trade mark' > 2.5 Illustrative examples > Examples where use as a trade mark not found,18,97,1,https://manuals.ipaustralia.gov.au/trademark/19a2-use-as-a-trade-mark,"In Urban Alley Brewery Pty Ltd v La Sirene Pty Ltd [2020] FCA 82; 150 IPR 11(confirmed on appeal [2020] FCAFC 186), the court held at 204 that the dominant use of ‘Urban Pale’ on a beer label was as a product name descriptive of the nature and style of "
CASE/2020/FCAFC/65,[2020] FCAFC 65,neutral,2020,FCAFC,65,,,2,,,,,TMM/Part19A/6/6/2,TMM/Part19A/6,Part19A,Part 19A Use of a Trade Mark,"19A.6. Use by the trade mark owner, predecessor in title or an authorised user","Part 19A Use of a Trade Mark > 19A.6. Use by the trade mark owner, predecessor in title or an authorised user > 6.2 Use by a predecessor in title",3,591,1,https://manuals.ipaustralia.gov.au/trademark/6.-use-by-the-trade-mark-owner-predecessor-in-title-or-an-authorised-user,"by a business cannot be assigned separately to the underlying goodwill of that business (Kraft Foods Group Brands LLC v Bega Cheese Limited [2020] FCAFC 65). As such, any person wishing to rely on prior use of an unregistered trade mark by a predecessor in title must demonstrate they are the as"
CASE/2020/FCAFC/65,[2020] FCAFC 65,neutral,2020,FCAFC,65,,,2,,,,,TMM/Part23/3/3/1,TMM/Part23/3,Part23,Part 23 Overcoming Grounds for Rejection under Section 41 - including Evidence of Use,Part 23.3. Evidence of use - general requirements,Part 23 Overcoming Grounds for Rejection under Section 41 - including Evidence of Use > Part 23.3. Evidence of use - general requirements > 3.1 Who has used the trade mark?,2,1368,1,https://manuals.ipaustralia.gov.au/trademark/3.-evidence-of-use---general-requirements,"istered trade mark cannot be assigned without the goodwill of the business that used it (Kraft Foods Group Brands LLC v Bega Cheese Limited [2020] FCAFC 65, [122]). Authorised user An applicant can rely on their evidence of use or use by an authorised user. Authorised use requires some form of "
CASE/2021/ATMO/125,[2021] ATMO 125,neutral,2021,ATMO,125,,,1,,,,,TMM/Part19A/8#1~2,TMM/Part19A/8,Part19A,Part 19A Use of a Trade Mark,19A.8. Use of multiple trade marks,Part 19A Use of a Trade Mark > 19A.8. Use of multiple trade marks,2,745,1,https://manuals.ipaustralia.gov.au/trademark/8.-use-of-multiple-trade-marks,"or colour has been used as a trade mark given invariably there will also be more distinctive trade mark elements present. In PopSockets LLC [2021] ATMO 125, the Hearing Officer held that despite extensive use of the particular shape of the goods, that use was not use as a trade mark, taking int"
CASE/2021/ATMO/21,[2021] ATMO 21,neutral,2021,ATMO,21,,,1,,,,,TMM/Part26/4/4/3/4,TMM/Part26/4,Part26,Part 26 Section 44 and Regulation 4.15A - Conflict with Other Signs,26.4. Similarity of goods and services,Part 26 Section 44 and Regulation 4.15A - Conflict with Other Signs > 26.4. Similarity of goods and services > 4.3 Closely related goods and services > 4.3.4 Software vs a given service,13,455,1,https://manuals.ipaustralia.gov.au/trademark/4.-similarity-of-goods-and-services,"ed to such an extent that the line between where the goods end and the services begin has been blurred (Acorn Capital Ltd v Acorns Grow Inc [2021] ATMO 21). If research supports that consumers will expect a software application to share a trade source with the provider of the service itself, t"
CASE/2021/ATMO/36,[2021] ATMO 36,neutral,2021,ATMO,36,,,1,,,,,TMM/Part22/15/15/2,TMM/Part22/15,Part22,Part 22 Section 41 - Capable of Distinguishing,22.15. Geographical names,Part 22 Section 41 - Capable of Distinguishing > 22.15. Geographical names > 15.2 The likelihood that others will desire to use the geographical name,4,253,1,https://manuals.ipaustralia.gov.au/trademark/15.-geographical-names,to use a sign even if it may have a geographical significance. This was the hearing officer’s determination in R & R C Bond (Wholesale) Ltd [2021] ATMO 36: … the manufacture of car parts is a specialised undertaking. This type of manufacturing is typically carried out in established industrial
CASE/2021/ATMO/65,[2021] ATMO 65,neutral,2021,ATMO,65,,,1,,,,,TMM/Part23/2/2/5,TMM/Part23/2,Part23,Part 23 Overcoming Grounds for Rejection under Section 41 - including Evidence of Use,"Part 23.2. Legal arguments, amendments and informal information","Part 23 Overcoming Grounds for Rejection under Section 41 - including Evidence of Use > Part 23.2. Legal arguments, amendments and informal information > 2.5 Any other circumstances",7,1132,1,https://manuals.ipaustralia.gov.au/trademark/2.-submissions-in-rebuttal-amendments-and-informal-information,"on and capacity to distinguish in the market (see: Sports Warehouse, Inc v Fry Consulting Pty Ltd [2010] FCA 664, [133] and SJT Enterprises [2021] ATMO 65). Earlier registrations in Australia that reflect the ‘state of the register’, may be a relevant other circumstance. However, the weight gi"
CASE/2021/FCA/1014,[2021] FCA 1014,neutral,2021,FCA,1014,,,1,,,,,TMM/Part26/6/6/4~2,TMM/Part26/6,Part26,Part 26 Section 44 and Regulation 4.15A - Conflict with Other Signs,26.6. Factors to consider when comparing trade marks,Part 26 Section 44 and Regulation 4.15A - Conflict with Other Signs > 26.6. Factors to consider when comparing trade marks > 6.4 Trade marks that share the same or similar element,8,1926,1,https://manuals.ipaustralia.gov.au/trademark/6.-factors-to-consider-when-comparing-trade-marks, to consumers: In the Matter of John Fitton & Co Limited’s Application (1949) 66 RPC 110 (JESTS and EASYJEST) and Caterpillar Inc v Puma SE [2021] FCA 1014 (CAT and PROCAT). Examiners should carefully consider whether the additional element/s give rise to this risk in the context of the relevan
CASE/2021/FCA/1512,[2021] FCA 1512,neutral,2021,FCA,1512,,,2,Enagic Co Ltd v Horizons (Asia) Pty Ltd (No 3),https://jade.io/article/867484,,,TMM/Part26/4/4/3/1~4,TMM/Part26/4,Part26,Part 26 Section 44 and Regulation 4.15A - Conflict with Other Signs,26.4. Similarity of goods and services,"Part 26 Section 44 and Regulation 4.15A - Conflict with Other Signs > 26.4. Similarity of goods and services > 4.3 Closely related goods and services > 4.3.1 Retail, wholesale, and distribution services v goods",10,1103,1,https://manuals.ipaustralia.gov.au/trademark/4.-similarity-of-goods-and-services,"d v Ceramiche Caesar S.p.A. (No 2) [2018] FCA 1096 Tiles v retail and wholesale of tiles Yes Enagic Co Ltd v Horizons (Asia) Pty Ltd (No 3) [2021] FCA 1512 (‘Enagic') Sales, distribution (unqualified) v Electrolytic water generators Yes KANGEN WATER KANGEN Estee Lauder Cosmetics Limited v Warna"
CASE/2021/FCA/1512,[2021] FCA 1512,neutral,2021,FCA,1512,,,2,,,,,TMM/Part26/4/4/3~1,TMM/Part26/4,Part26,Part 26 Section 44 and Regulation 4.15A - Conflict with Other Signs,26.4. Similarity of goods and services,Part 26 Section 44 and Regulation 4.15A - Conflict with Other Signs > 26.4. Similarity of goods and services > 4.3 Closely related goods and services,4,1760,1,https://manuals.ipaustralia.gov.au/trademark/4.-similarity-of-goods-and-services,"rned, that the use of the applicant's marks would be likely to deceive or cause confusion In Enagic Co Ltd v Horizons (Asia) Pty Ltd (No 3) [2021] FCA 1512 (Enagic) Charlesworth J provided additional guidance on how the phrase closely related is to be interpreted at [33]:"
CASE/2021/FCA/328,[2021] FCA 328,neutral,2021,FCA,328,,,1,,,,,TMM/Part26/6/6/4~2,TMM/Part26/6,Part26,Part 26 Section 44 and Regulation 4.15A - Conflict with Other Signs,26.6. Factors to consider when comparing trade marks,Part 26 Section 44 and Regulation 4.15A - Conflict with Other Signs > 26.6. Factors to consider when comparing trade marks > 6.4 Trade marks that share the same or similar element,8,3566,1,https://manuals.ipaustralia.gov.au/trademark/6.-factors-to-consider-when-comparing-trade-marks,"ence of the word ‘House’ and the descriptive character of the words ‘BED & BATH’. In Swancom Pty Ltd v The Jazz Corner Hotel Pty Ltd (No 2) [2021] FCA 328 (at [239]) JAZZ CORNER HOTEL and CORNER HOTEL were considered not to be deceptively similar. Similarly, in The Agency Group Australia Limit"
CASE/2021/FCAFC/128,[2021] FCAFC 128,neutral,2021,FCAFC,128,,,1,,,,,TMM/Part19A/7#1,TMM/Part19A/7,Part19A,Part 19A Use of a Trade Mark,19A.7. Use of a trade mark with additions or alterations,Part 19A Use of a Trade Mark > 19A.7. Use of a trade mark with additions or alterations,1,1189,1,https://manuals.ipaustralia.gov.au/trademark/7.-use-of-a-trade-mark-with-additions-or-alterations," the differences and their impact upon the identity of the trade mark. See, for example, PDP Capital Pty Ltd v Grasshopper Ventures Pty Ltd [2021] FCAFC 128 at [162] in which their Honours, considering the two examples of the trade mark, determined that they were not substantially identical and "
CASE/2021/FCAFC/31,[2021] FCAFC 31,neutral,2021,FCAFC,31,,,4,,,,,TMM/Part22/7/22/7/2,TMM/Part22/7,Part22,Part 22 Section 41 - Capable of Distinguishing,22.7. Examination,Part 22 Section 41 - Capable of Distinguishing > 22.7. Examination > 22.7.2 Ordinary Signification,3,322,1,https://manuals.ipaustralia.gov.au/trademark/7.-examination,ry signification: Primary Health Care Ltd v Commonwealth [2017] FCAFC 174. Bendigo and Adelaide Bank Ltd v Community First Credit Union Ltd [2021] FCAFC 31. Goodman Fielder Pte v Conga Foods Pty Ltd [2020] FCA 1808 [214]. Bohemia Crystal Pty Ltd v Host Corporation Pty Ltd [2018] FCA 235 [87]. M
CASE/2021/FCAFC/31,[2021] FCAFC 31,neutral,2021,FCAFC,31,,,4,,,,,TMM/Part23/4/4/8~1,TMM/Part23/4,Part23,Part 23 Overcoming Grounds for Rejection under Section 41 - including Evidence of Use,Part 23.4. Examining evidence - general,Part 23 Overcoming Grounds for Rejection under Section 41 - including Evidence of Use > Part 23.4. Examining evidence - general > 4.8 What if the trade mark is always used alongside another trade mark?,14,1412,1,https://manuals.ipaustralia.gov.au/trademark/4.-examining-evidence---general,"e term as a brand if it is used with more distinctive elements. In Bendigo and Adelaide Bank Limited v Community First Credit Union Limited [2021] FCAFC 31, the Full Court discussed this type of circumstance at [159]: In the present case, to adopt the words of Kitto J in Shell, the words “commu"
CASE/2021/FCAFC/31,[2021] FCAFC 31,neutral,2021,FCAFC,31,,,4,,,,,TMM/Part23/5/5/1,TMM/Part23/5,Part23,Part 23 Overcoming Grounds for Rejection under Section 41 - including Evidence of Use,Part 23.5. Specific evidence requirements for trade marks with no inherent adaptation to distinguish,Part 23 Overcoming Grounds for Rejection under Section 41 - including Evidence of Use > Part 23.5. Specific evidence requirements for trade marks with no inherent adaptation to distinguish > 5.1 What kind of trade marks are these?,2,1188,1,https://manuals.ipaustralia.gov.au/trademark/5.-specific-evidence-requirements-for-trade-marks-with-no-inherent-adaptation-to-distinguish,ry Health Care Ltd v Commonwealth [2017] FCAFC 174 ('Primary Health Care') Bendigo and Adelaide Bank Ltd v Community First Credit Union Ltd [2021] FCAFC 31 ('Community Bank')
CASE/2021/FCAFC/31,[2021] FCAFC 31,neutral,2021,FCAFC,31,,,4,,,,,TMM/Part28/4#1,TMM/Part28/4,Part28,"Part 28 Honest Concurrent Use, Prior Use or Other Circumstances",28.4. Other circumstances - paragraph 44(3)(b),"Part 28 Honest Concurrent Use, Prior Use or Other Circumstances > 28.4. Other circumstances - paragraph 44(3)(b)",1,921,1,https://manuals.ipaustralia.gov.au/trademark/4.-other-circumstances---paragraph-443b,"e ordinary rules so that justice may be done to the applicant’. In Bendigo and Adelaide Bank Limited v Community First Credit Union Limited [2021] FCAFC 31, Middleton and Burley JJ at [226] referred to the term ‘other circumstances’ as being ‘enigmatic’, which highlights the unconstrained natur"
CASE/2021/FCAFC/8,[2021] FCAFC 8,neutral,2021,FCAFC,8,,,1,,,,,TMM/Part26/6/6/1~1,TMM/Part26/6,Part26,Part 26 Section 44 and Regulation 4.15A - Conflict with Other Signs,26.6. Factors to consider when comparing trade marks,Part 26 Section 44 and Regulation 4.15A - Conflict with Other Signs > 26.6. Factors to consider when comparing trade marks > 6.1 Sound as well as appearance to be considered,2,1804,1,https://manuals.ipaustralia.gov.au/trademark/6.-factors-to-consider-when-comparing-trade-marks,"60 where it was held that CLIPSAL and CLIPSO were deceptively similar; Combe International Ltd v Dr August Wolff GmbH & Co. KG Arzneimittel [2021] FCAFC 8 (‘Vagisil’) where it was held that VAGISAN and VAGISIL were deceptively similar; However, the findings of the above cases should be conside"
CASE/2022/ATMO/37,[2022] ATMO 37,neutral,2022,ATMO,37,,,1,,,,,TMM/Part22/15/15/1~1,TMM/Part22/15,Part22,Part 22 Section 41 - Capable of Distinguishing,22.15. Geographical names,Part 22 Section 41 - Capable of Distinguishing > 22.15. Geographical names > 15.1 Is a geographical name always the ordinary signification of a sign?,2,1296,1,https://manuals.ipaustralia.gov.au/trademark/15.-geographical-names, signification of a sign is not a geographical name even if the sign is in fact a geographical name. In Colliers International (WA) Pty Ltd [2022] ATMO 37 the hearing officer determined that Cygnet West did not have an ordinary signification of a geographical name for the following reasons:
CASE/2022/FCA/464,[2022] FCA 464,neutral,2022,FCA,464,,,1,,,,,TMM/Part19A/2/2/1,TMM/Part19A/2,Part19A,Part 19A Use of a Trade Mark,19A.2. Use 'as a trade mark',Part 19A Use of a Trade Mark > 19A.2. Use 'as a trade mark' > 2.1 Aural use,4,494,1,https://manuals.ipaustralia.gov.au/trademark/19a2-use-as-a-trade-mark," the Federal Court to constitute sufficient evidence of use as a trade mark - Rakman International Pty Limited v Boss Fire & Safety Pty Ltd [2022] FCA 464 at [571] (‘Rakman’). However, in the same case, Yates J confirmed that caution must be exercised in accepting such evidence, and rejected o"
CASE/2023/ATMO/213,[2023] ATMO 213,neutral,2023,ATMO,213,,,1,,,,,TMM/Part32B/2/4/2/4/3~1,TMM/Part32B/2/4,Part32B,Part 32B Examination of Trade Marks for Wines (in Class 33),32B.2.4 Section 44: Comparison of Trade Marks,Part 32B Examination of Trade Marks for Wines (in Class 33) > 32B.2.4 Section 44: Comparison of Trade Marks > 2.4.3 Similarity of goods between class 33 and class 32,6,1907,1,https://manuals.ipaustralia.gov.au/trademark/2.4-section-44--comparison-of-trade-marks,"f whether consumers might see the goods as having the same trade origin”. In Frucor Suntory New Zealand Limited v Bickfords Trading Pty Ltd [2023] ATMO 213, the Delegate provided comments on the similarity of alcoholic beverages and its non-alcoholic counterparts: I am satisfied, that alcoholic"
CASE/2023/ATMO/4,[2023] ATMO 4,neutral,2023,ATMO,4,,,1,Discovery Holiday Parks Pty Ltd v G'day Baby Pty Ltd,https://jade.io/article/967265,,,TMM/Part26/4/4/3/1~4,TMM/Part26/4,Part26,Part 26 Section 44 and Regulation 4.15A - Conflict with Other Signs,26.4. Similarity of goods and services,"Part 26 Section 44 and Regulation 4.15A - Conflict with Other Signs > 26.4. Similarity of goods and services > 4.3 Closely related goods and services > 4.3.1 Retail, wholesale, and distribution services v goods",10,2967,1,https://manuals.ipaustralia.gov.au/trademark/4.-similarity-of-goods-and-services,"Ltd (1988) 90 FLR 398; Confectionery v restaurant, take-away, retail food services Yes Discovery Holiday Parks Pty Ltd v G'day Baby Pty Ltd [2023] ATMO 4 Clothing and accessories for children and babies v retail and wholesale of clothing Mosquito nets v retailing and wholesaling of campers re"
CASE/2023/ATMO/58,[2023] ATMO 58,neutral,2023,ATMO,58,,,1,Richard McDonnell & Beaumont Management Services Pty Ltd v Karl Dawson,https://jade.io/article/1032429,,,TMM/Part26/4/4/3/1~4,TMM/Part26/4,Part26,Part 26 Section 44 and Regulation 4.15A - Conflict with Other Signs,26.4. Similarity of goods and services,"Part 26 Section 44 and Regulation 4.15A - Conflict with Other Signs > 26.4. Similarity of goods and services > 4.3 Closely related goods and services > 4.3.1 Retail, wholesale, and distribution services v goods",10,4668,1,https://manuals.ipaustralia.gov.au/trademark/4.-similarity-of-goods-and-services,"ng; footwear; headwear; shirts; T-shirts v merchandising services No Richard McDonnell & Beaumont Management Services Pty Ltd v Karl Dawson [2023] ATMO 58 Toys, including soft toys puppets, games, playthings and all other goods in this class v Wholesaling and retailing of toys, books, CD's and"
CASE/2023/ATMO/6,[2023] ATMO 6,neutral,2023,ATMO,6,,,1,,,,,TMM/Part28/4/28/4/3~2,TMM/Part28/4,Part28,"Part 28 Honest Concurrent Use, Prior Use or Other Circumstances",28.4. Other circumstances - paragraph 44(3)(b),"Part 28 Honest Concurrent Use, Prior Use or Other Circumstances > 28.4. Other circumstances - paragraph 44(3)(b) > 28.4.3 Relevant circumstances?",5,1151,1,https://manuals.ipaustralia.gov.au/trademark/4.-other-circumstances---paragraph-443b,acceptance on the basis of other circumstances pursuant to s 44(3)(b). (see also O'Brien Boiler Services Pty Ltd v O'Brien Glass Industries [2023] ATMO 6).
CASE/2023/FCA/482,[2023] FCA 482,neutral,2023,FCA,482,,,1,,,,,TMM/Part26/6/6/4~2,TMM/Part26/6,Part26,Part 26 Section 44 and Regulation 4.15A - Conflict with Other Signs,26.6. Factors to consider when comparing trade marks,Part 26 Section 44 and Regulation 4.15A - Conflict with Other Signs > 26.6. Factors to consider when comparing trade marks > 6.4 Trade marks that share the same or similar element,8,3752,1,https://manuals.ipaustralia.gov.au/trademark/6.-factors-to-consider-when-comparing-trade-marks,"d CORNER HOTEL were considered not to be deceptively similar. Similarly, in The Agency Group Australia Limited v H.A.S. Real Estate Pty Ltd [2023] FCA 482, THE AGENCY (stylised) and THE NORTH AGENCY were not considered deceptively similar for real estate services, Jackman J finding (at [72]) t"
CASE/2023/FCA/487,[2023] FCA 487,neutral,2023,FCA,487,,,2,Ragopika Pty Ltd v Padmasingh Isaac trading as Aachi Spices and Foods,https://jade.io/article/1009931,,,TMM/Part26/4/4/3/1~4,TMM/Part26/4,Part26,Part 26 Section 44 and Regulation 4.15A - Conflict with Other Signs,26.4. Similarity of goods and services,"Part 26 Section 44 and Regulation 4.15A - Conflict with Other Signs > 26.4. Similarity of goods and services > 4.3 Closely related goods and services > 4.3.1 Retail, wholesale, and distribution services v goods",10,4323,1,https://manuals.ipaustralia.gov.au/trademark/4.-similarity-of-goods-and-services,ling of goods (by any means); Wholesaling of goods (by any means) Yes Ragopika Pty Ltd v Padmasingh Isaac trading as Aachi Spices and Foods [2023] FCA 487 (‘Ragopika') Various food goods in classes 29 and 30 v Restaurant services; fast food outlet No AACHI AACHI INDIAN CUISINE Qantas Airways L
CASE/2023/FCA/487,[2023] FCA 487,neutral,2023,FCA,487,,,2,,,,,TMM/Part26/4/4/3~3,TMM/Part26/4,Part26,Part 26 Section 44 and Regulation 4.15A - Conflict with Other Signs,26.4. Similarity of goods and services,Part 26 Section 44 and Regulation 4.15A - Conflict with Other Signs > 26.4. Similarity of goods and services > 4.3 Closely related goods and services,6,1364,1,https://manuals.ipaustralia.gov.au/trademark/4.-similarity-of-goods-and-services,n evaluative exercise whose outcome is likely to depend on evidence. (Ragopika Pty Ltd v Padmasingh Isaac trading as Aachi Spices and Foods [2023] FCA 487 (‘Ragopika') )
CASE/2023/FCAFC/44,[2023] FCAFC 44,neutral,2023,FCAFC,44,,,4,,,,,TMM/Part19A/4/4/4,TMM/Part19A/4,Part19A,Part 19A Use of a Trade Mark,19A.4. Australian Use,Part 19A Use of a Trade Mark > 19A.4. Australian Use > 4.4 Use of a trade mark on the internet and social media,5,765,1,https://manuals.ipaustralia.gov.au/trademark/4.-australian-use,rk is downloaded. The decision of Merkel J was also cited with approval by the Full Court in Energy Beverages LLC v Cantarella Bros Pty Ltd [2023] FCAFC 44 at [76].
CASE/2023/FCAFC/44,[2023] FCAFC 44,neutral,2023,FCAFC,44,,,4,,,,,TMM/Part26/4#1,TMM/Part26/4,Part26,Part 26 Section 44 and Regulation 4.15A - Conflict with Other Signs,26.4. Similarity of goods and services,Part 26 Section 44 and Regulation 4.15A - Conflict with Other Signs > 26.4. Similarity of goods and services,1,522,1,https://manuals.ipaustralia.gov.au/trademark/4.-similarity-of-goods-and-services,"the determining factor in considering the similarity of goods or services. The Full Court in Energy Beverages LLC v Cantarella Bros Pty Ltd [2023] FCAFC 44, in considering whether ‘non-alcoholic beverages’ in Class 32 encompassed coffee in Class 30. The court held at [132]: Although for adminis"
CASE/2023/FCAFC/44,[2023] FCAFC 44,neutral,2023,FCAFC,44,,,4,,,,,TMM/Part26/6/6/4~2,TMM/Part26/6,Part26,Part 26 Section 44 and Regulation 4.15A - Conflict with Other Signs,26.6. Factors to consider when comparing trade marks,Part 26 Section 44 and Regulation 4.15A - Conflict with Other Signs > 26.6. Factors to consider when comparing trade marks > 6.4 Trade marks that share the same or similar element,8,285,1,https://manuals.ipaustralia.gov.au/trademark/6.-factors-to-consider-when-comparing-trade-marks,"y as an essential feature of the trade marks (Bulova Accutron Trade Mark [1969] RPC 102). In Energy Beverages LLC v Cantarella Bros Pty Ltd [2023] FCAFC 44 at [167-171], the court held that MOTHER and MOTHERSKY were deceptively similar. In doing so, the Court took into account the fact the word"
CASE/2023/FCAFC/44,[2023] FCAFC 44,neutral,2023,FCAFC,44,,,4,,,,,TMM/Part28/4/28/4/1,TMM/Part28/4,Part28,"Part 28 Honest Concurrent Use, Prior Use or Other Circumstances",28.4. Other circumstances - paragraph 44(3)(b),"Part 28 Honest Concurrent Use, Prior Use or Other Circumstances > 28.4. Other circumstances - paragraph 44(3)(b) > 28.4.1 The relevant date",2,392,1,https://manuals.ipaustralia.gov.au/trademark/4.-other-circumstances---paragraph-443b," 44(3)(b) applies is the time at which the discretion is exercised (See Trident at [83]). In Energy Beverages LLC v Cantarella Bros Pty Ltd [2023] FCAFC 44 at [176], the Full Court suggested that where s 44(1) or (2) was made out, but where an earlier decision had been made that the ‘blocking’ "
CASE/2023/FCAFC/62,[2023] FCAFC 62,neutral,2023,FCAFC,62,,,1,,,,,TMM/Part19A/2/2/2~3,TMM/Part19A/2,Part19A,Part 19A Use of a Trade Mark,19A.2. Use 'as a trade mark',"Part 19A Use of a Trade Mark > 19A.2. Use 'as a trade mark' > 2.2 Use as a domain name, key word, metatag, social media account name or handle",7,101,1,https://manuals.ipaustralia.gov.au/trademark/19a2-use-as-a-trade-mark,"Using similar analysis, the Full Federal Court in Henley Constructions Pty Ltd v Henley Arch Pty Ltd [2023] FCAFC 62 allowed Henley Properties’ cross-appeal and held that the phoneword 1300HENLEY was used as a trade mark. At [297], the Full Court said: Whi"
CASE/2023/HCA/8,[2023] HCA 8,neutral,2023,HCA,8,,,2,,,,,TMM/Part19A/1#1,TMM/Part19A/1,Part19A,Part 19A Use of a Trade Mark,19A.1. Use of a trade mark generally,Part 19A Use of a Trade Mark > 19A.1. Use of a trade mark generally,1,1071,1,https://manuals.ipaustralia.gov.au/trademark/1.-use-of-a-trade-mark-generally,"rmining when a trade mark has been used. The joint judgment of the High Court in Self Care IP Holdings Pty Ltd v Allergan Australia Pty Ltd [2023] HCA 8 at [23] (‘Self Care’) succinctly summarised the concept of ‘use of a trade mark’, citing the existing authorities: Use of a trade mark in r"
CASE/2023/HCA/8,[2023] HCA 8,neutral,2023,HCA,8,,,2,,,,,TMM/Part26/6/6/5~1,TMM/Part26/6,Part26,Part 26 Section 44 and Regulation 4.15A - Conflict with Other Signs,26.6. Factors to consider when comparing trade marks,Part 26 Section 44 and Regulation 4.15A - Conflict with Other Signs > 26.6. Factors to consider when comparing trade marks > 6.5 Reputation or notoriety of a mark,10,350,1,https://manuals.ipaustralia.gov.au/trademark/6.-factors-to-consider-when-comparing-trade-marks,"ir particulars and the uses to which the marks might be properly put. In Self Care IP Holdings Pty Ltd v Allergan Australia Pty Ltd(Protox) [2023] HCA 8 the High Court said [at 36]: In support of those contentions, the amicae principally relied on three authorities that considered the issue "
CASE/2024/FCA/1277,[2024] FCA 1277,neutral,2024,FCA,1277,,,2,,,,,TMM/Part21/3/3/2,TMM/Part21/3,Part21,Part 21 Non-traditional Signs,21.3. Shape (three-dimensional) trade marks,Part 21 Non-traditional Signs > 21.3. Shape (three-dimensional) trade marks > 3.2 Shapes may be capable of distinguishing,3,1175,1,https://manuals.ipaustralia.gov.au/trademark/3.-shape-three-dimensional-trade-marks,"shape, whether that be entirely generic or functional for the goods and services. In Koninklijke Douwe Egberts BV v Cantarella Bros Pty Ltd [2024] FCA 1277, Wheelahan J said (at [255]): Just as words, such as epithets or words of description or quality, may have functional purposes which render"
CASE/2024/FCA/1277,[2024] FCA 1277,neutral,2024,FCA,1277,,,2,,,,,TMM/Part21/3/3/4~3,TMM/Part21/3,Part21,Part 21 Non-traditional Signs,21.3. Shape (three-dimensional) trade marks,Part 21 Non-traditional Signs > 21.3. Shape (three-dimensional) trade marks > 3.4 Shapes and functionality,7,58,1,https://manuals.ipaustralia.gov.au/trademark/3.-shape-three-dimensional-trade-marks,"In Koninklijke Douwe Egberts BV v Cantarella Bros Pty Ltd [2024] FCA 1277, the shape of a coffee jar was found not to be inherently adapted to distinguish because it was primarily functional, and the features that"
CASE/2024/FCAFC/10,[2024] FCAFC 10,neutral,2024,FCAFC,10,,,1,,,,,TMM/Part19A/2/examples-where-use-as-a-trade-mark-found~3,TMM/Part19A/2,Part19A,Part 19A Use of a Trade Mark,19A.2. Use 'as a trade mark',Part 19A Use of a Trade Mark > 19A.2. Use 'as a trade mark' > 2.5 Illustrative examples > Examples where use as a trade mark found,15,555,1,https://manuals.ipaustralia.gov.au/trademark/19a2-use-as-a-trade-mark," stations and the aural reference to the colours in advertisements by BP. In RB (Hygiene Home) Australia Pty Ltd v Henkel Australia Pty Ltd [2024] FCAFC 10 at [93], the following trade mark (‘the 914 mark’) was the subject of discussion: Use of this trade mark was contemplated in the context of"
CASE/2024/FCAFC/156,[2024] FCAFC 156,neutral,2024,FCAFC,156,,,1,,,,,TMM/Part26/6/6/4~2,TMM/Part26/6,Part26,Part 26 Section 44 and Regulation 4.15A - Conflict with Other Signs,26.6. Factors to consider when comparing trade marks,Part 26 Section 44 and Regulation 4.15A - Conflict with Other Signs > 26.6. Factors to consider when comparing trade marks > 6.4 Trade marks that share the same or similar element,8,5298,1,https://manuals.ipaustralia.gov.au/trademark/6.-factors-to-consider-when-comparing-trade-marks,"such as where descriptive adjectives follow nouns to indicate a variant or sub-brand: Caporaso Pty Ltd v Mercato Centrale Australia Pty Ltd [2024] FCAFC 156 at [155]-[157]. In the Mercato Centrale decision, the Full Court found that the plain words MERCATO CENTRALE and IL MERCATO CENTRALE were d"
CASE/2025/ATMO/164,[2025] ATMO 164,neutral,2025,ATMO,164,,,1,,,,,TMM/Part30/2/2/10,TMM/Part30/2,Part30,Part 30 Signs that are Scandalous and Use Contrary to Law,30.2. Scandalous signs,Part 30 Signs that are Scandalous and Use Contrary to Law > 30.2. Scandalous signs > 2.10 Is it scandalous or just in bad taste?,11,854,1,https://manuals.ipaustralia.gov.au/trademark/2.-scandalous-signs,"ontroversial topics or illegality will not necessarily cross the threshold from being in bad taste to being scandalous. In VOLSTEAD PTY LTD [2025] ATMO 164 the Hearing Officer found that the trade mark PINGERS in respect of Spirits (beverages) in Class 33 was in bad taste, but not scandalous. I"
CASE/2025/ATMO/227,[2025] ATMO 227,neutral,2025,ATMO,227,,,1,,,,,TMM/Part13/2#1~1,TMM/Part13/2,Part13,Part 13 Application to Register a Series of Trade Marks,13.2. Material Particulars,Part 13 Application to Register a Series of Trade Marks > 13.2. Material Particulars,1,858,1,https://manuals.ipaustralia.gov.au/trademark/2.-material-particulars," essential and non-trivial and which is also that portion of the trade mark likely to be recalled as being a trade mark”. In Tawfek Mahmoud [2025] ATMO 227, the Delegate said (at [23]): The Applicant’s submissions appear to be based on the premise that as long as each of the marks share some (e"
CASE/2025/ATMO/236,[2025] ATMO 236,neutral,2025,ATMO,236,,,1,,,,,TMM/Part34/7#1~3,TMM/Part34/7,Part34,Part 34 Defensive Trade Marks,Part 34.7. Evidence required for defensive applications,Part 34 Defensive Trade Marks > Part 34.7. Evidence required for defensive applications,3,1011,1,https://manuals.ipaustralia.gov.au/trademark/7.-evidence-required-for-defensive-applications,"at it was unlikely that another trader would have any legitimate need to use the word “VIAGRA” as a trade mark. In The Gillette Company LLC [2025] ATMO 236, the Registrar’s delegate found that the use of GILLETTE, mainly in relation to personal care products, was sufficient to allow registratio"
CASE/2026/HCA/16,[2026] HCA 16,neutral,2026,HCA,16,,,1,,,,,TMM/Part28/2#1,TMM/Part28/2,Part28,"Part 28 Honest Concurrent Use, Prior Use or Other Circumstances",28.2. Honest concurrent use - para 44(3)(a),"Part 28 Honest Concurrent Use, Prior Use or Other Circumstances > 28.2. Honest concurrent use - para 44(3)(a)",1,1954,1,https://manuals.ipaustralia.gov.au/trademark/2.-honest-concurrent-use---paragraph-443a,"ant date for determining honest concurrent use under para 44(3)(a) is the filing date of the application (Zip Co Limited v Firstmac Limited [2026] HCA 16, [56] (‘Zip Co’). However, evidence of events (such as confusion in the marketplace) occurring after that date may assist in determining th"
CASE/2026/HCA/5,[2026] HCA 5,neutral,2026,HCA,5,,,1,,,,,TMM/Part46/4/4/5/1,TMM/Part46/4,Part46,Part 46 Grounds for Opposition to Registration or Protection,Part 46.4. Grounds for opposition to registration of national trade marks,Part 46 Grounds for Opposition to Registration or Protection > Part 46.4. Grounds for opposition to registration of national trade marks > 4.5.1 Reputation,9,1262,1,https://manuals.ipaustralia.gov.au/trademark/4.-grounds-for-opposition-to-registration-of-national-trade-marks, Pty Ltd v Sports Warehouse Inc (No 2) [2012] FCA 81) and must be in respect of particular goods and/or services (Taylor v Killer Queen LLC [2026] HCA 5).
